x,y,temperature,precipitation,genetic_diversity
1,1,-0.24588105666391843,-0.7357718943440394,0.6837849971666905
2,1,-0.21813215512003178,-0.7412026805868368,0.7078209504134094
3,1,-0.1820243429613184,-0.7369776583167607,0.719748623493805
4,1,-0.13783577111349735,-0.7246191650203845,0.7113718475967233
5,1,-0.08640105371210607,-0.7057779873069717,0.6905578061632764
6,1,-0.028629294795564916,-0.682589622738311,0.6635662677092731
7,1,0.034547959021416844,-0.6571696003692302,0.6259217467154172
8,1,0.10174737091184116,-0.6316810412779378,0.6025050412148979
9,1,0.17195573424981325,-0.6075613979813769,0.5812295807247273
10,1,0.24387620121230413,-0.5860124413281917,0.5696468891635406
11,1,0.31628693693229065,-0.5677883059541655,0.5618846562374639
12,1,0.3882218013462941,-0.5531822673597185,0.565680697301993
13,1,0.4588156444135181,-0.5421234690812006,0.5729067070748131
14,1,0.5273034506898485,-0.5340037674138997,0.5910207801975824
15,1,0.5930881965153842,-0.5282560276330263,0.6103517775753944
16,1,0.6558258655073255,-0.5236196388976244,0.633476004695685
17,1,0.7157010109478804,-0.5186613829390843,0.6706455297322979
18,1,0.77279498370627,-0.5115018225442424,0.6979405450117543
19,1,0.8275808139751043,-0.5000020960576147,0.7240155578574323
20,1,0.8806725022377536,-0.4821922454111286,0.7558056994702792
21,1,0.933052260750931,-0.4559091929286973,0.7843146888180428
22,1,0.985486543215033,-0.41943405266104955,0.8002837011977543
23,1,1.038875333857498,-0.3710939215308425,0.7978963126134208
24,1,1.0943157993036976,-0.31065405950342295,0.7965683456384357
25,1,1.15287419430696,-0.23796311138886891,0.777633783015646
26,1,1.214995639380679,-0.1540616938252438,0.7468060101496978
27,1,1.281339661069111,-0.06064418106876542,0.7078037881872994
28,1,1.3522272854991775,0.03982054563968307,0.6624959981577596
29,1,1.427721649241539,0.1446686748589584,0.6058868973758047
30,1,1.5071730091449242,0.2508708132602312,0.5612710407409474
31,1,1.5898687857513683,0.35531987643985824,0.5028161548303357
32,1,1.6746410920915058,0.45561720163216907,0.46164874936749145
33,1,1.7601068484280942,0.5492367205783736,0.4230182632988739
34,1,1.8444325470037093,0.6349545575054626,0.3888858969836166
35,1,1.925652569577842,0.7113787539029365,0.367195773902676
36,1,2.0015916615810543,0.7776672990971025,0.34638437157902396
37,1,2.069884417194121,0.8337929880187674,0.33867097806921476
38,1,2.1283118830816417,0.8798417861516902,0.33334936820939726
39,1,2.1748344151928256,0.9159413232799233,0.3378398180103317
40,1,2.2074083973282557,0.9429419327107302,0.3449370137274654
41,1,2.224308769549629,0.9616203078368241,0.3543608179587889
42,1,2.2243898217722005,0.9729562392230697,0.3630102761044968
43,1,2.2068540514891746,0.9778741724923924,0.3796639011414695
44,1,2.1713233345837595,0.9773059339926159,0.3872333842076648
45,1,2.1179010976892365,0.9717776771007294,0.40774295499871954
46,1,2.0473845504271835,0.9616079193536244,0.4095879389545916
47,1,1.960778848252729,0.9465791045103686,0.41239901139019963
48,1,1.8596957878820872,0.9261887666617993,0.4104344898783966
49,1,1.7463244379201983,0.8989376788045259,0.41044923593129196
50,1,1.6228595923067068,0.8632871480596451,0.4127655202247018
51,1,1.492005892829677,0.8173675671927939,0.40412141144422414
52,1,1.3564766703198927,0.7593741677914523,0.405325272714726
53,1,1.2192002435681515,0.6876490458307911,0.4157796055854957
54,1,1.0831280495771367,0.6008481607001813,0.43611000763184904
55,1,0.951092252715432,0.4987710896477203,0.4553989677431248
56,1,0.8258091001643512,0.38169681990705445,0.49648581692360283
57,1,0.709835794989649,0.2511861080363215,0.5401930752991135
58,1,0.6054737892438834,0.10978258310937476,0.597509686641114
59,1,0.5144194219181473,-0.03935820546402647,0.6598664959168823
60,1,0.43842849351835617,-0.1923971339662362,0.7202817429656951
61,1,0.3785615259787584,-0.34504920839584297,0.7778464669863054
62,1,0.33582063983801785,-0.49340923267223846,0.8375428804081868
63,1,0.3103804068485919,-0.6336938452304518,0.8778548892333787
64,1,0.3021674903821072,-0.7634453186479926,0.8996966776753126
65,1,0.3108609957531423,-0.8807237079034996,0.9163296746357175
66,1,0.335674761114661,-0.9848984856015345,0.9196666824889341
67,1,0.37533716954959795,-1.076287267568256,0.9059000631939205
68,1,0.42862618452644874,-1.155771061841219,0.892028524052776
69,1,0.49377354209412955,-1.2247787092816254,0.8760096308269335
70,1,0.5689940234708849,-1.284786464955889,0.8627864424315063
71,1,0.6522027783430788,-1.3370243340756651,0.8469412318706635
72,1,0.7416056897830702,-1.3820924271052117,0.8382981009025553
73,1,0.83506899969928,-1.4202465317286361,0.8337360243933528
74,1,0.9305699455982636,-1.4511718727555714,0.8364432211452005
75,1,1.0263044230678946,-1.4740856911152453,0.830712717783224
76,1,1.1206214657121363,-1.488018206172559,0.8321821511011219
77,1,1.2120871621147475,-1.4921853371733136,0.8204543302650205
78,1,1.299361183377441,-1.4860197698259194,0.8143984534573853
79,1,1.3816916388146736,-1.4693227229763421,0.800264925937759
80,1,1.4582774301077992,-1.44236836185572,0.7690572917476233
81,1,1.5289280391392894,-1.4061960177815211,0.7322347212766646
82,1,1.5935309129105242,-1.3628753700783773,0.692875758247145
83,1,1.652299387665539,-1.3141953003542777,0.6451187304856627
84,1,1.7058755209920105,-1.2632093877462156,0.5955025160915988
85,1,1.7547190189012565,-1.2126917075951593,0.5426929205798455
86,1,1.7998038407790125,-1.1661680006040926,0.49148357102607537
87,1,1.841989006063199,-1.126652795548453,0.4602794384135154
88,1,1.8821980859939558,-1.0964752338140107,0.43664149488157344
89,1,1.9215935750757056,-1.0775960555264135,0.41482399322473373
90,1,1.960731764423562,-1.0711978928566626,0.42351588024048836
91,1,2.0005716867117482,-1.0770659385484356,0.4379599216014605
92,1,2.0416178435672694,-1.0938512102619278,0.4725808612643847
93,1,2.084246653929271,-1.1198158960804252,0.5147249190085986
94,1,2.128657855155754,-1.15192194834591,0.5623082875973877
95,1,2.1749292345431863,-1.1871713767962115,0.6085184607378507
96,1,2.222896141385671,-1.22238476171358,0.6545177214952309
97,1,2.2720950435486773,-1.2550844684783202,0.6931135131183572
98,1,2.3219733758772327,-1.283435366284922,0.7221670305037662
99,1,2.371891321967382,-1.3065535213460124,0.7322462226116854
100,1,2.4210352001128568,-1.3245998005716855,0.737554461159315
101,1,2.468908146318762,-1.3385182849684398,0.7254710590660877
102,1,2.5145682782748864,-1.3500285124327296,0.7211536244233597
103,1,2.5574517122728,-1.3608289986328788,0.7108998290316108
104,1,2.5972386488311754,-1.3727059984127246,0.7106989386442295
105,1,2.633219160388607,-1.386764263417502,0.7025903974421541
106,1,2.6652958698600315,-1.4033235431317745,0.7133417371162815
107,1,2.693312857898136,-1.4222619413257263,0.7234242440099342
108,1,2.717426261737371,-1.4417170722183785,0.7450493884539473
109,1,2.737752065231796,-1.4598625531055172,0.7671166180964684
110,1,2.754702563869381,-1.4742260880968123,0.7769351442441973
111,1,2.7689275721687197,-1.4827575587108857,0.7854315991734623
112,1,2.7809959686036154,-1.4837186335171302,0.7731996801975216
113,1,2.791459541245887,-1.4763043705619991,0.7488002998267536
114,1,2.8008860425445303,-1.461152681672421,0.7140274414649164
115,1,2.810203631531819,-1.440024718471225,0.6680840862728096
116,1,2.8199607747724844,-1.4159667621236638,0.6128822761708276
117,1,2.8307801955835252,-1.392629313528343,0.5655818151750928
118,1,2.8431393789087998,-1.3741185394193565,0.5207559944425031
119,1,2.857416316745957,-1.3638871089013629,0.5091902905403504
120,1,2.8739679244209504,-1.3648021331207758,0.5218620277278868
1,2,-0.27307853675560834,-0.71296932025437,0.6427389491553569
2,2,-0.24526140703388247,-0.7186464399986219,0.6672224357151552
3,2,-0.20901961242856862,-0.7148902288650616,0.672181471649708
4,2,-0.16463632943286255,-0.7031766003365894,0.6689019894329727
5,2,-0.11295219154449644,-0.685098185641945,0.6426331765096827
6,2,-0.054885456295172406,-0.662724801325931,0.6146012566834296
7,2,0.00862285948367813,-0.6381075538337369,0.5882144290304259
8,2,0.07617845928728173,-0.6133509132419174,0.5622619961360664
9,2,0.14675773615143653,-0.5898508175626647,0.5416729941927073
10,2,0.21905202582433747,-0.5687839598519758,0.5351890826632353
11,2,0.2918289341719103,-0.5508973643776386,0.5248907927310945
12,2,0.3641113586490836,-0.536492388914383,0.5240986810091175
13,2,0.43502502629996326,-0.5255205790387942,0.5350010124336915
14,2,0.5037959534873924,-0.5174035339749077,0.5487943804783879
15,2,0.5698229749763832,-0.511610600370942,0.5671006315605872
16,2,0.6327549389732695,-0.5069172287061312,0.5956521569499114
17,2,0.692772210292102,-0.5019251314546399,0.6183736243327301
18,2,0.7499531229015842,-0.4947873784964052,0.6602184859820355
19,2,0.804768297348515,-0.48339342270554564,0.6886857925188755
20,2,0.8578309012923481,-0.46579262340324074,0.7144441645901887
21,2,0.9101221233224203,-0.4398382672056288,0.7434092172227085
22,2,0.9624075904383278,-0.4038222341159987,0.7546775876661739
23,2,1.0155881248814258,-0.35607948435841136,0.7670303893009559
24,2,1.0707616053240738,-0.296373589414226,0.759117580052074
25,2,1.1289955032133319,-0.22455430344833757,0.7377112653782083
26,2,1.1907362045091312,-0.1416533052726372,0.7134112890355734
27,2,1.2566470441088875,-0.0493538755892472,0.6657260798574641
28,2,1.3270517939239568,0.04989131324034882,0.6219905523435234
29,2,1.4020178128798233,0.15344062871576164,0.580551111835712
30,2,1.480904394314588,0.2582901506315417,0.5258179536639519
31,2,1.5630062152857234,0.361362842719419,0.47656057422272124
32,2,1.6471657540334348,0.46029275674050585,0.43263144141381893
33,2,1.7320093979600308,0.5525883997098187,0.3999703565314303
34,2,1.8157165932382555,0.6370551988974965,0.3530194377063457
35,2,1.8963350885273573,0.7123323812559162,0.3391879215148732
36,2,1.97170382146121,0.7776054117961712,0.3172286345749201
37,2,2.0394722566704693,0.8328730531137325,0.3094299964083493
38,2,2.0974347528642965,0.8782421282330306,0.30776732335751406
39,2,2.143562046353092,0.9138649342459451,0.3134022370082075
40,2,2.1758239945850897,0.9406145544093981,0.31354124686403634
41,2,2.1925025727036016,0.9592884984010362,0.31933593190641707
42,2,2.1924565318224594,0.9708886317914547,0.33412893615193706
43,2,2.1748902258577063,0.9763568016973366,0.34606350546459674
44,2,2.1394231823602885,0.9766349740341131,0.35727208943466443
45,2,2.0861544957056073,0.9722483293186078,0.3652688705345793
46,2,2.0158705102891923,0.9634997830692228,0.375918797006907
47,2,1.9295638075435857,0.9501435161785565,0.3803045491998545
48,2,1.8288325620506842,0.9316326217503555,0.37757205857058307
49,2,1.7158463750745951,0.9064182575033531,0.36710444056768327
50,2,1.5927815207629143,0.8729033644925286,0.3591687282726185
51,2,1.4623222191059864,0.8291602074663588,0.3623534007793158
52,2,1.3271616724102564,0.7733309121682829,0.34895813651259233
53,2,1.1902084242684994,0.7037149154660264,0.35671342513464316
54,2,1.054397954146219,0.6189319995485374,0.3688435197213216
55,2,0.922546622038235,0.5187558081658126,0.39929272501778446
56,2,0.7973578450651275,0.4034463825067582,0.4277336625793706
57,2,0.6813799845784626,0.27454529996796934,0.47650642534009613
58,2,0.5769101215998603,0.1345804318057398,0.5334538685435507
59,2,0.4856425677078929,-0.013307529734931505,0.591428171825411
60,2,0.40933677763704585,-0.16529350602206566,0.6629009874366957
61,2,0.3490612315370084,-0.31710935937061074,0.722154716808472
62,2,0.3058281819361521,-0.4648528688241356,0.7683922909357371
63,2,0.27982730464439104,-0.6047434939361632,0.8150085614806828
64,2,0.27100259575101815,-0.7343145640068585,0.8419562817308135
65,2,0.2790534769087641,-0.8516094810526598,0.8546019473271369
66,2,0.30321536708358476,-0.9559749295000062,0.8709059217389434
67,2,0.3422406058842616,-1.047703341969839,0.8537048831439836
68,2,0.3949283409560436,-1.1276523759117596,0.8409874784741016
69,2,0.4595344041335048,-1.1972323895903567,0.8245710266228288
70,2,0.5342939492255049,-1.2579072278580088,0.8076839733976586
71,2,0.6171415389636704,-1.310900697792223,0.7980087810620492
72,2,0.7062985955604792,-1.3568164323585403,0.7946194096150232
73,2,0.799642909071501,-1.3959139507348677,0.7944736132352999
74,2,0.8951609531033137,-1.4278803272652245,0.7928830005958573
75,2,0.991051439651587,-1.4519323684946819,0.7926563963573404
76,2,1.0856636719817032,-1.4670960821539956,0.7960696450433302
77,2,1.1775577238082777,-1.4725739121112074,0.7899401948574055
78,2,1.2653833004382995,-1.4677799379105338,0.7804136414464045
79,2,1.3483747245007562,-1.4524958240329906,0.7603553487694454
80,2,1.4257151579303795,-1.4269708672531558,0.7341685124327378
81,2,1.4971941429502422,-1.3922227218156746,0.7030622742466928
82,2,1.5626766633219888,-1.350294952451411,0.6632667227645702
83,2,1.622354737152835,-1.3029547663093475,0.6190533510763269
84,2,1.6768482776673777,-1.2532284865763825,0.5743887285103718
85,2,1.726596332506539,-1.2038620555946125,0.5246519531231658
86,2,1.7725524496527083,-1.1583506672446573,0.47742007619529137
87,2,1.8155609105207122,-1.1196745346811936,0.4419507961965284
88,2,1.8565306655112634,-1.0901280037471646,0.4167755355163782
89,2,1.8966145830802152,-1.0716401336056514,0.4082509945078574
90,2,1.9363625916949039,-1.0653701391415886,0.41442263843486005
91,2,1.9767320726545832,-1.071095343544853,0.42802275532556466
92,2,2.018230475047912,-1.087473612539416,0.45622618461731734
93,2,2.0612376535221406,-1.1127880231485792,0.4990602542962056
94,2,2.10596230577566,-1.14404199845657,0.5450603864277008
95,2,2.1524913911843355,-1.1782895369588915,0.5913533658035521
96,2,2.2006701485468594,-1.212409978278991,0.6395891267975237
97,2,2.250049648178438,-1.2439826786051706,0.6640583554323654
98,2,2.300088816189789,-1.2712268298674345,0.6875756425599538
99,2,2.3501595242525797,-1.2932975762515289,0.7020944366016382
100,2,2.3994580250888835,-1.3103869097937544,0.7019877088785696
101,2,2.4474957176668504,-1.3234556008765337,0.6964762130114018
102,2,2.493337930531118,-1.334231752305086,0.6844240704221374
103,2,2.536426390035426,-1.3444143747965962,0.6779229645006951
104,2,2.5764414412226446,-1.3557914136231024,0.6656130826012926
105,2,2.612673889279485,-1.369475705391117,0.6603169585940731
106,2,2.645024262541067,-1.38579801148298,0.6743735606465435
107,2,2.6733336458647017,-1.4046551076317724,0.6893585239170454
108,2,2.6977517646708886,-1.424213162024584,0.7031814284324386
109,2,2.7183904796889387,-1.4426710140133423,0.7252242679562011
110,2,2.7356543697223894,-1.4575790893218974,0.7385291168947091
111,2,2.7501856635073665,-1.466898280788549,0.7376783667708586
112,2,2.762548505665416,-1.4688832853889577,0.736853118586951
113,2,2.77328850459204,-1.4626993010891458,0.708322407158852
114,2,2.7829676750916246,-1.448930599950635,0.6778064076002114
115,2,2.792510158210302,-1.429259284382779,0.6319616481737323
116,2,2.8024601604670814,-1.4066351903547534,0.576879280164997
117,2,2.81343753860211,-1.3846037412196521,0.5350983032103465
118,2,2.82591716153729,-1.3671625029189123,0.4963598261108256
119,2,2.840275672023648,-1.3576762633690838,0.4793623987165496
120,2,2.856868901587339,-1.358940424970915,0.4909155708391423
1,3,-0.306364922119343,-0.6815169900120361,0.5940397147004699
2,3,-0.2784125202848185,-0.6876837887070304,0.6177412868260929
3,3,-0.24190505763916736,-0.6848597515173968,0.626652090943701
4,3,-0.19713567232381973,-0.6744290367581034,0.6219118578417753
5,3,-0.14495692124429344,-0.6578693712834356,0.607508274569036
6,3,-0.08630511294125658,-0.6371205104161999,0.5793958874374072
7,3,-0.022140066462830305,-0.6141058440989282,0.5484338772924651
8,3,0.04612222747857814,-0.5908132540749913,0.5271320362021826
9,3,0.11743755683527861,-0.5685556379824698,0.5080782073100358
10,3,0.19047381553436885,-0.548458752104159,0.4986443206716214
11,3,0.2639776874954071,-0.5312538180307043,0.49159824379435085
12,3,0.33695031027527367,-0.5172563989530785,0.4957637606910299
13,3,0.4084992553817113,-0.5064605854802144,0.4975980594485425
14,3,0.4778327152843557,-0.4983455874545055,0.5132179989121235
15,3,0.5443412110102079,-0.49245195075026094,0.5314375235872708
16,3,0.6076593760420752,-0.4876266034030858,0.5626884226032446
17,3,0.6679592108921141,-0.4825412901942531,0.5942423419660414
18,3,0.7253130121230699,-0.47541536256341543,0.6218133741267687
19,3,0.7801865283644919,-0.46419683784310234,0.6560859014046375
20,3,0.8331912621889237,-0.44697676785438334,0.6832847670194707
21,3,0.8853063349668335,-0.42164434570529125,0.7094963486983571
22,3,0.9372957800466667,-0.3865163771075302,0.7284460579949016
23,3,0.9900621489232503,-0.3399463946943276,0.7324581117715656
24,3,1.0447048555896732,-0.28169743848921575,0.729930229359587
25,3,1.1022939041078843,-0.2116232767859153,0.7087436810082637
26,3,1.1632783674352747,-0.13073945618691601,0.6829132127475411
27,3,1.22832934144949,-0.040708302335400105,0.6441394825142072
28,3,1.2977763067127028,0.056048805773959445,0.6050080946926647
29,3,1.3716952700874796,0.15693321441330066,0.552340638682637
30,3,1.449463727423405,0.25899063642453,0.5070103995536188
31,3,1.5303910924614836,0.3592022236825765,0.4579898285474621
32,3,1.6133407394312964,0.4552653664841621,0.4107535731256295
33,3,1.6969582442001776,0.5447557047961484,0.37908595630936515
34,3,1.7794491791873324,0.6265353931917126,0.3489845672128714
35,3,1.8588883408839383,0.6993045045871639,0.32902998528558663
36,3,1.933143413056342,0.762302474829027,0.311383257554337
37,3,1.9998941019076544,0.8155793440156941,0.29766348390163644
38,3,2.056962092139296,0.8592837905128311,0.30223968944037577
39,3,2.102339854326242,0.8936176686327626,0.30012305726424227
40,3,2.134025298457575,0.9195001227651888,0.3093895801288002
41,3,2.1503160325357222,0.9377712972379287,0.31511206422016425
42,3,2.150081632506666,0.949478366498095,0.32706691568072366
43,3,2.1325324410276214,0.9555998457956661,0.33993827933115095
44,3,2.097286026469181,0.9571008346485886,0.35121822395656704
45,3,2.0444359121875006,0.9545087938517998,0.3569118116846785
46,3,1.9747502858885375,0.9481013349783105,0.3560653546638009
47,3,1.8892004383192604,0.9375836573052914,0.35977880749381014
48,3,1.7893613655822578,0.9223291843307447,0.351646820308763
49,3,1.67736799033389,0.9007001663883039,0.3462219123702601
50,3,1.5553637731781262,0.8709938403794057,0.3314440753301933
51,3,1.4259961208240945,0.8311774580739729,0.3233944897215172
52,3,1.2919215855486175,0.7792976883322262,0.3178908719760952
53,3,1.1560121986321983,0.7135781717933423,0.3205052525882327
54,3,1.0211736132286653,0.6325749480924141,0.3312786743345966
55,3,0.8901916298779534,0.5360168669253774,0.3520640911775244
56,3,0.7657437614285433,0.4241317848336626,0.38429374512339665
57,3,0.6503588891589127,0.2984275331074968,0.42927167926401105
58,3,0.5463218367575666,0.16140356407103193,0.48116988342227873
59,3,0.45531763478057985,0.016172596203311684,0.5417490538203292
60,3,0.3791059419161648,-0.13346807466291102,0.6051697485135699
61,3,0.3187622660385266,-0.28328516004929566,0.6600394877131291
62,3,0.2753085449873777,-0.4293856279678922,0.713081489488483
63,3,0.24895255439971828,-0.5679992829059735,0.7559846065017872
64,3,0.23965969645385723,-0.6966479243877264,0.7846316901524634
65,3,0.24715582813150347,-0.8133493044904758,0.8005009126414224
66,3,0.27070497789680836,-0.9174132102525145,0.8014124248569057
67,3,0.3090928497063135,-1.0090907390617494,0.796961860250855
68,3,0.3611470155436079,-1.0892020510340767,0.7890516983172899
69,3,0.4251584789078396,-1.1591292938234241,0.7781580236284356
70,3,0.4993917081146251,-1.2203201839538547,0.7579950744598097
71,3,0.5818106548159233,-1.2739944120759459,0.7453453221396206
72,3,0.670660692745554,-1.3207704473282047,0.7461988262109915
73,3,0.7638382337178904,-1.3609233441776314,0.7414571385945483
74,3,0.8593465448160463,-1.3941521007830986,0.7501075685570512
75,3,0.9553911651292281,-1.4196812090775444,0.7504128168911027
76,3,1.0503259434006573,-1.4365368532040657,0.7551431628567726
77,3,1.1427056417284396,-1.4439033246701374,0.7547047232222435
78,3,1.231169064789184,-1.4411659918669242,0.7531422491048635
79,3,1.3149340791228763,-1.4280749773730155,0.7379475675499405
80,3,1.3931649787116496,-1.4048363559178478,0.7066951318510604
81,3,1.4656251885514278,-1.3724291616519335,0.6802864674193809
82,3,1.5321491836409737,-1.332848017885166,0.6442193612507481
83,3,1.5929007636994812,-1.2878180178879808,0.599817280683204
84,3,1.648469657811913,-1.2403107288059039,0.5499975200699032
85,3,1.6992668702535343,-1.193014239359723,0.5017035958263527
86,3,1.7462173096469131,-1.1493599015720857,0.4577631587926555
87,3,1.7901464245060934,-1.1122561839055487,0.43222113532574596
88,3,1.8319430261529175,-1.0839244710711768,0.40606136697236817
89,3,1.8727480113067838,-1.066227178417642,0.3976917128037821
90,3,1.9131040958683296,-1.060273294150345,0.3950156274991313
91,3,1.9539690832478016,-1.0658211334695935,0.4180501256714353
92,3,1.9958583801063592,-1.081539013527097,0.44492031429704015
93,3,2.0391593252190536,-1.1057486451562384,0.48366853075449917
94,3,2.0840978049128758,-1.1355327490361051,0.5301071529828764
95,3,2.1307773377844774,-1.1680454282921153,0.5769357246380138
96,3,2.1790603065792324,-1.2002795185975605,0.6075901811930375
97,3,2.22852365912137,-1.2299239034354208,0.643273977575142
98,3,2.2786455418232867,-1.2553014881193678,0.6628699633078664
99,3,2.328817293008473,-1.275640680876467,0.675831370616644
100,3,2.378251036810695,-1.2911900790917086,0.6703213320123392
101,3,2.4264707640747556,-1.3029380369738839,0.666448118051792
102,3,2.4725524930806824,-1.3126235748977302,0.6514008269309838
103,3,2.5159457128404297,-1.3219406084933154,0.6403109295878864
104,3,2.5563279772066285,-1.3326741923451577,0.6295818791068573
105,3,2.592988815011233,-1.3459471432837358,0.6296631299397788
106,3,2.625822206984943,-1.3621068535598484,0.6361443216535612
107,3,2.6546612666421816,-1.3810827941871466,0.6417540577675468
108,3,2.679641270479613,-1.4010945220055775,0.6583865722122793
109,3,2.7008644794595202,-1.420389296520825,0.6817746986535322
110,3,2.7187190758860855,-1.436562383132401,0.6952041248027016
111,3,2.733831343257095,-1.447597646266063,0.7010466079577399
112,3,2.746755334424679,-1.4517385981407471,0.6927261234539915
113,3,2.758023966397941,-1.4480951589080109,0.6755517084019946
114,3,2.7681874800970827,-1.4371498056434122,0.6439340952825507
115,3,2.7781618276272586,-1.4204333184474416,0.5994887949691869
116,3,2.7884825783545617,-1.400709812941375,0.5527285704235199
117,3,2.799763844279465,-1.3813218853557985,0.5098382874876242
118,3,2.8124752319720367,-1.366056926065793,0.4789714339810423
119,3,2.8269906744946702,-1.3581095731769512,0.46446854723324804
120,3,2.843663790323273,-1.3601365100131753,0.47914510412482747
1,4,-0.34535092745902357,-0.6428167060608301,0.5492438124714369
2,4,-0.31720026298352105,-0.6497040070249517,0.5768000213932484
3,4,-0.2803033991325054,-0.6482520195787369,0.5830047843024695
4,4,-0.23496807921658036,-0.6397105090839417,0.5856816750246647
5,4,-0.18206436317927063,-0.6253888799096647,0.5644298993850856
6,4,-0.1225549343164096,-0.6070359730820115,0.5372228050258604
7,4,-0.05742721015328315,-0.5863873543494961,0.5193699250447512
8,4,0.011871109265609288,-0.5652588523584016,0.4976128765905514
9,4,0.0842656141662424,-0.5448397063049026,0.48410234998987167
10,4,0.15838988751836228,-0.5261783046595019,0.46925150440761715
11,4,0.23296003971704668,-0.5099789584330392,0.45934611386598295
12,4,0.30694537944555056,-0.49657417085111366,0.46491582275360865
13,4,0.3794268658254652,-0.4860164111138288,0.47229463298708324
14,4,0.44958669699966036,-0.47786634351359825,0.482001034945344
15,4,0.5168032135276307,-0.47176641373321015,0.5082037712400982
16,4,0.5806902354040738,-0.4666681417627785,0.5238373224536178
17,4,0.641407441240165,-0.461347472008853,0.5564626620260212
18,4,0.6990182267115692,-0.45412470464917803,0.5964532742764219
19,4,0.7539811731486451,-0.44303861430437846,0.6196715127339968
20,4,0.8069051780893017,-0.4262484071536673,0.6557224938945011
21,4,0.8587661174382625,-0.40170264064752387,0.679735630733427
22,4,0.9103255925239933,-0.3677614730323576,0.69548124415308
23,4,0.9624884605569892,-0.3228107612363027,0.7103988528989751
24,4,1.0163562665836088,-0.26661696550524,0.7068083967901053
25,4,1.0730025672819576,-0.19904134590232725,0.6909367974897654
26,4,1.132880212656827,-0.12107612277541552,0.6620889621950051
27,4,1.1966716997594022,-0.03435162617381183,0.6259492344504273
28,4,1.2647148048689651,0.058758777193784174,0.5895372909624903
29,4,1.3370982852948898,0.15572160082928663,0.5388912303025987
30,4,1.413226498393987,0.25365793709744855,0.49709460022017016
31,4,1.4924307129912444,0.34963551517901964,0.44545225087207185
32,4,1.5736052254953765,0.4414454837382574,0.4187604596084168
33,4,1.6554241243829317,0.5267622790800975,0.3819372302995179
34,4,1.7361316649193361,0.6045310257686356,0.3515762195069788
35,4,1.8138428599854153,0.6735407527034725,0.3300891232503083
36,4,1.886468053211338,0.733109794352631,0.31852488538674895
37,4,1.951731929072866,0.7833624661256832,0.31352059662975396
38,4,2.007496919621862,0.8245083276558989,0.3166400280208436
39,4,2.051788113519569,0.8568204234795606,0.31473428513764334
40,4,2.0826452801058286,0.881283574064951,0.3278531639152848
41,4,2.098389895927148,0.8987980827029562,0.332176341659163
42,4,2.097908387114093,0.910474532038135,0.34532399866921953
43,4,2.080420909098165,0.917342509280841,0.3592161000165618
44,4,2.0455434157760317,0.9203991843257087,0.3649622330256606
45,4,1.9933624934054945,0.9201750509973327,0.3711250334405214
46,4,1.9246211284291677,0.9169125973411577,0.3711120350892868
47,4,1.84026094322128,0.9102494740834962,0.3641454201326428
48,4,1.7418245136967956,0.8994489850523558,0.3538996423667515
49,4,1.631397458751716,0.8827513352285344,0.34223087146984266
50,4,1.511076770461173,0.8583081670136422,0.3258813017435371
51,4,1.3834573408332163,0.8239424079175038,0.3107061368460717
52,4,1.251143306817092,0.7775698787121501,0.2962219085664458
53,4,1.1169542239446675,0.7173103233453273,0.296053693682171
54,4,0.9837527138276319,0.6416326563960618,0.3037358235854461
55,4,0.854280027272184,0.5502045600065019,0.3095159844491234
56,4,0.7311753912177583,0.44320984321244306,0.34415780175555266
57,4,0.6169381303886298,0.32210919359300727,0.38511538415662205
58,4,0.5138334239424643,0.18936164718822118,0.43036557100609363
59,4,0.42353030125580676,0.048039420084563446,0.491929244155478
60,4,0.3477854863052215,-0.09810125857724156,0.5460977658152012
61,4,0.2876808411616969,-0.2448791358269328,0.6077228687378887
62,4,0.24424769835881882,-0.3884169631204065,0.6564072539855323
63,4,0.2177150218264375,-0.5249627708374994,0.6976545187306797
64,4,0.208073802203148,-0.6520252618387059,0.7254228719630276
65,4,0.2150822435633731,-0.7675887461717452,0.7433250793967686
66,4,0.2380399765543028,-0.8709134005615636,0.7487964664292024
67,4,0.2757752118217766,-0.9621936063476753,0.7462149400189455
68,4,0.32715102772944726,-1.0421981026844753,0.7325085624582535
69,4,0.39050430392497876,-1.1122701601586593,0.7204077313518482
70,4,0.46413742906185973,-1.1738363354545847,0.7077096975613526
71,4,0.5460533871614948,-1.2281126814441508,0.702634319554819
72,4,0.6345295770455017,-1.2757417188125462,0.6996553714589191
73,4,0.7274878551448298,-1.3170247747871546,0.7013198824484342
74,4,0.8229555342534437,-1.3516828227852011,0.7041437990634275
75,4,0.9191487251451357,-1.3789577634974475,0.709176980480545
76,4,1.0144299446917775,-1.3978826709831158,0.7119375992877275
77,4,1.10734929988066,-1.4076228339727332,0.7227272936539342
78,4,1.1965338512634498,-1.4075293910981277,0.7100497669735586
79,4,1.2811824335490951,-1.3973130304867467,0.7071617139012403
80,4,1.360437497462355,-1.3771221777996205,0.6826988588471954
81,4,1.4340304667437418,-1.3478825536206773,0.6493989969088951
82,4,1.5017576749450237,-1.3115187557399877,0.6206649497836955
83,4,1.56374812790033,-1.2696931513278888,0.5761958204168541
84,4,1.620553688720778,-1.2252945064177214,0.5331057158194642
85,4,1.6725503122811376,-1.1809221075110081,0.4882229730241084
86,4,1.7206264059466643,-1.1399088136834874,0.4503547993106512
87,4,1.7655847063253893,-1.1050534772583407,0.4163373024597394
88,4,1.8082885248274774,-1.0784667101128005,0.39361111662716564
89,4,1.8498643822426029,-1.0619108508229163,0.38867708250830063
90,4,1.8908469260082508,-1.0564199682346442,0.3902036795880095
91,4,1.9321961462528,-1.0617247061441177,0.4071638483899055
92,4,1.9744400018371955,-1.0765103066435062,0.4335151868174485
93,4,2.017976872464548,-1.0991577502462608,0.47709772107569554
94,4,2.063057437993534,-1.1268687174218865,0.5159141243260917
95,4,2.109808436236029,-1.1569467471422734,0.5528264958641324
96,4,2.158116006626945,-1.1865533128490353,0.5927681902281294
97,4,2.2075934122119665,-1.2135389130894092,0.6151774913291767
98,4,2.257744993898832,-1.2363777664315707,0.6363488263872195
99,4,2.307988709911419,-1.2544036125915752,0.6427266836666081
100,4,2.3575578859327164,-1.2679433165066667,0.6341457791316577
101,4,2.4059929916651996,-1.2780192343793828,0.629045514670622
102,4,2.4523838821969286,-1.2863779815448757,0.6124433192412324
103,4,2.496189639456069,-1.2946967643150675,0.5999474305695943
104,4,2.5370822044252197,-1.3047463563917814,0.5911709521541091
105,4,2.574347885781045,-1.3176541467883256,0.5843737117305731
106,4,2.6078698866146293,-1.3337832399176892,0.5904038784949794
107,4,2.6374687603678333,-1.353104086258161,0.5952442136433728
108,4,2.663257772488702,-1.3739096422681645,0.6192331026746887
109,4,2.6853246426005644,-1.3945164315317182,0.6324987142184252
110,4,2.704033114657585,-1.4125862119225556,0.6496303400006965
111,4,2.719985825232891,-1.4261398479463867,0.6607942302984575
112,4,2.733721888770392,-1.4334101789986058,0.6544182129893458
113,4,2.7457556693357867,-1.4334340268771648,0.6403179801763894
114,4,2.7566202094093106,-1.4265532381394153,0.6192464959219773
115,4,2.7672195382351705,-1.4140864467798153,0.5821960928138136
116,4,2.7780766781774893,-1.3985349407957426,0.5387932567623519
117,4,2.7897975037815512,-1.3829531371631294,0.5009142273670526
118,4,2.8028440372012278,-1.370828549622633,0.4736919823570091
119,4,2.8175863329774407,-1.3651125176440206,0.46422198952436744
120,4,2.8343747808880257,-1.368263366973713,0.4754784961369901
1,5,-0.38965820729006834,-0.5984703538828423,0.4984241578533209
2,5,-0.36124926935391705,-0.6062939447798406,0.528361455815909
3,5,-0.32384506006494634,-0.6066263846569812,0.5469122659163719
4,5,-0.2777722999102039,-0.6005447558650926,0.5426851241848442
5,5,-0.2239238644120137,-0.5891422253909578,0.5256875469347032
6,5,-0.16329655835503026,-0.5739214416284185,0.5111325190167377
7,5,-0.09691380552580679,-0.5563750346262367,0.4921961071982245
8,5,-0.02626437534448942,-0.5380948437876002,0.4727529909929102
9,5,0.04753794663395823,-0.5201067568904018,0.45550299984912207
10,5,0.12308213873104824,-0.5033536080044478,0.44865377010091584
11,5,0.1990445922788929,-0.48849704305781916,0.43872121509586537
12,5,0.2743531452015517,-0.4758828337718463,0.4422823886316289
13,5,0.34805400189010316,-0.4656298562951747,0.4477282718028027
14,5,0.4192955778521746,-0.45739673212183474,0.4628482935281675
15,5,0.48744014875955183,-0.4509512738807186,0.47941027279198456
16,5,0.5520743539495208,-0.4453782454123621,0.5031285658433309
17,5,0.6133416465774393,-0.43958979434774226,0.5305585048592791
18,5,0.6712937296291276,-0.4320425415889674,0.561237951535355
19,5,0.7263796803827114,-0.42090106288549645,0.595731818358753
20,5,0.779204877059164,-0.40442503055234846,0.6319023151501428
21,5,0.8307407259929418,-0.3806521933795177,0.650645232004022
22,5,0.8817457076185646,-0.3480113694946317,0.6744089325631474
23,5,0.9331276093940453,-0.30493995576519595,0.6845126947058665
24,5,0.9859908475425807,-0.2512169709805477,0.6822299980752453
25,5,1.0414136598693013,-0.18671682563269157,0.6746192074999642
26,5,1.099853903369307,-0.11240249862968478,0.6518748187034937
27,5,1.162009241590188,-0.02986084324415667,0.622161042986713
28,5,1.228228446885836,0.05860093892722864,0.5788507495577462
29,5,1.2986171633217534,0.1505380575056844,0.5378891529633926
30,5,1.3726150164604285,0.24317466224269854,0.4998510148379348
31,5,1.4495820918745161,0.333694036744986,0.4493929243809854
32,5,1.5284531325142723,0.4200116627353527,0.4185854947195125
33,5,1.607939647260774,0.4999321031364942,0.39138817874370013
34,5,1.6863363455781952,0.5725090372307331,0.36684612013282525
35,5,1.7618107331042732,0.6366476053206503,0.34884164929072964
36,5,1.8323286653999837,0.6917688707368066,0.34533489692894603
37,5,1.8956733586415195,0.7380923394457393,0.33219531630519655
38,5,1.949760256427645,0.7759055674435289,0.3391832922472213
39,5,1.992656895000136,0.8055705054276754,0.348794076385128
40,5,2.022457212021832,0.8281523621530918,0.3536133936788345
41,5,2.03751388522167,0.8446231352433646,0.36803429877991156
42,5,2.0367352638462424,0.8561674728766993,0.37655786131856245
43,5,2.0193543386558273,0.8638730734896503,0.38851081253029274
44,5,1.9849853804631563,0.8687716969790462,0.3953188401807702
45,5,1.9337062273251497,0.8713931767188055,0.40050873796893255
46,5,1.8662277651754002,0.8719340028400523,0.3932701802124794
47,5,1.7834538584548352,0.8699477741162008,0.38262311076541305
48,5,1.686885782982614,0.8645630282174075,0.36912717046522553
49,5,1.5785460833026017,0.8538728359558172,0.3448437178578489
50,5,1.4604724620482268,0.8358532989137103,0.3250643252904144
51,5,1.33519275507904,0.8081541156154245,0.3000988600523584
52,5,1.2052440917158944,0.7685346352890101,0.2857073346995817
53,5,1.0733789545366406,0.7149899696422602,0.28121093386878615
54,5,0.9424047991564755,0.6458847062038247,0.2726130817767197
55,5,0.8150057005904717,0.5608128751112846,0.2906469320227635
56,5,0.6937714733677033,0.45990476234023325,0.30997156716443836
57,5,0.5811628649369572,0.3445626699863738,0.3414455837928465
58,5,0.47941906425402253,0.2171944725924621,0.3944250471007384
59,5,0.3901873575120783,0.08082054725494901,0.4475282151253432
60,5,0.31521911316962287,-0.06085617259834778,0.4977074437323666
61,5,0.2556025148443476,-0.20372231151144182,0.5508341475971028
62,5,0.212378506740937,-0.3439233625527659,0.6054849878589059
63,5,0.18580065824382944,-0.47773383004456504,0.6471456584540878
64,5,0.1758900876652967,-0.6026490630237398,0.6722521610105795
65,5,0.18244322023758222,-0.7166139039103007,0.6832749267339383
66,5,0.20480231110222938,-0.8188283392059544,0.6964566998148561
67,5,0.24184706489678945,-0.9094159713922154,0.6956466016831038
68,5,0.29248302702606205,-0.9890808434485109,0.6845862340888837
69,5,0.3551031433047873,-1.0591158059568673,0.6756206774551536
70,5,0.4280558686989564,-1.1209199492375876,0.6631773919984799
71,5,0.5093924140687585,-1.1757042267452376,0.6514154267797626
72,5,0.5974296573463571,-1.2241418948150726,0.6484261233741536
73,5,0.6901211085339676,-1.2665701495517616,0.6517939570633955
74,5,0.7855247749436428,-1.3027421629331926,0.662329224328941
75,5,0.8818704509664572,-1.3319292537208962,0.6596735275161248
76,5,0.9775328313972588,-1.3531813990067352,0.6822770320244219
77,5,1.0710575930008328,-1.3656493606317759,0.6818724684679739
78,5,1.1610587919800046,-1.3686507491039894,0.677057902983258
79,5,1.2467133752671393,-1.3618544913983892,0.6681075378629784
80,5,1.3271386548553863,-1.3453422051935664,0.6545234910865232
81,5,1.4020280780403984,-1.3199746660795841,0.627822976575026
82,5,1.471132344470374,-1.2875875914147015,0.6014135127857236
83,5,1.5345390686153975,-1.24975989249617,0.5563234673011276
84,5,1.5927547242819629,-1.2092687744216195,0.5183206249974835
85,5,1.6461133901262046,-1.168592327465589,0.48139623277345994
86,5,1.6954594155507203,-1.1309287607826006,0.44345169413558555
87,5,1.7415690644119974,-1.0989292093508443,0.4136584588145163
88,5,1.7852749707524191,-1.0745567233092734,0.3914594886949241
89,5,1.827686900414176,-1.0594426609839351,0.3871324109619688
90,5,1.8693306515763266,-1.054524632708472,0.39645754396677596
91,5,1.91116992937521,-1.0595004735428812,0.4054371989621743
92,5,1.9537495393458262,-1.0730824789117017,0.4386196546892526
93,5,1.997482161033345,-1.0937349547938464,0.46894718903753857
94,5,2.0426503260911213,-1.1188197335393066,0.5096279396318202
95,5,2.089410134403106,-1.1458395723721944,0.5437923490752601
96,5,2.1376775567527164,-1.1721790307009485,0.5740755823850413
97,5,2.1871118906158533,-1.1959001726866187,0.5945483974901724
98,5,2.2372499268774475,-1.2156725098305745,0.612677098549994
99,5,2.287542920655822,-1.230963308673379,0.615446446196315
100,5,2.3372502347580153,-1.2421934828064618,0.6018997661446949
101,5,2.3859322828334264,-1.2504194982556143,0.5905811868753972
102,5,2.432695639120254,-1.257384538902894,0.5703076400435985
103,5,2.477010581571569,-1.2647297570531482,0.5582011656277113
104,5,2.5185407331462804,-1.2741915617738162,0.5458887581736003
105,5,2.556567473165736,-1.2868871983942067,0.5346371165115733
106,5,2.5909593113913267,-1.3031864898268832,0.54058753805851
107,5,2.621520183739641,-1.323101968905293,0.5511489451816826
108,5,2.648334458589657,-1.345014158559506,0.5736696817551652
109,5,2.6714709723257917,-1.3673269730088726,0.5877999961380274
110,5,2.69126194645149,-1.387790279200664,0.6059970713767995
111,5,2.708279583682466,-1.4044791238730703,0.6202589972696916
112,5,2.723043934193527,-1.4156231027112436,0.6127401062214693
113,5,2.736045945069251,-1.4201787154170946,0.6162824090860384
114,5,2.747796863452676,-1.4183213068492853,0.5885568510604579
115,5,2.759185822482751,-1.4111123710699929,0.5609057414626091
116,5,2.770720058020474,-1.4007300080259366,0.5322095672972385
117,5,2.7829954040490827,-1.3898720556426034,0.5018513067383291
118,5,2.7964644769368787,-1.3816526632101036,0.46993137967427184
119,5,2.8114926553110893,-1.3787191465361317,0.4705997824009987
120,5,2.828426301916892,-1.3832818964068143,0.48821266587612755
1,6,-0.43884952241692526,-0.5509281979668819,0.44546808517188224
2,6,-0.41012769696227347,-0.5598779822406983,0.48198991606850955
3,6,-0.3721087247820378,-0.5623588208222954,0.49963422919298905
4,6,-0.3251422578837653,-0.5592428742113483,0.5012025028597106
5,6,-0.27014883594298217,-0.5513667359408511,0.4956350066289774
6,6,-0.20816622082170225,-0.5399394049607905,0.48120841658039704
7,6,-0.14026149521551148,-0.5261626257363503,0.46377690068923433
8,6,-0.06797284192963136,-0.5113579301720689,0.4545413180609267
9,6,0.007538316562250725,-0.4963503999119623,0.44211270263231467
10,6,0.08480706437325176,-0.4819481778768736,0.43109996527151273
11,6,0.16246196728384268,-0.4687500340130669,0.4232072192477389
12,6,0.23938071523017065,-0.4571047637678503,0.4262169915492296
13,6,0.31456738451825006,-0.44719720347374353,0.4329250807525667
14,6,0.3871297203270004,-0.4387923665181675,0.4415543200242406
15,6,0.4564103573150167,-0.4317988246055971,0.4645948422900514
16,6,0.5219630032466778,-0.4254582041896509,0.48046058809681946
17,6,0.5839112424870629,-0.4188482201093645,0.5080881471989499
18,6,0.6422924524877872,-0.4105977794489313,0.5341757380737717
19,6,0.6975439833042658,-0.3990350887700119,0.5755141692992761
20,6,0.7502666517851898,-0.3825589494146069,0.6064181411406588
21,6,0.8014259701995378,-0.35933289601603374,0.6343094869860223
22,6,0.8517764914238138,-0.3278872307267035,0.6591787292896863
23,6,0.9022291960822284,-0.2867360319995707,0.6640744209522546
24,6,0.9538918590613187,-0.23568584168929896,0.6714418342295857
25,6,1.007848150622028,-0.17463220255211961,0.6620102088448461
26,6,1.064561754188574,-0.10450438815304645,0.6389320970460879
27,6,1.1247488774712544,-0.026833657516565353,0.609304069349593
28,6,1.1887715306574123,0.056158849504333676,0.5739760002313665
29,6,1.2567559049970116,0.14214231065284708,0.5371342440630279
30,6,1.328184516456762,0.22847418130379718,0.4980383276005978
31,6,1.4024526375627522,0.3124832404286172,0.46396464729907905
32,6,1.4785440876444416,0.3922403989696325,0.4368387014400946
33,6,1.555215981618758,0.4657115796076401,0.40963435725356223
34,6,1.6308241703283093,0.5320841374058278,0.3877708138005516
35,6,1.7035999444230523,0.5904052776824028,0.37079249463667013
36,6,1.77157630375659,0.6402212176327806,0.37159828142987456
37,6,1.8326073262008862,0.6818648528808557,0.36421700837265336
38,6,1.8846725929763213,0.715716148798802,0.3709318099487489
39,6,1.925891044535195,0.7422386547215609,0.3906751394059844
40,6,1.9544216814224793,0.7625863016890205,0.39434920462425643
41,6,1.9686550432662864,0.7778068033682718,0.41005315351764504
42,6,1.9675258844173615,0.7891601332974078,0.42215155005493266
43,6,1.9502825722874357,0.7977899229003137,0.4344509608400398
44,6,1.9165375876898083,0.8047569259909595,0.44102264974251826
45,6,1.8663581594308074,0.810580859597012,0.4390090957848541
46,6,1.8004167550907173,0.8153996434602356,0.42776635190713186
47,6,1.719572113076503,0.8186685033101343,0.41432911071403494
48,6,1.6252761002226317,0.8193633452837875,0.3916105974630163
49,6,1.5194756545770853,0.8154148147873789,0.36510826449341227
50,6,1.4041376986257215,0.8046059215574195,0.33733977557375383
51,6,1.2817098897743775,0.784397692759868,0.30725764995315485
52,6,1.154649235914328,0.7523802921314797,0.2827057677366819
53,6,1.0256281084072638,0.7064139405182358,0.2654233609273557
54,6,0.8973879693633201,0.6447507739392149,0.26141115842600715
55,6,0.772544537765051,0.5669049478883271,0.2627717723396666
56,6,0.653628414989087,0.47294802519384577,0.2797024264104436
57,6,0.5430538234431329,0.3642161535086228,0.3106545287496184
58,6,0.443028559781913,0.24305720376391296,0.3555742520958328
59,6,0.35517336536496125,0.11242963593211017,0.40282977768713657
60,6,0.2812323773265851,-0.024028681456419808,0.45707277445688094
61,6,0.22230053709771053,-0.16228759387533628,0.5124074465282596
62,6,0.1794288741962327,-0.29852415243062125,0.5548850844627196
63,6,0.15289904959949616,-0.4290495819411428,0.5958812313038659
64,6,0.1427669555212609,-0.5513487241269792,0.6214065928111813
65,6,0.14887271520306822,-0.6633243902517842,0.6429787642499637
66,6,0.17060801724614608,-0.764109453487784,0.6488067199154645
67,6,0.20691247239062838,-0.8537450514080794,0.6401161313781076
68,6,0.2567406385992715,-0.9328584775008893,0.6329874246094107
69,6,0.3185508658162692,-1.0026797852019478,0.6217426318345632
70,6,0.3907450558578438,-1.06457251718882,0.6116708626405295
71,6,0.4714310494601891,-1.1197384222390954,0.6076969914870634
72,6,0.5589718052541296,-1.1688846213049393,0.6060762504577777
73,6,0.651357941374091,-1.2123916704857527,0.6085859187430217
74,6,0.7466840669513272,-1.2500547375153284,0.6144750830954379
75,6,0.8431960284452528,-1.2811885286989182,0.629140581548772
76,6,0.9392836602738753,-1.3048731113249783,0.6382673205384631
77,6,1.0334881459235359,-1.320255000554463,0.6407767899488875
78,6,1.1244091342753653,-1.3266258579466734,0.6404265318242152
79,6,1.2111988459990262,-1.3236168949524054,0.6421941918021311
80,6,1.2929462290088032,-1.3112399898480984,0.6221507863087219
81,6,1.3693011369584687,-1.29028325157798,0.6102318838216244
82,6,1.4399618214211811,-1.2624778868864377,0.5755327439871
83,6,1.504968384922232,-1.2292992000519463,0.5451784386469948
84,6,1.5647750525822046,-1.1933843386626928,0.5104299698180126
85,6,1.61966785509303,-1.1570573283996193,0.47704310652657034
86,6,1.6704403090904998,-1.123345031005282,0.44362784382476783
87,6,1.717838863623098,-1.0947135760045483,0.4118702595390809
88,6,1.7626607484080714,-1.0729437097835672,0.39992127591402643
89,6,1.8059967444213183,-1.0595082132425848,0.3919372706536736
90,6,1.8483631273939285,-1.0552304212374524,0.3968175237497941
91,6,1.8907285339314432,-1.0597736137848321,0.410529320320919
92,6,1.9336583697831156,-1.0718904230879192,0.4321237611119829
93,6,1.9775822427169163,-1.0901549217378652,0.4640615165500139
94,6,2.0228207050790754,-1.1121303142076955,0.4944731496202627
95,6,2.0695643600423166,-1.135567170254114,0.531522391253845
96,6,2.1177641557276683,-1.1581251199291287,0.5545133787986394
97,6,2.167133860342904,-1.1781242189945553,0.5726482019655545
98,6,2.2172478138857965,-1.1944683344591818,0.5874409191692912
99,6,2.2675963575802025,-1.206781978509884,0.5770740889079825
100,6,2.3174688340271925,-1.2155897072604924,0.5700222205575122
101,6,2.366448366313786,-1.2219759036698783,0.5561682931365621
102,6,2.41366060831553,-1.2276617176616174,0.5324993010297389
103,6,2.4585882265296504,-1.2342253867325284,0.5135097701813228
104,6,2.5008839475518863,-1.2433399631268942,0.5044872381485952
105,6,2.53982269059396,-1.2560882598962895,0.4922768493840938
106,6,2.5752547240897585,-1.2728289111236912,0.49541289207203115
107,6,2.6069639320197164,-1.293609554144465,0.5048589208783282
108,6,2.634999645461412,-1.3169053873617393,0.5200961010807932
109,6,2.659408288919051,-1.3412221493084342,0.5395266586685261
110,6,2.6804845697392996,-1.3644185794276096,0.5563130046029914
111,6,2.698764449968028,-1.3846440788509609,0.5764936934688847
112,6,2.7147455771117284,-1.4001396965896085,0.5822086705158278
113,6,2.7288916944592856,-1.409786252509164,0.5806727829589875
114,6,2.7416885519628496,-1.4135814742475703,0.5641721275273628
115,6,2.7540081312788054,-1.4123031624396765,0.5490055628677823
116,6,2.7663393468055446,-1.40776552384834,0.5237051456881014
117,6,2.779266799271034,-1.4022615304737596,0.49694987743655505
118,6,2.793232379728085,-1.398477743290258,0.4846587431107168
119,6,2.8085963021902516,-1.3987116465714333,0.4864158369319939
120,6,2.825700265138657,-1.4048880997116386,0.500659430919265
1,7,-0.49242625022827613,-0.5022658400721443,0.4029538685803254
2,7,-0.4633424253716383,-0.5125006510103121,0.4459323554852572
3,7,-0.4246119955650444,-0.5174358504735761,0.46428343026020924
4,7,-0.37661102967405935,-0.517713961697701,0.4720538942535469
5,7,-0.3202920745310033,-0.5138840740390448,0.46354449942719983
6,7,-0.2567396648719176,-0.506823893243254,0.45947123790830924
7,7,-0.18707143193888748,-0.4974052859362637,0.45179534114871384
8,7,-0.11288217953415665,-0.4866402948269027,0.4363861319134822
9,7,-0.03538835821519947,-0.47511887486607035,0.4215116821366808
10,7,0.043883013501400996,-0.46348465735573346,0.423034617585005
11,7,0.12350553831925783,-0.4522485829157715,0.4168717276641667
12,7,0.20229900460229738,-0.44174489070684925,0.4163475380442775
13,7,0.2792186471831171,-0.4322144776864917,0.4215247278958276
14,7,0.35332545278183985,-0.42352791393846007,0.4291768109306001
15,7,0.4239389536206962,-0.41574076536682564,0.44183626254633906
16,7,0.4905746336111376,-0.4082691669211724,0.46895576825180035
17,7,0.553332672170381,-0.40038240774404665,0.4939779176117342
18,7,0.6122336039152706,-0.39091768119648823,0.527166903410414
19,7,0.6677008271751205,-0.37840727931398643,0.5558319702526718
20,7,0.7203293416743088,-0.3614340038809904,0.5834728946456991
21,7,0.7710771627324893,-0.3383307408341441,0.611706494335616
22,7,0.8206941639762915,-0.3077697647397428,0.6322802538192414
23,7,0.8700945600335634,-0.26837316373589404,0.6486697457993041
24,7,0.9203899385125648,-0.21999610570238035,0.6481255120036574
25,7,0.9726700569225194,-0.1625657970172328,0.6396149414399223
26,7,1.0274052480115503,-0.09697493195285511,0.6268374326080312
27,7,1.085333556964494,-0.024686465452486605,0.6083373852920843
28,7,1.1468324228511306,0.05218634177463421,0.5706030828647589
29,7,1.2120521981855525,0.13145401069065246,0.5386496715317007
30,7,1.2805253928428755,0.21064066808621462,0.502434239326173
31,7,1.3516885986565088,0.28725226364726786,0.47406351657984946
32,7,1.4245826049623238,0.35954756308238783,0.4451833830381212
33,7,1.4980177691119965,0.4256858799073794,0.42580497441502424
34,7,1.5704206822996425,0.4850136564013443,0.4159990142046225
35,7,1.6400966081603647,0.5367455011782966,0.4111402443452487
36,7,1.7051558728054237,0.580574115391064,0.4029633481358224
37,7,1.763534213128456,0.6169610996500282,0.4053744561181623
38,7,1.8132849676849945,0.6463900690591613,0.4124955693378701
39,7,1.852586081068414,0.6694327636324722,0.4217253171319742
40,7,1.8796704892632925,0.6873324655862053,0.43990910885084866
41,7,1.8929720689426763,0.7012074072047825,0.45375367552065327
42,7,1.8914552399577769,0.7123828686498288,0.46859286589572857
43,7,1.87438522863908,0.7220451523550308,0.4830262637654371
44,7,1.841372054009739,0.7312684424265884,0.488193933566014
45,7,1.7924698735326976,0.7405455062440478,0.48319639706536605
46,7,1.7283066060184706,0.7499402661907839,0.47300992668437825
47,7,1.649688924787638,0.7587967027933534,0.4489960863998274
48,7,1.5580116418926113,0.7659269065674991,0.42176955793431553
49,7,1.4551346148127438,0.7690939028387903,0.3880671952833021
50,7,1.3429437034354685,0.7658833550755684,0.3515888968476339
51,7,1.2237947560402134,0.7535669164383713,0.3203620652963676
52,7,1.1000531154407787,0.729567353799647,0.2906707154490164
53,7,0.9742997345199594,0.6916119946464528,0.2605408450938351
54,7,0.849200750644857,0.6378432995039278,0.25359590788460595
55,7,0.7272940735854185,0.5676972398783948,0.24887467060524796
56,7,0.611042961207482,0.48118727744192474,0.2618120440727094
57,7,0.5028085880360433,0.37958045744444224,0.28717203838840033
58,7,0.4047632222633834,0.26515871589480683,0.3238715845508751
59,7,0.3184976264972581,0.14081062484375925,0.3649377084846898
60,7,0.24574777776717904,0.010098143838541167,0.41798764506731334
61,7,0.18761664275122086,-0.12304622951060196,0.46590772441059386
62,7,0.1451664762105025,-0.25484182622669016,0.5099945243313518
63,7,0.11871102410440705,-0.3816490153602688,0.5444629689078553
64,7,0.1083461055141518,-0.5009484470886233,0.572962730227939
65,7,0.11396095401524385,-0.6106024541037159,0.5957388870039998
66,7,0.13500365802125966,-0.7096744051932994,0.5918320138816209
67,7,0.17048197108576255,-0.7981146442738263,0.5973334354658533
68,7,0.21940592401370218,-0.8764639997498039,0.5850102955235575
69,7,0.2803079813477468,-0.9458778189318051,0.575272556957277
70,7,0.3516503966523935,-1.007675485404057,0.5707703930530076
71,7,0.4316054809447321,-1.0630439976226436,0.5634684331249317
72,7,0.5185881919848621,-1.112724962883807,0.5668905561781596
73,7,0.6106310764447059,-1.157148499191576,0.5643264517884221
74,7,0.7058705299589823,-1.1961617469369992,0.5775429928800352
75,7,0.8025701102051157,-1.2291388435782242,0.5868617286260671
76,7,0.8991371086944635,-1.2552061231659084,0.6015203224280424
77,7,0.9941077476651637,-1.2735213047897709,0.6042528201244026
78,7,1.0860654984196279,-1.2833635810579447,0.6149212550789916
79,7,1.1741348294205414,-1.2843356322880077,0.6062000180196634
80,7,1.2573727986160512,-1.2763816624661632,0.6011296327415465
81,7,1.3353801147033524,-1.2602121639875516,0.5824433275796025
82,7,1.4077961130061447,-1.2374405996252293,0.5601832221941032
83,7,1.4746073087699043,-1.2094189222447642,0.5280472629956061
84,7,1.5362091320762574,-1.1786162840758991,0.5084211129196741
85,7,1.592833656430029,-1.1471704054876506,0.46706785114423266
86,7,1.645217196124161,-1.1179011728770383,0.4430880468072517
87,7,1.6940731028975162,-1.0930552810460392,0.41557250477363283
88,7,1.7401586516445868,-1.074200666995613,0.4036526199484702
89,7,1.7845432226648617,-1.062629355131369,0.39484907474146863
90,7,1.827732830010422,-1.059037953911375,0.4049718086794909
91,7,1.8707016719255711,-1.063057627591557,0.41657318554289197
92,7,1.9140388047461743,-1.0734979349172546,0.4433958942577634
93,7,1.958192686611051,-1.0890705585924896,0.46759943306737306
94,7,2.003527045821813,-1.107579617708709,0.4936079772129615
95,7,2.050271043589483,-1.1270684614197546,0.5219599462765381
96,7,2.0984147954056502,-1.1455184310109767,0.5356551828166327
97,7,2.147733674126937,-1.1615475330011913,0.5554638637777832
98,7,2.1978434646229474,-1.1743254032560686,0.5514078024238548
99,7,2.2482784838550853,-1.1836506860620792,0.5512972371014999
100,7,2.29836112479031,-1.1901532456741521,0.5352446724057399
101,7,2.3476993489459685,-1.194931893632736,0.5163564863244878
102,7,2.395439744511923,-1.1996591843720332,0.49499477903515243
103,7,2.441078183970937,-1.2058162930541951,0.4800722426155911
104,7,2.4842541583060687,-1.214975681888401,0.4625213317662275
105,7,2.524234878914264,-1.2281526390472224,0.45280763736271173
106,7,2.5608493512012065,-1.2456687795753758,0.4587748055718519
107,7,2.5938588017860393,-1.2675928424712621,0.4632691205668089
108,7,2.623272404405629,-1.2924956333310713,0.48114916757806203
109,7,2.649111711839938,-1.318996189942854,0.4986593263455401
110,7,2.6716293095204433,-1.34508273454326,0.5209268275796202
111,7,2.691320580717255,-1.3690028543180361,0.5347637224150694
112,7,2.7086585579177447,-1.3890316937155955,0.5461935138861677
113,7,2.7240775670650246,-1.4039917309263548,0.5495508106108535
114,7,2.738035453540387,-1.4137076241172453,0.5514844552599537
115,7,2.7513859567141608,-1.4186665011224162,0.5288471159717261
116,7,2.7645982655215553,-1.4202990334729868,0.5159099048836986
117,7,2.778245575223765,-1.420466391011054,0.5051732384036033
118,7,2.7927585549271163,-1.421394021547534,0.4930914180921591
119,7,2.808492316116744,-1.4249997266888133,0.499205739494578
120,7,2.8257836302002395,-1.4328981662663909,0.5223778295802596
1,8,-0.5497863527525364,-0.45460279084473,0.36493459567024744
2,8,-0.5202989818463739,-0.46623953132069124,0.39591967616900664
3,8,-0.4807751753195743,-0.47385628864583584,0.42260622322483166
4,8,-0.43162025212412475,-0.4778506867428605,0.4395812468570786
5,8,-0.3738223755543417,-0.47846530683047167,0.43836084041200857
6,8,-0.30851738510495114,-0.4762214666211293,0.4353056328751198
7,8,-0.23687921038306856,-0.4716340695725589,0.42954738625999245
8,8,-0.160565036806006,-0.4653763352960616,0.4210245640108398
9,8,-0.08085244419312874,-0.4577741062241696,0.4190409556281154
10,8,0.0006626629382837526,-0.44927765167745976,0.41450755117192706
11,8,0.08249315369767982,-0.44028149904765124,0.4122073061304356
12,8,0.16339440242452952,-0.4310809319713642,0.41360181760515463
13,8,0.24226705342825533,-0.42195341603170056,0.4187343738973685
14,8,0.3181202605352922,-0.4128642788300379,0.42658493453214824
15,8,0.3902472812361149,-0.4040121383389215,0.4419465901311502
16,8,0.4581207351157025,-0.39499781564525976,0.4634759933688893
17,8,0.5218140284868495,-0.385303032089311,0.4791203421414564
18,8,0.5813284242220266,-0.374007206127895,0.5048652398031519
19,8,0.6370710899622776,-0.35988793932472407,0.5367230194377103
20,8,0.6896297618802464,-0.34176109537121796,0.5683031612343317
21,8,0.7399530289996902,-0.3181780713415423,0.5870463914427138
22,8,0.788785269265246,-0.2880001649820251,0.6166037830436896
23,8,0.8370435855063729,-0.2499947511450647,0.6247345647108508
24,8,0.8858436585018626,-0.2040932405442699,0.6319432204042696
25,8,0.9362817591489953,-0.15026853971825513,0.6290385668327789
26,8,0.9888354793340222,-0.08937691463748094,0.6102180210425293
27,8,1.0442677471219546,-0.022801280321344312,0.5948822802172276
28,8,1.1029734236469142,0.04747515756114986,0.5708364378513751
29,8,1.1651303609660226,0.11943248138974831,0.5411616259521286
30,8,1.230327442133383,0.19079709285696428,0.5089052209175824
31,8,1.2980481986338008,0.25928532992139935,0.48917448751060644
32,8,1.3673973215492006,0.3233777732511052,0.4651322523982941
33,8,1.4372452619315375,0.38146066613325086,0.45059083030249203
34,8,1.5060975777771752,0.4330663641118371,0.44146742175915027
35,8,1.572342282527731,0.4776025775069918,0.43721604620620963
36,8,1.6341755634432042,0.5149296211582806,0.4360285606554698
37,8,1.6896237245193289,0.5456511414594749,0.44141968773095946
38,8,1.7368217086372428,0.5703628541612318,0.4537090242964855
39,8,1.7740125140080378,0.5897454049742187,0.4672245813316043
40,8,1.7995096732878897,0.6051240711963144,0.48836106262464424
41,8,1.8117945411622902,0.6176726979400776,0.5053632768747547
42,8,1.8098632344467047,0.6287597513725727,0.5210987518734272
43,8,1.792998270531671,0.639588762507975,0.5314651501474621
44,8,1.760806104820084,0.651220533264832,0.5402314541131896
45,8,1.7133249620367321,0.6640952686327328,0.5323268652783462
46,8,1.651132556863755,0.6781832266249751,0.5107018393184668
47,8,1.5749773555541444,0.6927045675865533,0.4920001530921047
48,8,1.4861902928279411,0.7063021997599095,0.45306233222563375
49,8,1.3865343575479288,0.7165761674373874,0.411692133351318
50,8,1.2778057599908175,0.7209241189231649,0.36735334693669053
51,8,1.162258913847107,0.716443433954072,0.32369690543192314
52,8,1.0421580361930805,0.7004073187987853,0.2914849196082759
53,8,0.9199836712033853,0.6704266704409323,0.2614413858946931
54,8,0.798319172382292,0.624550169320175,0.23908534957119842
55,8,0.6796173597028213,0.5621474786213425,0.2351475188684718
56,8,0.5662679997196282,0.4831823506828394,0.24568648540984703
57,8,0.4605743326695459,0.38885625988802075,0.2589156007249757
58,8,0.3646704112918713,0.281383131033702,0.3015145814658005
59,8,0.28011494608356224,0.16357627414981246,0.3338188057777161
60,8,0.20863568904067398,0.03891186282869926,0.37912123233127665
61,8,0.1513455402125173,-0.08878922075034125,0.42358458073361543
62,8,0.10931950669884095,-0.21580194684603263,0.4675592645999585
63,8,0.08290755418599424,-0.33855130129072913,0.5051399962118518
64,8,0.0722506156677106,-0.4545245585910615,0.5304946794514306
65,8,0.07729191950581524,-0.5615504505952534,0.5483922752496633
66,8,0.09754251656425193,-0.6586262964399309,0.5559207905810876
67,8,0.13208576620777926,-0.7456080874867718,0.5625865884841909
68,8,0.17999306719922373,-0.8229441585398147,0.5541760865136762
69,8,0.23987853044404472,-0.8917052610307818,0.538857989829166
70,8,0.31027062191301885,-0.9531587059296748,0.5308962002871737
71,8,0.3894129878306964,-1.0084708060190122,0.5334070024571776
72,8,0.47577739235290306,-1.0584164468585675,0.5342320730057034
73,8,0.5674422455891825,-1.1034805599467719,0.5323431179738005
74,8,0.662589952543004,-1.143572337436664,0.5417752220728053
75,8,0.7595026131763138,-1.1781428221143107,0.5551042527071471
76,8,0.8566066427184802,-1.2063828257377136,0.5704533994872293
77,8,0.9524324876937246,-1.2274808451066075,0.5782952441067898
78,8,1.04554554457164,-1.2407216591130161,0.5848360376468067
79,8,1.135039569501056,-1.245692533916177,0.5882819816758279
80,8,1.2199362945398846,-1.2422761572176195,0.5806904359171674
81,8,1.2997821866181052,-1.2311027443936085,0.5707957783849092
82,8,1.3741520205065028,-1.213657032414624,0.5456748395970047
83,8,1.4429732158193402,-1.191148668083887,0.524359016121187
84,8,1.5065766559301994,-1.1658524021601477,0.5021809360207137
85,8,1.565135311807057,-1.1396893258620489,0.47602212316474146
86,8,1.619322852742896,-1.1152394092717146,0.44457863031703887
87,8,1.669816711575234,-1.0944997772170004,0.43287377490701057
88,8,1.717330194202812,-1.0788006732839623,0.4180450107361131
89,8,1.7629089804905467,-1.0692373063326794,0.41126734939198456
90,8,1.8070482211457284,-1.0663728163415829,0.4204485421840695
91,8,1.8507278417357897,-1.069812287562586,0.43553228804918226
92,8,1.8945629287651167,-1.0784407556330162,0.4532020258758934
93,8,1.9390219602610728,-1.091134842838773,0.4758365747852554
94,8,1.984515782980201,-1.1059749688657825,0.49445108353652223
95,8,2.031314988600989,-1.1213360826317882,0.508534157416438
96,8,2.0794518323295637,-1.135560032152824,0.5287496892475702
97,8,2.1287688109360037,-1.1475942645736399,0.5317542995725614
98,8,2.17892563315692,-1.1568966673623382,0.5306733752838874
99,8,2.229504257542388,-1.163449695158798,0.5183244840856713
100,8,2.2798621192532265,-1.167982898124825,0.5006888167156024
101,8,2.3296332305617584,-1.1715902529695736,0.488088464528079
102,8,2.3779863174382254,-1.1758633299769774,0.46083919532891315
103,8,2.424430711397028,-1.1821473297056402,0.4436746003089132
104,8,2.468590517242297,-1.1918710126097258,0.42590022655697984
105,8,2.5097242374351345,-1.205942629180455,0.41602450945997127
106,8,2.5476370844078966,-1.2246145857921924,0.41994586310456417
107,8,2.582065859482238,-1.2479567655997434,0.4207756371478407
108,8,2.6129755726681734,-1.2746306356537043,0.44515430149127294
109,8,2.640361477930645,-1.30337652012666,0.4548671252887716
110,8,2.6644310009486762,-1.3323317632529936,0.4786547143212343
111,8,2.6856360304298876,-1.3598685020887382,0.501989090774105
112,8,2.704423925001614,-1.3843253987243083,0.5205114578959876
113,8,2.7211989267863066,-1.4044953798654913,0.5250857484262906
114,8,2.7363898966716076,-1.420049322758479,0.5263663422454203
115,8,2.750832334226836,-1.431195534376894,0.5218754701155276
116,8,2.7649753851542154,-1.4389820949515237,0.5149366959717472
117,8,2.7793815992420776,-1.4448324882287336,0.5005160656557439
118,8,2.7944707009733905,-1.4504979947540666,0.5030380153373483
119,8,2.8105932847473167,-1.4575029535607527,0.514024369225134
120,8,2.8280812169215523,-1.467139920370407,0.5387186075610858
1,9,-0.6100578292537501,-0.40983559054291896,0.3222884419925065
2,9,-0.5801379169541767,-0.4229421120314185,0.3641338161676341
3,9,-0.5397634292173844,-0.43337507684486504,0.39200257417286966
4,9,-0.48937087860973727,-0.4412825643408731,0.40877606656707294
5,9,-0.42998657315630606,-0.44659496878462174,0.4162153754785712
6,9,-0.3628003959142023,-0.44946640762002427,0.41963248971807665
7,9,-0.2890466783329482,-0.45004126481468576,0.4215830251656648
8,9,-0.21044859139181168,-0.44863618158420004,0.42112164443180533
9,9,-0.12834902717047353,-0.4452907491050708,0.4228017821897552
10,9,-0.044417373919865104,-0.4402353415084545,0.417496141567406
11,9,0.03979483037643104,-0.433717249661326,0.41942732747164546
12,9,0.12297398867953654,-0.4259628024864275,0.41959836993526883
13,9,0.2039620832471523,-0.41725806025544143,0.42402219722938744
14,9,0.28171308225832326,-0.40764308478829947,0.42938833739950816
15,9,0.3554915949796639,-0.39744600648278056,0.43834043490378793
16,9,0.4247238921733519,-0.3864549851239447,0.462740527212065
17,9,0.48945379798404487,-0.3743792606694434,0.4789863064384205
18,9,0.5496612420173623,-0.36057106227516467,0.4999987567857483
19,9,0.6057350355567094,-0.3440934827078434,0.5263881643371826
20,9,0.6582539803456863,-0.32404620749220475,0.5434298364642419
21,9,0.7081549505260125,-0.29925143085976724,0.5740035140403066
22,9,0.7561757358839426,-0.2688105718955291,0.5958486075576322
23,9,0.8032353399636852,-0.23167746657305766,0.605425776521292
24,9,0.8504532266215101,-0.1878921961479471,0.6101391089025473
25,9,0.8989319362225139,-0.13749012919530862,0.6088787674616647
26,9,0.9491562716575027,-0.08129402077350445,0.5898761785910089
27,9,1.0019163216308415,-0.020596405836507146,0.5816426175184362
28,9,1.0576256701976086,0.04277136713559176,0.5510871449071171
29,9,1.116492247537615,0.10698712048353089,0.5300206983811322
30,9,1.1781665053501111,0.17001622517316783,0.5078841376297438
31,9,1.2421837219661005,0.22981950352280464,0.49321103104344804
32,9,1.3077181437468273,0.2851342498606551,0.4774680756729455
33,9,1.3737062086681386,0.33460826663738713,0.46495850711599507
34,9,1.4387392006899278,0.377987702638703,0.4603059923341686
35,9,1.5012952826315056,0.4148990936394257,0.46366928600323376
36,9,1.5596634265983416,0.4453909536630752,0.4638369352267505
37,9,1.6119677179720293,0.47021998528587566,0.486468797138907
38,9,1.65643102201943,0.49009927852865687,0.49189807852800504
39,9,1.6913662280548063,0.505813031564921,0.5199510405739599
40,9,1.71517213426394,0.5187531539128754,0.538119806804469
41,9,1.726380706211207,0.5301247330194268,0.5537453737738371
42,9,1.7240208465522013,0.5413056593231808,0.5671175487771113
43,9,1.707391964785225,0.5534797925340621,0.5792913392433463
44,9,1.6760955230028065,0.5676570776281153,0.5795546784508414
45,9,1.6301506362051807,0.5841912651863986,0.569231365802765
46,9,1.5700796449537737,0.602935252809256,0.55409520019187
47,9,1.4965673204300176,0.6229729421741956,0.5230761120718569
48,9,1.4108745261420743,0.642778077581242,0.4841817419420294
49,9,1.3146589278162795,0.6598016137117237,0.43612506223376796
50,9,1.2096198281038326,0.671275463691594,0.392852770996777
51,9,1.097902210814554,0.6741531501978584,0.3439057772950818
52,9,0.98166138461126,0.6655918127038993,0.30029709162563384
53,9,0.8632703287964737,0.6431169963566247,0.26089396465829734
54,9,0.7452237228405033,0.6047126689349335,0.23657157779950552
55,9,0.62988383044866,0.5497043841888088,0.23404643155753815
56,9,0.519562528268696,0.4780224401977201,0.23224796319844673
57,9,0.4165017633946741,0.39081239925626715,0.2516182939699083
58,9,0.32279611438889383,0.2902215115974676,0.2813675756819634
59,9,0.23997168164802313,0.1789843038074179,0.3076987911653306
60,9,0.16974906692254368,0.06048126729471609,0.35850349811631094
61,9,0.11325398986185423,-0.06159271501777314,0.3999603226807752
62,9,0.07157662801959666,-0.1835849537897896,0.4396741797304236
63,9,0.045108013092094265,-0.3020041233314508,0.46933770531071095
64,9,0.03404006867539215,-0.4143596448703701,0.4949240981642271
65,9,0.0383749979257878,-0.5184589554153125,0.5138741955587208
66,9,0.05769366154871893,-0.6132424923146431,0.5250190379059949
67,9,0.09116231636534824,-0.6984731387801588,0.5215102114727758
68,9,0.13791952606006574,-0.7745043455964481,0.5189461025596533
69,9,0.19666786522747662,-0.8423148749552937,0.5182487293500107
70,9,0.26600717299091897,-0.9031130572720159,0.5070181443820589
71,9,0.3442584738699006,-0.9580385898359736,0.503923227481902
72,9,0.42995410558715336,-1.0078971074655296,0.500563019002751
73,9,0.5212211991382709,-1.0532325963311757,0.5059887060319294
74,9,0.6162912335578271,-1.0940262155820477,0.5155861157750198
75,9,0.7134645050536966,-1.1298238106229952,0.5276735371064518
76,9,0.8111869972765657,-1.1598994984968594,0.539924797896807
77,9,0.9079817448037338,-1.1834943425157616,0.5552412811129281
78,9,1.0023933475036133,-1.1999189472063758,0.5636799881750987
79,9,1.093481322566288,-1.2087600139652395,0.5675714478175661
80,9,1.1802280424240803,-1.2098469533050915,0.562066648012234
81,9,1.2621204837779436,-1.2037280127853331,0.551652827530835
82,9,1.338663462726182,-1.1917498636915131,0.5432393821164214
83,9,1.4097198308481358,-1.1749621727962747,0.5215506009236553
84,9,1.4755505777541174,-1.1554217946808067,0.5005260775899796
85,9,1.5362648264818424,-1.134807081926083,0.4783938881121719
86,9,1.5924688853289946,-1.1154306689464688,0.4615262946591344
87,9,1.6448017129136323,-1.0990173564729755,0.45053188780121733
88,9,1.6939291846123423,-1.0866432506614998,0.4351620636501707
89,9,1.7408711676870623,-1.0791990078630729,0.4314470296612835
90,9,1.7861116302467894,-1.0771146243164356,0.440857006727286
91,9,1.8306361436533738,-1.0799788215892492,0.44847239517210824
92,9,1.8750877965497514,-1.0867717077861099,0.4658141365465539
93,9,1.9199558467295441,-1.0965592489966236,0.4792928183530386
94,9,1.96570142133221,-1.1077265507179375,0.49349792042225954
95,9,2.0126385454705016,-1.1190093090164919,0.5122748604299905
96,9,2.0608438471227015,-1.129137029165496,0.5162341449078351
97,9,2.1102312557781544,-1.1374063105903138,0.512048246414371
98,9,2.1605058388217384,-1.1435741712207983,0.5067144003299625
99,9,2.211300107784559,-1.1478075905377005,0.49098680799468275
100,9,2.2620077978052375,-1.15092248387575,0.46901505572951585
101,9,2.312289654956702,-1.1539838141412482,0.45305940400676015
102,9,2.3613373424654927,-1.1584659769282737,0.43600258467376146
103,9,2.408673658349764,-1.165537341176978,0.4114666031193412
104,9,2.4539055016183675,-1.1764374884891173,0.4002430243655734
105,9,2.496282056627593,-1.191925485941063,0.3917735236204129
106,9,2.5355827519933114,-1.2121494464663016,0.3916687531881024
107,9,2.5715190356374005,-1.237157400825006,0.401106188365866
108,9,2.6040087046624487,-1.2656928323302512,0.4109646975633445
109,9,2.6330201971382023,-1.2966229357065606,0.43281986810663337
110,9,2.6587139904762376,-1.328252904527142,0.45744300767888696
111,9,2.6814967538205994,-1.3591076210820172,0.47453677851951914
112,9,2.701789883731443,-1.3876237266026428,0.4886600094328328
113,9,2.7199680116069875,-1.4126026703905556,0.5044832373553194
114,9,2.7364308169988036,-1.4335931412781033,0.5135109830811869
115,9,2.7519962405627845,-1.4505527878140436,0.5124862077884406
116,9,2.7670937368030892,-1.4641663693707148,0.5195617178221035
117,9,2.7822765054837295,-1.4754327900567572,0.5161410686840978
118,9,2.797954105479213,-1.4856349291608497,0.5219229154731733
119,9,2.814473413908076,-1.4959047871692157,0.5356855899160853
120,9,2.8321615177347144,-1.5072128781476473,0.5639469123809873
1,10,-0.6727012280654739,-0.3693884883566759,0.2860137668347173
2,10,-0.6423261262094758,-0.38397769327726194,0.3268626579821879
3,10,-0.6010560280610692,-0.39725730178799534,0.3561061119884685
4,10,-0.5493599189482733,-0.40913214715760476,0.3848581675199066
5,10,-0.4883041076299796,-0.4192286055136167,0.3968933137092374
6,10,-0.4191340470604356,-0.4273379421882691,0.4090356942547647
7,10,-0.34314750764749946,-0.43323519557022566,0.41924950548180606
8,10,-0.26213590064366415,-0.4368757971990226,0.4214758066120423
9,10,-0.17751044480048547,-0.43799974412349846,0.4299910525587019
10,10,-0.0910173294075401,-0.43659571404132785,0.4301052513933856
11,10,-0.004274978568414922,-0.43273358838380477,0.43279712299120876
12,10,0.08133058043406415,-0.4265380716293001,0.43938620553894775
13,10,0.1645793364616318,-0.41827015936525763,0.4389651225474379
14,10,0.2443675945274781,-0.40801764518905753,0.4434370002048099
15,10,0.3199290028455333,-0.39621671019695875,0.4534377840040454
16,10,0.39064047285980624,-0.3828383858806133,0.46249679141261363
17,10,0.4565134115545821,-0.3678280351865904,0.483509998641108
18,10,0.5175043839459232,-0.3508357727395296,0.4942410601421704
19,10,0.5739815338927967,-0.3312465957739572,0.5187742142158691
20,10,0.6265127805348644,-0.3084924955527119,0.5355458686765757
21,10,0.6760207087765161,-0.2817179528827815,0.5564132871434982
22,10,0.7232354132114154,-0.2503156618492534,0.5684507299280533
23,10,0.7690764579651672,-0.21346795350416242,0.5828554067981025
24,10,0.8146667833417595,-0.17135832233959894,0.5840331572674407
25,10,0.86111482211287,-0.12410293387029683,0.5761299282855453
26,10,0.9089126140858546,-0.07249633173813583,0.5742209690557961
27,10,0.9588795642161394,-0.017732277662585647,0.5603563745861383
28,10,1.0114493609201785,0.03853013985690768,0.5368134989651925
29,10,1.0668625401042555,0.09469357703220983,0.5190818008363287
30,10,1.1248357721095519,0.14899898515353377,0.5050415882922471
31,10,1.1849605777061365,0.19968599245596264,0.48926433867963975
32,10,1.2464855889555237,0.24578399334257753,0.48279146197801637
33,10,1.3084184417505447,0.28623805407240016,0.48025305138329827
34,10,1.3694416577851267,0.3210372696560962,0.47783953904477566
35,10,1.4281295445749913,0.3500528968793301,0.4871294131140685
36,10,1.4828690768099124,0.3735417772968117,0.5005763286233844
37,10,1.531887376089457,0.3924225978730973,0.5138860190758118
38,10,1.573499638220571,0.4075278095294111,0.5324290281934289
39,10,1.606091765043211,0.41973391651853964,0.5525181518136895
40,10,1.6281500456480338,0.4304762840077449,0.5787364978638696
41,10,1.6382586303566489,0.4409577218804124,0.5931467987834882
42,10,1.6354787991739492,0.45252077267882407,0.6052008853143067
43,10,1.619125157570857,0.46628187367095336,0.6219261186815284
44,10,1.588791972091222,0.4831524160498001,0.6184929051706678
45,10,1.5444754412880648,0.503357644574734,0.6060384526952958
46,10,1.4866375256476463,0.5266048256292775,0.588007532340077
47,10,1.4158944107299085,0.5518283726236335,0.5569047495285605
48,10,1.3334312435110263,0.5773367864524594,0.5083552899405542
49,10,1.2407933919159446,0.6004533509192973,0.4608666199445279
50,10,1.1395775161947834,0.6182777072039685,0.40995451498391533
51,10,1.0318130577098061,0.6276637795476205,0.35822617868255113
52,10,0.9195406063281543,0.6257006247321414,0.31108286610849284
53,10,0.8050206625269554,0.609873880364024,0.2685593432321286
54,10,0.690655180433499,0.5781449309180731,0.24917066839988475
55,10,0.5787126014991804,0.5298280946846151,0.23066559752942045
56,10,0.47142454503024894,0.4648447758942715,0.232618891263418
57,10,0.37097011203327385,0.3843007245148236,0.2394251068167547
58,10,0.27940466593389834,0.2902813213190334,0.26709346691515573
59,10,0.19822276978115722,0.18544050437228052,0.2985516827836384
60,10,0.1291400360461829,0.07305284003700752,0.3331616693941449
61,10,0.0732988213535153,-0.0433280911608721,0.3782335697092307
62,10,0.03180758613090009,-0.16014235928835613,0.4161686889987074
63,10,0.005103818626448259,-0.2740053118156555,0.44579615565156094
64,10,-0.006563333625729656,-0.38246889051444355,0.4790806124739223
65,10,-0.0031278213772624286,-0.48333711519757694,0.49601162469145843
66,10,0.015067787860278542,-0.575508432671725,0.5027357708020741
67,10,0.04727955456209905,-0.6586588055803935,0.5028499853145445
68,10,0.09271872438447093,-0.7330481884173042,0.5021062294102129
69,10,0.15018225814872924,-0.799558888371781,0.4917550411802514
70,10,0.21834579207181218,-0.8593345936639478,0.49046965626706573
71,10,0.2956129212788579,-0.9134826081330741,0.47798454620524594
72,10,0.38057935606979115,-0.9628354298743967,0.48091907222628355
73,10,0.47142301123234764,-1.0079988700340672,0.4887685749832147
74,10,0.5664264978400366,-1.0490349462422484,0.4922300695304003
75,10,0.6639071130924671,-1.085601076401656,0.5114166612092744
76,10,0.7623301006786953,-1.1170725334256668,0.5230497494182228
77,10,0.8602089210971648,-1.1427650327802814,0.5318375913367467
78,10,0.9560643370644498,-1.1620354992617872,0.5450764461763877
79,10,1.04891795834709,-1.174485119934576,0.5544681067936245
80,10,1.1377085388292678,-1.1798993069160058,0.5548779534471844
81,10,1.221858562090134,-1.1787433895120958,0.5440781179366685
82,10,1.3007980777081243,-1.172218494654877,0.5383192358420363
83,10,1.374320118336167,-1.1611991354951294,0.5169445151617555
84,10,1.442611036362929,-1.1475052051432741,0.49929546100581773
85,10,1.5057118507928229,-1.1325523803662683,0.4892792508424374
86,10,1.5641574962750575,-1.1183661684056883,0.4778469511592134
87,10,1.6185461337809477,-1.1063851638513098,0.4652434515438412
88,10,1.6694931548272371,-1.0974244392300334,0.462901153691687
89,10,1.717990432470257,-1.0921708863607524,0.464060757284275
90,10,1.7645105154343401,-1.0909284559178587,0.46514859353323057
91,10,1.810043993151826,-1.09328171048867,0.4683055992306379
92,10,1.8552631612662174,-1.0983247199651431,0.4818625170665031
93,10,1.9006781161756545,-1.1053320753527904,0.49640839564790906
94,10,1.9468023047521208,-1.1130128059063207,0.4991694013772305
95,10,1.9939940322575989,-1.1204808240126405,0.5024409726611786
96,10,2.042375497278437,-1.1268672281720578,0.5109551415246237
97,10,2.0919348467209,-1.1318247514720838,0.4957480582474286
98,10,2.1424227162032845,-1.1354088530793356,0.48912478012672767
99,10,2.193523979533316,-1.1379634735473192,0.4708217556973426
100,10,2.2446690847855484,-1.1403718758488037,0.4484954880946352
101,10,2.295545461579651,-1.1436435803985465,0.4270854777897583
102,10,2.3453679505460254,-1.1490992889525744,0.4164116045094292
103,10,2.3936724262577718,-1.1576915609483864,0.3905283489283197
104,10,2.440047112233456,-1.1704268958799788,0.3813933963408555
105,10,2.483731534224217,-1.1878742720128734,0.36936884799242037
106,10,2.524477939449322,-1.2100425894584632,0.3769146932062656
107,10,2.561972314700361,-1.2369342860308281,0.3834029707300038
108,10,2.596083328802661,-1.2673637192143203,0.39413033565327693
109,10,2.626753110923751,-1.3003279588027,0.4109171116242259
110,10,2.6540949038263615,-1.3343166247164355,0.4343471920417896
111,10,2.678469868493938,-1.3680350530680871,0.4548476369496705
112,10,2.700274227850786,-1.4000541613622224,0.47097778494456927
113,10,2.719854983516043,-1.4292271479711482,0.4882028569837888
114,10,2.737583723057575,-1.4550201013776083,0.4960167914226307
115,10,2.7542625079070304,-1.4771799503332537,0.5186693976197317
116,10,2.7703026053603823,-1.4960613323008656,0.5148878070322584
117,10,2.78625001541325,-1.512266566366454,0.5193598486925939
118,10,2.8025056811711,-1.526631039202396,0.5328253324687179
119,10,2.81941408242704,-1.5399078182047206,0.5498912588592721
120,10,2.8372979504362914,-1.5527552853422733,0.5815798555376194
1,11,-0.7369670724596259,-0.3342318261596922,0.26592337910984154
2,11,-0.7061270876154968,-0.350256589280972,0.3047495666133465
3,11,-0.6639418170677168,-0.3662988803971423,0.33820479910343915
4,11,-0.6109129920217112,-0.38203775699846215,0.3627337834399672
5,11,-0.5481475616535274,-0.39681797413561404,0.3886661917823193
6,11,-0.47694618409947953,-0.41008810044566957,0.3993761798792232
7,11,-0.39867117318339174,-0.42127069002351386,0.4208545983646894
8,11,-0.315182185474018,-0.4299697790854742,0.42956438381860895
9,11,-0.2279596539019132,-0.4356231416229552,0.43620274740040044
10,11,-0.13882758300585715,-0.43796306318223555,0.44290396396761395
11,11,-0.04947152720500762,-0.43685537197842716,0.4513310551298105
12,11,0.03864859423764868,-0.4322908755708366,0.4595335120373687
13,11,0.12424919263101612,-0.4244691201495651,0.46070727970734615
14,11,0.2061680273855031,-0.4134940650820767,0.46813612775552566
15,11,0.2836062987269893,-0.39988240036528855,0.4680092061348183
16,11,0.3558895613801963,-0.38377681382901124,0.47900643107470825
17,11,0.42299440479684464,-0.3653600541306164,0.4845822783224903
18,11,0.48485223626321494,-0.3445973747589554,0.494461016295313
19,11,0.5418082211213149,-0.3212249181120502,0.5063424727068031
20,11,0.594417099887358,-0.2950485820644814,0.5217962309300308
21,11,0.6435841393611461,-0.26558101408244533,0.5283517913209956
22,11,0.69003027178511,-0.23255250879296335,0.5403208416536386
23,11,0.7346735979017012,-0.19541279436283832,0.5481951437652984
24,11,0.7786395688032574,-0.15452250285817212,0.5571890597182081
25,11,0.8230415326231992,-0.11009667860367378,0.552190227216048
26,11,0.8683781625501518,-0.06290865967748938,0.5430738479823997
27,11,0.9154996044925956,-0.014047410731715858,0.5377478121375836
28,11,0.9648603830827529,0.035017804461036216,0.5203520671566181
29,11,1.016735503102163,0.08293847796613138,0.5010787505765172
30,11,1.0709113040298395,0.1282650896484455,0.4936372750693302
31,11,1.1270392383595167,0.1695483354208805,0.48228583555710536
32,11,1.184445855727559,0.20614336389848578,0.48328285240935404
33,11,1.2422142201796205,0.23732711318560618,0.48341800032838694
34,11,1.2991220386902218,0.2633602489875687,0.48983158875598226
35,11,1.3538442490548614,0.2843831959225014,0.5026623222173463
36,11,1.4048693664866019,0.3008793662228161,0.5258697578090731
37,11,1.4505308980710554,0.3139355643360214,0.5401542971776664
38,11,1.489239122927146,0.32450180421239555,0.5629574604918944
39,11,1.5194546874472394,0.33353015234042477,0.585583253278061
40,11,1.5397515343672528,0.34246965071066554,0.611247681726022
41,11,1.5487664519934468,0.35248002413650736,0.6307160709681291
42,11,1.545591728594327,0.36481543507650394,0.6431183098318155
43,11,1.5295546789964587,0.3804694259972196,0.6558231755541352
44,11,1.5002399020433659,0.4002000474881867,0.6480911062977647
45,11,1.457616783877401,0.42405672147835116,0.6353024683344681
46,11,1.4020825093315978,0.4515702061941374,0.6155372828679347
47,11,1.3341807482890338,0.4815124053853936,0.5796583774951481
48,11,1.2550161868649132,0.5120343003332083,0.5361996112088749
49,11,1.166016634806517,0.5403592686612103,0.47975207486301774
50,11,1.0686720125382008,0.5634974361332634,0.4240718911727013
51,11,0.9648920266420602,0.5782587969081999,0.3723073941999308
52,11,0.8565986850520907,0.5817240933904536,0.3244810263354292
53,11,0.7459371726161231,0.5713964715677048,0.280574061192671
54,11,0.6352143483742447,0.5452675084500838,0.251886102564808
55,11,0.5266033895391682,0.5026817946334079,0.2369322047918066
56,11,0.4222550272078387,0.44358280691515517,0.23816358307092986
57,11,0.3242853274076719,0.3690570711199075,0.2417019490607703
58,11,0.23471188715704944,0.2811348142798641,0.2715272849502966
59,11,0.1549999710288235,0.18238769147594108,0.2929033455438611
60,11,0.08686308049826998,0.07597257444022212,0.33358297011763083
61,11,0.03146446113488556,-0.03471548957782609,0.374439291738616
62,11,-0.010065643247619962,-0.14623374638308484,0.41224378247413296
63,11,-0.03723768764736518,-0.2553309509694094,0.44694690752847094
64,11,-0.049739017441032485,-0.35962614734095594,0.4711916342159412
65,11,-0.047435185375030844,-0.4569424824370115,0.4818382339803785
66,11,-0.030585678814041433,-0.5461557407918894,0.4951047429120727
67,11,0.00016177642714362375,-0.6268650824535595,0.4971480229389254
68,11,0.04409627582598423,-0.699241219635342,0.49190458037398727
69,11,0.100114172077166,-0.7640680537394878,0.4866275998410063
70,11,0.16697061204906638,-0.8224199272151468,0.4778512015498941
71,11,0.24315615411478483,-0.875365912734644,0.47763160095183593
72,11,0.327331841472258,-0.9237602741316923,0.4751112964299549
73,11,0.41772766345259743,-0.9682716573840164,0.4739626286510696
74,11,0.5126785985705052,-1.0090503167658045,0.4870937650935704
75,11,0.6105170117151217,-1.045879808732838,0.48938655157430827
76,11,0.7097263295151303,-1.0782522586631267,0.5022674495804689
77,11,0.8088079042188641,-1.1055788038187493,0.5162057358588167
78,11,0.9062553381120034,-1.1272816225606943,0.5324650447501009
79,11,1.001048534952514,-1.1429901842958106,0.5397071256256961
80,11,1.0920781824136956,-1.1524549790359095,0.5401288073532522
81,11,1.1786974854722994,-1.1560576868891264,0.5338870727382904
82,11,1.2602574687999404,-1.1548481401883817,0.5328541860775958
83,11,1.3364763474921606,-1.149513632674169,0.5191171992780818
84,11,1.4074616297731277,-1.1416234476874338,0.5130739809415333
85,11,1.4731824306640013,-1.1323180787077085,0.5009061182362207
86,11,1.5340990410178639,-1.1233252016498514,0.4898220717010328
87,11,1.5907666714245077,-1.1157933306210803,0.48625543769030627
88,11,1.6437475716790126,-1.1102800192674875,0.48250626867218493
89,11,1.6940035151104569,-1.1072780309508041,0.4818329014565421
90,11,1.7419954545618914,-1.1069789759920925,0.48541546744247077
91,11,1.7887179233251664,-1.1089774605298148,0.49138760153751976
92,11,1.8348729809488113,-1.1124987032762468,0.4976747646255138
93,11,1.8809910720905592,-1.1170387437711669,0.5089823441586068
94,11,1.9276389693382752,-1.1216393440175865,0.510677263653168
95,11,1.9752191185348285,-1.1257970171362417,0.5089178620796531
96,11,2.0238995958797323,-1.1290438270349141,0.5001099204753857
97,11,2.073744204494028,-1.1313818572462038,0.4861678069461719
98,11,2.1245483217118215,-1.1331520148793852,0.479026558083075
99,11,2.1760500860912484,-1.1348591173695193,0.4568989421300627
100,11,2.227716335901798,-1.137429538371123,0.4329228250006303
101,11,2.2792606439802343,-1.1417898188768942,0.407743837621511
102,11,2.329920847430654,-1.1490721391820218,0.39454741905743224
103,11,2.3792452966831203,-1.159978463652047,0.37660328110216534
104,11,2.42680247534024,-1.1752428107056951,0.3715697035454072
105,11,2.471822389780407,-1.1952075008925338,0.36548992698978733
106,11,2.514029326179969,-1.219710257221618,0.36956148828029084
107,11,2.5530846733563264,-1.2486857385064032,0.37445921817607924
108,11,2.58880718293181,-1.2810070256095423,0.3898809743047009
109,11,2.621114212425296,-1.3158018487188357,0.4067373045491081
110,11,2.6500729459736325,-1.351758033791139,0.4233232236402173
111,11,2.6760001423424837,-1.387786928418054,0.4442980533841279
112,11,2.6992686241846022,-1.4226293892902067,0.46432883034455114
113,11,2.72020110026853,-1.4552355677460653,0.48752582534184763
114,11,2.7391432555372464,-1.4850332478573052,0.5000159846207868
115,11,2.7568838775685047,-1.5116068577916213,0.5088912716639936
116,11,2.773818479488096,-1.535024923238677,0.5163521099986859
117,11,2.790488673674348,-1.555533247738947,0.530922834866824
118,11,2.8072890490865454,-1.573553383149981,0.5498651875962682
119,11,2.8245633651732596,-1.5894836556089855,0.5675222625472934
120,11,2.8426306269308763,-1.6036888198314905,0.5977167149275686
1,12,-0.8023454533864817,-0.30528425860039343,0.2328485371119353
2,12,-0.7710405291090641,-0.3226377671518731,0.28285780871432575
3,12,-0.7279393371640722,-0.34124448661415474,0.31581061163107466
4,12,-0.6735757607943609,-0.3605852998758364,0.35587064568517757
5,12,-0.6090969776502189,-0.37975875206774196,0.3807805608449476
6,12,-0.5358568641036344,-0.39790579013515703,0.40221990121215095
7,12,-0.45528178802269426,-0.41412858592380164,0.4214160707700608
8,12,-0.3692977652670264,-0.42770405433938097,0.44169098677102503
9,12,-0.2794535886586033,-0.4377770707313293,0.4596096738494832
10,12,-0.1876501749111088,-0.4438181311165699,0.4667569731521444
11,12,-0.09563876314139931,-0.44546915482841964,0.4779366164992109
12,12,-0.004953030035118953,-0.44255888851037717,0.48190470048144096
13,12,0.0830595068254464,-0.43519023593226414,0.4871149264246267
14,12,0.1671783640902547,-0.4234506354485531,0.4884061231230013
15,12,0.2465711371807443,-0.40790656909345807,0.489609775746095
16,12,0.32051066606359463,-0.38885553471523454,0.48525440948370785
17,12,0.3889364009337654,-0.3667114069690367,0.4913920122839727
18,12,0.4517526967499139,-0.3417618677661722,0.49739371185068726
19,12,0.509279194586162,-0.3141129081507306,0.49707401046702276
20,12,0.5620546087327307,-0.2839740851964994,0.5051434328771172
21,12,0.6109632982276542,-0.25126103665092364,0.5100255945945578
22,12,0.6567152051087234,-0.21607755091960798,0.5104119812197841
23,12,0.7002242340097188,-0.17817169899584584,0.515239431040317
24,12,0.7426168432487585,-0.1381096411319067,0.510202613198869
25,12,0.785009846270071,-0.09622058898222394,0.5130258855572019
26,12,0.827907650016987,-0.05326417162448751,0.505589873663699
27,12,0.8721919793260869,-0.010221142954440281,0.49845122829842414
28,12,0.9183387113802303,0.031642319711395764,0.48937475225723737
29,12,0.9666588177015546,0.07124525120722405,0.4775688051475065
30,12,1.017010975566092,0.10747592430173523,0.47498123006992066
31,12,1.0691097834290837,0.13922352213700742,0.47703371010256057
32,12,1.1223623340741402,0.16619807176680848,0.4779599176021061
33,12,1.1759306760484227,0.18803942558898612,0.48730856146045426
34,12,1.2286904903720575,0.20530584482707576,0.5004875807870386
35,12,1.2794205407784185,0.21842851483088424,0.5229224452709903
36,12,1.3267130359815613,0.22813277160681258,0.5443284537471236
37,12,1.3690094299876348,0.23567657629437713,0.5629380463669744
38,12,1.4048162660220618,0.24212198863129306,0.5950801668619871
39,12,1.432669341274701,0.24847540007840582,0.6147247661573049
40,12,1.4512284151922004,0.25616468019479743,0.6365912015548363
41,12,1.459182107504916,0.26626043186329074,0.6606491027917952
42,12,1.4556512797520096,0.279869930477496,0.6661301539513541
43,12,1.4399725052733852,0.29780361464580646,0.678937976919994
44,12,1.4117177051338026,0.3206072319695061,0.6750253236286525
45,12,1.3708252188822057,0.3481043428554081,0.6576757675041036
46,12,1.3176233894003522,0.3796172943672628,0.6283128712087301
47,12,1.2525801386765976,0.4137433745985064,0.5923264965876355
48,12,1.1767154770581112,0.4484871164907774,0.5446351217840847
49,12,1.0913358744632724,0.48100475222404043,0.4984739918072072
50,12,0.9978218072383251,0.5082664989593267,0.4355276140617169
51,12,0.8979607672862425,0.5271026065804221,0.38289888128153626
52,12,0.7935540846685211,0.534653723411714,0.3283724862984266
53,12,0.6866307801758424,0.5285067107634319,0.2867283784112162
54,12,0.5794018896734976,0.5067435505186829,0.26865287214310657
55,12,0.4739457762001813,0.4687863213684051,0.2530107612340011
56,12,0.3723334452603208,0.41463529517579895,0.24964047893588454
57,12,0.2766193257523669,0.34538024721201277,0.25632956586038647
58,12,0.1887860657522362,0.2630027263845963,0.27604854449717975
59,12,0.11027330314413956,0.16998864044138307,0.3129420662014062
60,12,0.042796349773830664,0.06936254357877802,0.34184835806256114
61,12,-0.012455645057097585,-0.035659105558974044,0.3804119128626716
62,12,-0.05432642329526288,-0.14177918175737597,0.41207964519503465
63,12,-0.08226819631923347,-0.24590972281382137,0.4480831361868381
64,12,-0.09589821313447741,-0.3457645406139035,0.47081917287767283
65,12,-0.09500908208749542,-0.43921154329300705,0.4850026809957078
66,12,-0.07977069235396614,-0.5251255052131203,0.4958600811024619
67,12,-0.05072850898720109,-0.6030410738961663,0.5016636518189845
68,12,-0.008510640255350472,-0.673044822139337,0.4962985058435545
69,12,0.045882867975209234,-0.7358213349165437,0.4895109360947831
70,12,0.11128970063756263,-0.7923704091444342,0.48528055694606675
71,12,0.18629091917050145,-0.8437157109540335,0.472613624236855
72,12,0.26961390602021224,-0.8907258313925561,0.4746718787002445
73,12,0.3595411942200596,-0.9341302195232407,0.47034587338888517
74,12,0.4544602849207966,-0.9741717832694093,0.47497733996561636
75,12,0.5527158709022386,-1.0107707482796118,0.48906507654660875
76,12,0.6528075161062081,-1.0435481101102042,0.49776567858422044
77,12,0.7532213588199373,-1.0720281620102923,0.5071979389389825
78,12,0.8524200003430396,-1.0957141906999959,0.5187417078535286
79,12,0.9493375528534991,-1.1142756681027999,0.5282885324664371
80,12,1.0428118389545131,-1.1274365989662123,0.5301392340245459
81,12,1.1321220760340829,-1.1354950045310517,0.532502182154245
82,12,1.216536392569863,-1.1393462169969835,0.5301486290381661
83,12,1.295693317839841,-1.1394829328923073,0.5222440232719381
84,12,1.3696177762685475,-1.1372172055068999,0.5141289990503579
85,12,1.4382035306786458,-1.1334108365451514,0.5139846264235387
86,12,1.501833612600759,-1.1294934787275226,0.5036984368278258
87,12,1.5610181988600669,-1.1263303711892334,0.500511905459809
88,12,1.616264185411571,-1.1242354987994803,0.5020067522893135
89,12,1.6685011130026515,-1.123525256589569,0.5106184329246438
90,12,1.718178234563776,-1.1242981184221852,0.5100817123075001
91,12,1.7662924846758554,-1.1261735686111451,0.5157683722571177
92,12,1.8135755923971897,-1.128521851042316,0.5156331907065358
93,12,1.8605773205584502,-1.1310652825134895,0.5210368169341741
94,12,1.9079177645386107,-1.133175830111011,0.5163104160976366
95,12,1.9560424441238191,-1.1347232337931903,0.5057547030638643
96,12,2.005164777069904,-1.1356252114318335,0.5040358796965958
97,12,2.0554243534828394,-1.1362130536512887,0.486521486229161
98,12,2.10665954177265,-1.137088895949221,0.46796477800302305
99,12,2.1586617874552543,-1.1388950867127041,0.44421482059542705
100,12,2.2109333904604105,-1.142573834749009,0.42344183664026025
101,12,2.263213098992148,-1.1489424236160457,0.40763851370146253
102,12,2.314761262703762,-1.1589144907989841,0.39180439771913045
103,12,2.365137991456696,-1.1729139890412024,0.37863124114016483
104,12,2.413891476506049,-1.1913711383840113,0.3675337913161843
105,12,2.4602428562497423,-1.214372949472578,0.3713776790952742
106,12,2.503888363745415,-1.241560124949503,0.37128363693119953
107,12,2.5444665462052605,-1.2727812724242895,0.38215248225201975
108,12,2.5817466282674064,-1.3069566041910419,0.3957351463453618
109,12,2.615623672543204,-1.3433434768267847,0.4103000652512587
110,12,2.6461213685311287,-1.380838030312691,0.4239316887553449
111,12,2.673514429560129,-1.4185789144140943,0.44180258831870023
112,12,2.698154889776404,-1.4555087615143645,0.45825535821725843
113,12,2.720345669842055,-1.4907176472240904,0.4726314984155348
114,12,2.7404096675548635,-1.523639581334699,0.4933012718493452
115,12,2.759125625868501,-1.5537480682579794,0.5090537299008608
116,12,2.776876571607794,-1.5808756081587383,0.5260434738379617
117,12,2.7942029523847873,-1.604959286500243,0.5376029763671717
118,12,2.8114958092796276,-1.6260493582897073,0.558303245460775
119,12,2.8291001359248265,-1.6442215950921473,0.5876961365754977
120,12,2.8473319347174377,-1.6595720199297932,0.6191329815068394
1,13,-0.868210494997788,-0.2828302664184744,0.22247414050136083
2,13,-0.8364523548085886,-0.30134823494529384,0.2599882381942338
3,13,-0.7924576289515805,-0.3222104414398629,0.3091941269684562
4,13,-0.7367907666069657,-0.34473586165870446,0.3412943870884833
5,13,-0.670637629589488,-0.36782352946460456,0.37111534368788335
6,13,-0.5954016522781114,-0.39035522411619594,0.4009814101186699
7,13,-0.5125709431898703,-0.41115887772421617,0.42922635700052597
8,13,-0.4241339881432422,-0.429222450815261,0.4524804126072715
9,13,-0.33170508651666447,-0.4434199429759089,0.4674408869638279
10,13,-0.2372590909436265,-0.452965818449628,0.48708296618071584
11,13,-0.142609477225618,-0.45726812582930043,0.5038427449481557
12,13,-0.049361737743974676,-0.45597322713720656,0.5049218846380181
13,13,0.04107391568701357,-0.4490576684784383,0.5116944765840802
14,13,0.1274204185746322,-0.4365626361651817,0.5110054569889634
15,13,0.20881135063155448,-0.4190739118107063,0.5098958131687429
16,13,0.2844663628824178,-0.3970233852833755,0.5057682999112956
17,13,0.35428575633378195,-0.371042807193754,0.5073517681174213
18,13,0.41814518003803763,-0.3417384047844582,0.4974348032151789
19,13,0.47633605647118954,-0.30959143925883054,0.49089196276832203
20,13,0.5293779300124795,-0.27522876707605276,0.4890486908405674
21,13,0.5781302825608554,-0.2389875790187071,0.4834819398286038
22,13,0.6232898518184365,-0.2013650669742436,0.4833857027534618
23,13,0.6657629725333307,-0.16242548584334546,0.48168879533340386
24,13,0.7066750304638088,-0.12295875375198162,0.47351954575204214
25,13,0.7471442754610468,-0.0834174984153537,0.46757151597023294
26,13,0.787679489148507,-0.044553448629811365,0.46119913438194404
27,13,0.8291940649158576,-0.007237658991272285,0.4562632347678942
28,13,0.872185323697478,0.02747499386481453,0.4503033539284634
29,13,0.9170011332749904,0.05878287274692115,0.44712485485615633
30,13,0.9635741727739715,0.0859317399336185,0.45166498438755487
31,13,1.0116847450928943,0.10816875418599181,0.45995372711760935
32,13,1.0608220855301949,0.12558002323253123,0.4692727999270959
33,13,1.1102300373665417,0.13819229293998647,0.49062421376024185
34,13,1.1588838250571138,0.14688161981384848,0.5112441740849436
35,13,1.2056680678002434,0.15238584917094633,0.5348925516809754
36,13,1.2492794792901878,0.15568248726411527,0.5574739251876184
37,13,1.288267564649998,0.1581994637403834,0.5892642988797775
38,13,1.3212349959608694,0.16110141321857133,0.6143192016697507
39,13,1.3467920419315427,0.1654244506127284,0.6417339667246296
40,13,1.3636808495228785,0.1725379445469971,0.6640472693087701
41,13,1.370640150895976,0.183375777548559,0.682604714919597
42,13,1.3668162262863142,0.19883922805777768,0.6862682781011274
43,13,1.3515508242729368,0.21949606510828687,0.6935425996722262
44,13,1.324399891652116,0.24562185475769388,0.6873294498835688
45,13,1.2852664364410855,0.2767663957779888,0.6719988674436352
46,13,1.2344062945694605,0.3120138100534575,0.6394652953116345
47,13,1.1722091414640092,0.3497771812766449,0.5998826137130829
48,13,1.0996066524048338,0.387928604302779,0.5517356086568889
49,13,1.0177814802238114,0.4235925670603654,0.4974049145317611
50,13,0.9280031619756023,0.4537519774512854,0.44854005961602367
51,13,0.8319358634278958,0.47532488381759497,0.39261734655150216
52,13,0.7312595377870412,0.48558286310440824,0.34605924420131884
53,13,0.6278877254929391,0.48226595665350036,0.30910044658354024
54,13,0.5239360791404482,0.4636089635290568,0.2863440969062731
55,13,0.4213899383703214,0.4291601009179183,0.2729544644116947
56,13,0.32224295088061977,0.37901134541220904,0.2733549490730654
57,13,0.22849036022567323,0.314277360604157,0.28116792626889736
58,13,0.1420834486793139,0.23689569698907265,0.29789671237057347
59,13,0.06444078027327275,0.14926036633276174,0.3324561458097493
60,13,-0.0027160740728270094,0.054246137252168335,0.35946564650524665
61,13,-0.05816682809053448,-0.045131571682463206,0.403465885551228
62,13,-0.1007246580177527,-0.14575241317840987,0.42652981530371686
63,13,-0.1297771691168378,-0.24472310637655037,0.4617253347236117
64,13,-0.14486495121855458,-0.33988112233321066,0.4877134282840582
65,13,-0.14570327812226141,-0.4291659340645939,0.4991279234956548
66,13,-0.1323662361135604,-0.5114733169921047,0.49769286955967595
67,13,-0.10529132174406657,-0.5862863423499728,0.5088724234900672
68,13,-0.06501919349654652,-0.6536122019359674,0.5050802144788844
69,13,-0.012442797396538323,-0.7140354905584531,0.4931310068954089
70,13,0.05136061872443367,-0.7684751762564046,0.4917449019256389
71,13,0.12506546773203814,-0.8179005673390992,0.47576594372871545
72,13,0.20746581976825562,-0.8631844567758786,0.47919318836247515
73,13,0.2968966762860963,-0.9051113863669715,0.4730775792221087
74,13,0.3917975017696109,-0.9440173668654446,0.4758029057452463
75,13,0.4905220844761205,-0.9799644775586005,0.47860362142273943
76,13,0.5915835222162552,-1.0127096529937007,0.4876637392788202
77,13,0.6934493328315591,-1.041903381792482,0.49927710162685607
78,13,0.7945471626311168,-1.0671415045259933,0.5071162410057383
79,13,0.8937612283723962,-1.0881421037557202,0.5121561558612149
80,13,0.9898715991864292,-1.1046098039022278,0.5197828754484985
81,13,1.0820791352136492,-1.1167595565634576,0.527609548451773
82,13,1.1695657634166519,-1.125331605241247,0.526810533471535
83,13,1.2518857477099714,-1.130621745069747,0.5329660327684194
84,13,1.3289783226356808,-1.1336853304982808,0.5209538544683096
85,13,1.400658906647321,-1.135110938849173,0.5238076865095426
86,13,1.4672314134742985,-1.1360402041529214,0.5245596175848772
87,13,1.5291590775949255,-1.1370716252218969,0.5341176884397579
88,13,1.586891740318991,-1.1382986909214232,0.5341609036368176
89,13,1.6413246701968278,-1.139885901513588,0.5262974554288377
90,13,1.6928954975675143,-1.1418619284301859,0.5328253218751702
91,13,1.742601669942716,-1.1438858339873539,0.5340609019559334
92,13,1.7912039615127284,-1.1454832717091286,0.5355739295983342
93,13,1.8392700735906362,-1.1466002788840148,0.5308384874839399
94,13,1.887472580608959,-1.146926769984186,0.5209592956774558
95,13,1.9362982529260195,-1.1466848560452976,0.5142530397717117
96,13,1.9860046417129804,-1.1461507390949928,0.49939362920063884
97,13,2.0368061053907067,-1.1459545364784078,0.48171193999079703
98,13,2.088581516153512,-1.1469272677737972,0.45736037303318305
99,13,2.1411748653615694,-1.149821082918534,0.441348419189642
100,13,2.1941225117374588,-1.155566410966469,0.4224000714425626
101,13,2.247187037373554,-1.1648485921696259,0.41260816951587537
102,13,2.299650437374702,-1.178339637809497,0.39721177974500266
103,13,2.3510837706794434,-1.196167106358437,0.38470557549256107
104,13,2.4010147787256506,-1.218435821255307,0.3891858299663712
105,13,2.4486567321493604,-1.2449579561517565,0.39120891663867735
106,13,2.493678283598791,-1.2751583376358846,0.3897891707399923
107,13,2.535697590787731,-1.3087852790668388,0.4061025782944722
108,13,2.5744357086054728,-1.3447946110905713,0.40865695077715214
109,13,2.6097686209325603,-1.382569103188401,0.4212992761526019
110,13,2.6416802438434086,-1.42121742691099,0.4340114293119039
111,13,2.6704066984347685,-1.460119563632105,0.455049250672887
112,13,2.696282546595766,-1.4984443839075443,0.46592370855685594
113,13,2.7195964027949233,-1.535458376611238,0.48763024277377487
114,13,2.740652335001545,-1.5706424627246987,0.49927360263547704
115,13,2.7602228688970754,-1.603409949144993,0.5157577243290745
116,13,2.7786825535046957,-1.6334095514766827,0.5386516485183437
117,13,2.7965743087159236,-1.660321828078705,0.551508304191254
118,13,2.814288917380941,-1.6838742399742148,0.5726662616063859
119,13,2.83217485422543,-1.7038582097443433,0.6017283828949039
120,13,2.8505459633442958,-1.7201308021047166,0.6352751442674757
1,14,-0.9340196441607664,-0.2669226507926886,0.20867885000010367
2,14,-0.9018328184094295,-0.28639398882665834,0.2542376755475311
3,14,-0.8569920105939428,-0.30911199981337095,0.29257028337945495
4,14,-0.8000895829427636,-0.3342760161038769,0.33840283113455527
5,14,-0.7323471691228037,-0.3606402612024651,0.36627635772415873
6,14,-0.6552122444553888,-0.3868858216532156,0.40536755756141063
7,14,-0.5702302157450139,-0.41162362649979806,0.4392937983564079
8,14,-0.4794458379791203,-0.4336022963703165,0.4627446072766367
9,14,-0.3845338034634037,-0.45145890103588665,0.4879438986972719
10,14,-0.2875375205084551,-0.46416930702822323,0.5138436448437829
11,14,-0.19032703607552387,-0.47090944768722004,0.5260671405332521
12,14,-0.09457566667343398,-0.4711336803599798,0.5402439452472743
13,14,-0.0017533274598150698,-0.4646712493929057,0.5458494686836313
14,14,0.08680948534176827,-0.4514935831776543,0.5410410644779645
15,14,0.1702127214686322,-0.432178441134357,0.5345792079626758
16,14,0.24762324245425812,-0.40726969854548495,0.5286139479285441
17,14,0.3189004739102495,-0.37759727855477676,0.5116364631120888
18,14,0.38388973254777964,-0.3440699844264629,0.4989918482680663
19,14,0.44285135320030194,-0.30753435222301245,0.48194779336935833
20,14,0.49628199778932663,-0.2690287093281852,0.46600631305098567
21,14,0.5450117145784509,-0.22931001581165383,0.4562847431594817
22,14,0.5897212264751746,-0.1892686034411068,0.45466180230437436
23,14,0.6313050033720498,-0.14928570821655415,0.44045378269872776
24,14,0.6708844240800165,-0.11037940431774938,0.43011406329896035
25,14,0.7095763752263794,-0.07312649655816433,0.42174164989946916
26,14,0.7478920366957714,-0.03827357002316516,0.4183695259882779
27,14,0.786775553077443,-0.006582303357356444,0.4176889399959856
28,14,0.8267452202661759,0.021105726579071737,0.4149161440171335
29,14,0.8681859825142109,0.04427084644892816,0.42445478277320836
30,14,0.9111051356607078,0.06252417295660949,0.4286710242699046
31,14,0.9553504895397115,0.07547869292870486,0.44123495783767347
32,14,1.000493934350736,0.08360589937830003,0.4592817283287575
33,14,1.0458631090974417,0.08733229707892448,0.4793586360576571
34,14,1.0905332142637134,0.087862359013681,0.5147266379460619
35,14,1.1334954619522029,0.08624793283572221,0.5435350421399867
36,14,1.1735507413267299,0.08372156611388491,0.5742985581512116
37,14,1.2093551447724238,0.08187476130955593,0.6109552360134156
38,14,1.2396060601097385,0.08196121587391673,0.6334417617671296
39,14,1.2629864842889629,0.08502028730502036,0.6602561765376372
40,14,1.2783160536518026,0.0923256657912089,0.6791981730834702
41,14,1.284380975380917,0.1046290085672152,0.696915481689954
42,14,1.2803490925340069,0.12257082866747068,0.6987298192870994
43,14,1.265562684836469,0.14642260664119752,0.7022954594720439
44,14,1.239558069592835,0.17613868351584633,0.6882687107380322
45,14,1.2021986666154143,0.21095461873924332,0.6732690084587274
46,14,1.1536644475142213,0.24969281377976177,0.6393165200040686
47,14,1.094265081882437,0.2905779616975496,0.6023321054178925
48,14,1.0248407331937863,0.3313677948490424,0.5449026582482747
49,14,0.9464490964820446,0.3691922501241537,0.5067195360052777
50,14,0.8602483331541066,0.4010998326797351,0.4527122518131503
51,14,0.7677795454848908,0.42416287779103945,0.40702751632518086
52,14,0.6706019490387732,0.4358520579442688,0.36707170911670206
53,14,0.5705157559738459,0.43412699472779703,0.32456554491170725
54,14,0.46954282542454157,0.41743346968913003,0.30232638210361523
55,14,0.36957860958096816,0.38548985545902137,0.2952594086067648
56,14,0.27254296426720354,0.33850972597590817,0.29906811827418495
57,14,0.18037551402428656,0.2776490491192579,0.31422258389729285
58,14,0.09500061659131057,0.20480144069134104,0.3246102074749213
59,14,0.017821304095266825,0.12225846427435064,0.3602399424103106
60,14,-0.04942945742783151,0.032724585327992994,0.3864352440214476
61,14,-0.10549460792360937,-0.06100992514939302,0.42318265241094716
62,14,-0.14915166805959237,-0.15603337558531766,0.45435459624431684
63,14,-0.1797167779192451,-0.2496774944406408,0.4800673310130028
64,14,-0.19664714775561262,-0.33993060059516783,0.502338385004811
65,14,-0.19957615388193933,-0.42482866963356103,0.5062643590329621
66,14,-0.1884757839210218,-0.5033077551544802,0.5206397803915549
67,14,-0.16366999846692737,-0.5748104714190364,0.5214904139665906
68,14,-0.12560731241740938,-0.6392670741152862,0.5222129402739857
69,14,-0.07507046858194166,-0.6971601598030371,0.511320701685431
70,14,-0.013049336544130086,-0.7493195232798818,0.49612545125582913
71,14,0.05922621520592651,-0.7966485215913093,0.48807173088499617
72,14,0.14061686214851374,-0.840010904288499,0.4782253823448468
73,14,0.22950958912051636,-0.8802362646347199,0.4747690690699258
74,14,0.32439461952136556,-0.9177494186266868,0.4744167413764643
75,14,0.42363120934138865,-0.9527531228995473,0.47939065540514186
76,14,0.525742703508632,-0.985141696001066,0.4819332726344805
77,14,0.629174262774609,-1.0146992234663101,0.4938693423214825
78,14,0.7323142534523809,-1.0411205012766314,0.5046125290083094
79,14,0.8339926545037459,-1.0641776764290463,0.5046476194100399
80,14,0.9329265566207231,-1.0835618068129864,0.5098191648679219
81,14,1.0282340556433496,-1.09940663199478,0.521770132702263
82,14,1.1190077567802208,-1.112300048697132,0.5270072579242986
83,14,1.2047130336508398,-1.1223445912370413,0.5315621719191178
84,14,1.2852005507315443,-1.1303471924509902,0.5300638129818307
85,14,1.3602044280663406,-1.136637721736663,0.5345279256687281
86,14,1.4299479920709108,-1.142089696232387,0.5330861526698716
87,14,1.4948454707573031,-1.1470601169876158,0.5378776995185677
88,14,1.5552881336498205,-1.1514528200241865,0.5468428506038653
89,14,1.6121348459258211,-1.1553099319410087,0.549954071482322
90,14,1.6658116258576028,-1.1586161931036816,0.5481031990922985
91,14,1.7173141034125525,-1.1610839255504517,0.550099951534065
92,14,1.7674308708923983,-1.1624003891425427,0.5465964679242711
93,14,1.8167458465108905,-1.1627256913343254,0.5453098874821769
94,14,1.865982414890734,-1.1620467155508232,0.5298768041381097
95,14,1.9156661294707582,-1.1609071142224954,0.5148460329730187
96,14,1.966096901529361,-1.159904569369295,0.49562077064814214
97,14,2.0175618922109915,-1.159929493539882,0.47513586104669137
98,14,2.069977480332965,-1.1620033980612972,0.4609116765991569
99,14,2.123238820264355,-1.166957911628726,0.4416843493836536
100,14,2.1769146787785654,-1.1756854695100127,0.42942759885108284
101,14,2.230790023331831,-1.1887216688805322,0.41999956854995324
102,14,2.284167486858148,-1.2064822460785036,0.40994347963026057
103,14,2.3366283835736184,-1.228790312598922,0.4079255405980916
104,14,2.3876804667640745,-1.2554151075287268,0.4076847889662712
105,14,2.4365306599800043,-1.2858851743798023,0.41140259086558395
106,14,2.482821204745943,-1.3193993038070893,0.4237319450971302
107,14,2.5261530858456336,-1.3555965835011266,0.4301462678148896
108,14,2.566201651141551,-1.3934579671697631,0.4343416997580995
109,14,2.602827757245293,-1.432484531770957,0.4473917652960522
110,14,2.6359804051457183,-1.4719952402781542,0.4541584273944005
111,14,2.665861588825507,-1.5116165411391407,0.47197601566778496
112,14,2.6927923673119034,-1.55075822387352,0.4843307270560999
113,14,2.7170533744256375,-1.5888898319009248,0.4963779336365556
114,14,2.73893445777267,-1.6255724509225387,0.5121985495954365
115,14,2.7592061800181757,-1.660204790416949,0.5294248048053314
116,14,2.778239290393954,-1.692302084111644,0.5507653927624456
117,14,2.7965829572925713,-1.7213411018111278,0.5682208672901898
118,14,2.8146314159005605,-1.7467774284029085,0.5889414480058608
119,14,2.832739034815864,-1.7681599175304759,0.6141990885135568
120,14,2.8512184043822666,-1.7851392796934669,0.6551258303185609
1,15,-0.9993242474297436,-0.25746503785449926,0.1966152112914856
2,15,-0.966744041991813,-0.27763916383915427,0.2514500497194185
3,15,-0.921125734204114,-0.30173605953347493,0.3014239729373047
4,15,-0.8630859898786625,-0.32888132262907727,0.333537985734758
5,15,-0.7938781142582753,-0.3577442661886953,0.37258448078009637
6,15,-0.7149865209876861,-0.38687103756876334,0.40980328891726536
7,15,-0.6280076592434823,-0.4147214508269695,0.4491799272731298
8,15,-0.5350344248129748,-0.4398640187196032,0.4754569284283815
9,15,-0.43779486170614734,-0.46074429722338345,0.5082260163899993
10,15,-0.3383935608871313,-0.4761293682668808,0.5331820127204534
11,15,-0.23874968023737198,-0.48497848745734806,0.5468077808042531
12,15,-0.14059873953894764,-0.48655757719367543,0.5608162768380334
13,15,-0.04546599303201429,-0.4805396193328525,0.5592517223081503
14,15,0.04526886043043567,-0.46681222433896313,0.5570173275235197
15,15,0.13067306172693807,-0.4459237752460253,0.5520981833558936
16,15,0.2098616451428723,-0.41850765788068606,0.5388902260885697
17,15,0.2826515170366938,-0.38556683413240755,0.5180272004411761
18,15,0.34885594010382975,-0.34828462032416074,0.4975655733438078
19,15,0.4087009198089253,-0.3078461645525177,0.47709154246004576
20,15,0.4626559995318976,-0.26567392654735295,0.45435614270126506
21,15,0.5115166751530251,-0.22291949004812142,0.43787850742770845
22,15,0.5559442634785136,-0.1808426275631529,0.4144425038794481
23,15,0.596816339113931,-0.14012194739750455,0.3958063785203779
24,15,0.6352466227607423,-0.10199083555016086,0.38702340626960724
25,15,0.6723472662272687,-0.06713985964352095,0.3747074567959961
26,15,0.7086294822251349,-0.03630818130796944,0.3758355755114729
27,15,0.7450665127371647,-0.010149041815778958,0.3702715202683075
28,15,0.7821968960120752,0.0107051454264155,0.37242367636683854
29,15,0.8204424176767594,0.026009290917300816,0.3915727969679141
30,15,0.8598848701320081,0.035734032533313656,0.40423966715996246
31,15,0.9004409394441424,0.03985184966645539,0.42574675936110074
32,15,0.9417650300095158,0.03921406380276782,0.4490999955552582
33,15,0.9832701447071902,0.0346451532224046,0.4839730812056343
34,15,1.0241311720385038,0.027675601847090926,0.5152593243757666
35,15,1.0634458387211352,0.019666942204013892,0.5500676974702262
36,15,1.1001181584563773,0.012099748592465211,0.5861837982501745
37,15,1.1329082928046288,0.006715772802897486,0.6222204537365589
38,15,1.1606061209314018,0.0048396212029420465,0.6473605954804518
39,15,1.1819650133957866,0.007486058038090901,0.6744590969456631
40,15,1.1958762181034037,0.015798108451838575,0.690427101378046
41,15,1.2011701691684569,0.030304949049688768,0.7014464809721797
42,15,1.1970321061956226,0.05134021754263663,0.7031004684449299
43,15,1.1827998886837483,0.07883650422527258,0.6971297896454252
44,15,1.1579863950475668,0.11238794118072712,0.6821583262285578
45,15,1.1224113736636228,0.15088803490299196,0.6508761375235345
46,15,1.07617595343324,0.19288426903366,0.630101956433931
47,15,1.0195086881133457,0.23641695967857623,0.5890961444760141
48,15,0.9531554583080855,0.2791526518732112,0.543822621709404
49,15,0.8780489525659108,0.3182649957044892,0.49240916943831514
50,15,0.7952363588477792,0.3509187070683471,0.4499624872283715
51,15,0.7061369617554585,0.3744016754568798,0.4128481000820407
52,15,0.6121908679025518,0.3864439447568174,0.37284014170401464
53,15,0.5150881570740512,0.38528239901387235,0.3413587141376608
54,15,0.4167592014884929,0.3696222576325816,0.3346226831520621
55,15,0.3190135410774083,0.3393866335855529,0.3204388350200607
56,15,0.22370151255121792,0.2949315459117813,0.3296328550456519
57,15,0.13271130484956054,0.23746249680570347,0.34770811698161896
58,15,0.047945137370831954,0.16882299829401498,0.3619617752357226
59,15,-0.029203548517307786,0.09118656469286077,0.38450914726176344
60,15,-0.09698509794750297,0.007064313913112394,0.4171279987006802
61,15,-0.15410021645541805,-0.08100334742341542,0.4466813957150117
62,15,-0.19928564259082954,-0.1703440810944065,0.47566140465657847
63,15,-0.23177927400996784,-0.25854163698148286,0.49616324336242845
64,15,-0.25094863865317063,-0.34375847066058074,0.5124069423656945
65,15,-0.2563408878466363,-0.42414781102035337,0.5280251217179199
66,15,-0.24782016218505853,-0.49870027749531515,0.5372079470923921
67,15,-0.22559180908467275,-0.5668256299448071,0.533599100531247
68,15,-0.1900078862257999,-0.6283759799484746,0.5309454931217756
69,15,-0.14173852890611255,-0.6837275233752039,0.5197433790233852
70,15,-0.08168439087947793,-0.7336099312905735,0.5135816377991229
71,15,-0.010977874650998268,-0.7788461702885181,0.496886140064424
72,15,0.06930769267171875,-0.8202745088716304,0.48907790482196284
73,15,0.1576104588906032,-0.858755333853924,0.48371087968848275
74,15,0.2524696405809652,-0.8947930540126311,0.47166464281831266
75,15,0.352246214338493,-0.9287235282613431,0.47228439110192894
76,15,0.4554700899077245,-0.9605743803622853,0.47547721116877295
77,15,0.5605603293386134,-0.9902648667170334,0.4828874444669265
78,15,0.6658617643239286,-1.0175903375060291,0.4931898867976655
79,15,0.7701459931212828,-1.042379625267784,0.49732414814078807
80,15,0.8720620383173017,-1.0643151696328867,0.5061785513092859
81,15,0.9706413070939169,-1.0834532071534047,0.5124234164970306
82,15,1.0648845588144022,-1.1002357855313285,0.5188667994419285
83,15,1.1541640616991267,-1.1145819602401479,0.5224022994165769
84,15,1.2382396553141746,-1.1270656443169051,0.5302888736241219
85,15,1.316761645210262,-1.1377803898859702,0.5319545964106772
86,15,1.3898719767165892,-1.1473594129537452,0.5481480185975018
87,15,1.457933894388737,-1.155949558956078,0.5472493516369022
88,15,1.5212790643508345,-1.163300518500276,0.5572279099963355
89,15,1.5807279149610562,-1.169363574048816,0.5601978215542021
90,15,1.636694969793302,-1.1741051480018856,0.568012652927884
91,15,1.6901714654820794,-1.1773018126298052,0.5703586851030603
92,15,1.741972146674921,-1.178803712645293,0.5624332487020306
93,15,1.7926952756111825,-1.178968951116262,0.550457079845289
94,15,1.8431127257334037,-1.1780535608482066,0.5370801731748426
95,15,1.8937859209829329,-1.176884804918337,0.5174758148264721
96,15,1.9450549744982026,-1.1763387170130906,0.4969985233547725
97,15,1.997277113061188,-1.1775232809292893,0.48139498856137325
98,15,2.0504029877996235,-1.1816101469945974,0.4642709629500773
99,15,2.104377069133951,-1.1894810256212103,0.45141894416471773
100,15,2.15879880450396,-1.201968761824618,0.43739345789681067
101,15,2.213474121320738,-1.2194486440460108,0.43207734202518144
102,15,2.267725259856643,-1.2420759366582108,0.4357548461404071
103,15,2.3211433278882914,-1.2693728693329773,0.43525124653184155
104,15,2.3732170877681367,-1.3007753129522666,0.4408461967128255
105,15,2.4231490925779955,-1.3355306225883983,0.4486922357788237
106,15,2.4705569426185425,-1.3726103037452064,0.4567410388130821
107,15,2.515028220766787,-1.4115402726457003,0.4615585757971876
108,15,2.5561958556961404,-1.4513164564986605,0.4736092902401005
109,15,2.5939099713468194,-1.491547242792506,0.4797117391903029
110,15,2.62809027134932,-1.5317516027276996,0.48627362178183997
111,15,2.6589097565872755,-1.5717966714612923,0.49418375910028284
112,15,2.6866802181684353,-1.611335788824202,0.5082545761155535
113,15,2.7116810276512076,-1.650055744664292,0.5146882801940463
114,15,2.7341927331196154,-1.6876211164561836,0.5290884687464878
115,15,2.754988228967138,-1.7234538934155383,0.5508151296615823
116,15,2.774439461136497,-1.7569815871237813,0.5655413043527047
117,15,2.79310547488323,-1.787528440746122,0.5811947880016591
118,15,2.811387845254991,-1.8143296567572302,0.6090365742027836
119,15,2.8296492332149055,-1.8367354443643813,0.6338379474905317
120,15,2.848201783304495,-1.85422460248718,0.6739714865899241
1,16,-1.0638582425328669,-0.2541857691974949,0.20186434549319376
2,16,-1.0309308282047676,-0.27478927812894816,0.2541686407655573
3,16,-0.9846248826899366,-0.29974276805084965,0.2939690996919413
4,16,-0.9255769018262877,-0.3281448805681635,0.3380547590118931
5,16,-0.8550665534174121,-0.35864165379492974,0.3762301765345247
6,16,-0.7746066933413315,-0.38971334397240076,0.41232573489393026
7,16,-0.685836697792136,-0.419739382354101,0.45555026592100734
8,16,-0.5908876246859778,-0.44717333875515664,0.4860841948571959
9,16,-0.49153190830462296,-0.4703236448653277,0.5195721710912894
10,16,-0.38992595464108454,-0.4877890625340546,0.5468887648215323
11,16,-0.2880287678810867,-0.4983403888469988,0.5619269650790696
12,16,-0.18763072937381253,-0.5010717661642016,0.5744285604573443
13,16,-0.09030655434033397,-0.4955034068046364,0.5784629492788079
14,16,0.002520200077598984,-0.481435170868424,0.5814244839813719
15,16,0.0898858140786963,-0.45937152783484264,0.5698423847628473
16,16,0.17085513439186542,-0.4300135557038975,0.5462477507542973
17,16,0.24520119701490373,-0.3945073576395407,0.5251828958150514
18,16,0.3127035163269575,-0.3542711336880555,0.48919255638492093
19,16,0.3735503494396381,-0.31078560690789697,0.4662039538370772
20,16,0.4281794285168215,-0.26580886281737953,0.42961999497869496
21,16,0.47734616869501073,-0.22083862872409965,0.402799541745828
22,16,0.5216884821706153,-0.17745713247279876,0.38485226968994524
23,16,0.5620612834920345,-0.13660038566606694,0.36644980339592775
24,16,0.5995661716172901,-0.09968687736324702,0.35134173223447174
25,16,0.6353065324575116,-0.06749954361286187,0.33593526071780555
26,16,0.6697907144205284,-0.04076294883061444,0.333575028738402
27,16,0.7040184691738899,-0.020023954877909794,0.3367838555861118
28,16,0.7385473871478824,-0.005716968775492969,0.3407035355821355
29,16,0.773835221308775,0.0021689580093047106,0.3625393244779708
30,16,0.8100372942799361,0.003942724859351324,0.3797060520432956
31,16,0.8471399552513658,-8.613410959413463e-05,0.41323887353335925
32,16,0.8848792482446557,-0.00870898073529336,0.44163664241023354
33,16,0.9227545927194503,-0.020721918431680766,0.47907835334301824
34,16,0.9600395662273449,-0.03428575588866091,0.5189892929571751
35,16,0.995937568591164,-0.047746367468024915,0.5658635210139598
36,16,1.0294540621172232,-0.059392573178275725,0.5983973663206471
37,16,1.059449856578255,-0.06735215641264818,0.6337982174958657
38,16,1.0848044234395358,-0.07025118434179602,0.6622505492883753
39,16,1.1043386121308103,-0.06712627290894564,0.6822220148230673
40,16,1.117008730529991,-0.05699474128214898,0.694801356189778
41,16,1.1216856805147766,-0.039581205272828844,0.7059204504156134
42,16,1.1175677202509837,-0.014891933351420104,0.7075784776172558
43,16,1.1039831202946,0.016639477259415232,0.6909523414021866
44,16,1.0804173446716543,0.05422443254535485,0.6731834357526384
45,16,1.0466425879796113,0.09640298563481912,0.6514477007795869
46,16,1.00267837520373,0.14144755429926614,0.6134341190523216
47,16,0.9486715562507951,0.18722778508216043,0.5759338690687599
48,16,0.8852712028927365,0.23134724992590527,0.530418181110809
49,16,0.8132858150043543,0.2710608931846448,0.4922037948567135
50,16,0.7336526137193516,0.30369465759663167,0.4478928261339189
51,16,0.6476710941669055,0.32680328172806145,0.41013670895696025
52,16,0.5566645818823485,0.3384230047940333,0.38243997008875696
53,16,0.46221702020365185,0.33711071025070216,0.3564183652362732
54,16,0.3661702055910693,0.3218640968890153,0.3504317883357177
55,16,0.2702523604130968,0.29283117898979033,0.3540185611136579
56,16,0.17624912044105764,0.25051850218399213,0.35492556943268094
57,16,0.08600201162236418,0.196178793257783,0.3781278819026688
58,16,0.0013961780881969986,0.13159246488155246,0.39416294518967354
59,16,-0.07617818907499523,0.058795080647103176,0.4234046939291378
60,16,-0.1449492243018361,-0.01991907190589838,0.4455361986826295
61,16,-0.2035700622233452,-0.10228206116563239,0.4742307724774959
62,16,-0.2507313686666978,-0.1858870280392146,0.5026638186846709
63,16,-0.2855860056707845,-0.2685901476568417,0.5171475105975913
64,16,-0.3074057990985313,-0.34874454637129315,0.5310200181753388
65,16,-0.31564745249491855,-0.42463484080339736,0.5459772706639832
66,16,-0.31006185805874065,-0.4953138306647211,0.5402575765618788
67,16,-0.2907310504505768,-0.5601616266597611,0.5452087630085836
68,16,-0.2579065543071028,-0.6189473386887802,0.5430703127039456
69,16,-0.21214401734728752,-0.6719341050532321,0.5272883457686559
70,16,-0.15425323960187087,-0.7197386873644261,0.5143760514144039
71,16,-0.08526799468672877,-0.763087174296266,0.4992210346412673
72,16,-0.006196500123874991,-0.8027734748267193,0.4901852454867723
73,16,0.08144954162546014,-0.8396707737909783,0.48512888711701196
74,16,0.17625613982919158,-0.8743489132667608,0.47416490186614924
75,16,0.27658232120455745,-0.9072626437252085,0.47508350820072986
76,16,0.3809606281057183,-0.9385630448225897,0.47588459301685815
77,16,0.487780333161966,-0.9682995665996603,0.47853226102347435
78,16,0.5953386813725166,-0.9963646485822147,0.48358316580725097
79,16,0.7023449383888141,-1.0226434097113022,0.4939173529341823
80,16,0.8073751755965349,-1.0468135781107446,0.49728078060025765
81,16,0.9093706434825081,-1.0688596047223706,0.5010249356874921
82,16,1.007238261868942,-1.089087912306276,0.515727564899348
83,16,1.1002533413893432,-1.107249802937218,0.5207300419214957
84,16,1.1880831137177985,-1.1237081336578865,0.5356415819276389
85,16,1.2702919469564335,-1.1383490810277626,0.536190949407784
86,16,1.3469400575192647,-1.1515995831743568,0.5459316964134012
87,16,1.4183377404513613,-1.163431545028085,0.554985191307067
88,16,1.4847563305451876,-1.1734782511767743,0.567230748892238
89,16,1.5469757999114964,-1.1816314882688705,0.5714005686273913
90,16,1.6053992378659727,-1.1878629226761799,0.5707649147819492
91,16,1.6610106320284854,-1.1920210559910474,0.566024537584721
92,16,1.7146486785085309,-1.1941154332875883,0.5674653018739239
93,16,1.7669239324595765,-1.1946812108083003,0.5541576909208817
94,16,1.8186537668559937,-1.1942113418126126,0.5398372373280971
95,16,1.8704321431075568,-1.1937749217837574,0.522192379246869
96,16,1.9226368054212155,-1.194480793992992,0.5030148931957924
97,16,1.9756916182861723,-1.1976112540744488,0.48685650593983854
98,16,2.029578051792683,-1.2044489200008346,0.4649840866718561
99,16,2.0842875978143955,-1.2158997042813402,0.4533534402402829
100,16,2.1394485908892777,-1.2327216430657053,0.4521426026377494
101,16,2.1948865276909166,-1.2551271975154212,0.4512099581336573
102,16,2.2499421837295843,-1.2830176110823417,0.45416428452767427
103,16,2.3042162057891833,-1.3156290273787925,0.46240725959160733
104,16,2.357179870907025,-1.352078239321056,0.47505037098972996
105,16,2.408033706628766,-1.39134435572547,0.4907416749486999
106,16,2.456372997881843,-1.4321789047762565,0.5027916155197997
107,16,2.501776153388101,-1.4739951335056845,0.5083593798597663
108,16,2.5438377004013506,-1.5157940040922047,0.5189658795060311
109,16,2.582401824660208,-1.5572761374145268,0.5192261823658827
110,16,2.6173651992516676,-1.5981419020255183,0.5260310055533195
111,16,2.6488774584266235,-1.6384818120933697,0.5230849926188466
112,16,2.6772456437302354,-1.6781826633315846,0.5392072498668039
113,16,2.702754858474542,-1.7171488586958599,0.5329441210840811
114,16,2.7256814883259644,-1.7551605751264705,0.5564493655142909
115,16,2.746805073222592,-1.7916913202431441,0.5649853347481478
116,16,2.76650402669381,-1.8261201502162645,0.5814667573163498
117,16,2.7853507147341228,-1.8576665766009568,0.6104318198797978
118,16,2.803758009174871,-1.8853956349940617,0.6356718098069287
119,16,2.8220992829544134,-1.9085035171457887,0.6611974996504879
120,16,2.840686969012182,-1.9263322025765395,0.6966945637194492
1,17,-1.1272121129976178,-0.2565761723375386,0.20064441082892748
2,17,-1.0939938091476626,-0.27732707558970954,0.25820736344210476
3,17,-1.0471100443170738,-0.30259667897547704,0.30444554548338554
4,17,-0.9872118228014851,-0.33150174748727274,0.3480248855653114
5,17,-0.9155987791051684,-0.3627251141575468,0.383298888147671
6,17,-0.8338024700351568,-0.39474989063631166,0.4233663785132333
7,17,-0.743495357320329,-0.4259471283250775,0.4662548059041674
8,17,-0.6468350204792697,-0.4547233341362547,0.49879824495439484
9,17,-0.545627604270427,-0.47931075969342507,0.5237409498437582
10,17,-0.44207016555460443,-0.49818929249838706,0.5552812318469621
11,17,-0.33815069892426924,-0.509981317267205,0.5775253901888056
12,17,-0.23570560525695278,-0.5136384685954932,0.5921551406118942
13,17,-0.13635177607652849,-0.5085442329964112,0.5926309777769495
14,17,-0.04155035948556944,-0.4944174442506831,0.5891643305365066
15,17,0.04770644981010901,-0.47171160550422125,0.5703370609591139
16,17,0.1304355632891017,-0.4411753061705899,0.5469489095627879
17,17,0.20636506386188933,-0.40406426760209263,0.5196111302377695
18,17,0.27523909812267877,-0.3619820078442111,0.4892207840247696
19,17,0.3372046215306744,-0.3166469720479435,0.4527131774107138
20,17,0.39266259882773,-0.2700850791207587,0.41354800654768775
21,17,0.4423225250596595,-0.22406999572817526,0.3854130493786584
22,17,0.486794443933833,-0.1804378399092921,0.35396745477422004
23,17,0.5269042841614131,-0.14032273877083032,0.3285883370670602
24,17,0.5637363532968626,-0.10528138208365749,0.3105686200081524
25,17,0.5983806941560629,-0.07615689448001466,0.3052068491872427
26,17,0.6313394697624054,-0.05364690440580575,0.30379906335885276
27,17,0.6636354327111151,-0.03819444241679898,0.3021932753667721
28,17,0.6958435834199912,-0.03005343975793707,0.31271974907916117
29,17,0.728456109463176,-0.028986080095378394,0.33598509537090504
30,17,0.7616999970849094,-0.034381595673215554,0.36595881046369855
31,17,0.7956313319929048,-0.04563219982833703,0.3963931362180211
32,17,0.8300660876027218,-0.06121206343048677,0.4387499925582384
33,17,0.8645905316817774,-0.07957442726923743,0.47931316646980765
34,17,0.8985752083925532,-0.0986049469255874,0.526210515794825
35,17,0.9313274733312554,-0.11638801767990359,0.5724675634157613
36,17,0.961952032708328,-0.1310106205736092,0.6169703959840487
37,17,0.98940609951848,-0.1404967966552818,0.6411223411257375
38,17,1.012655294456161,-0.143447886072457,0.6775244512302113
39,17,1.0305847848533496,-0.13897649133572673,0.6907720601436138
40,17,1.0422090075548185,-0.12628255431568863,0.7055570031595769
41,17,1.0464354406974095,-0.10536395817741219,0.7079051477859523
42,17,1.0424711336583268,-0.07658333506366266,0.6933075094362198
43,17,1.0296298535582606,-0.040748659297935266,0.6788087529465229
44,17,1.0073659455155166,0.0009665319586820421,0.6487281394430877
45,17,0.9754008194405083,0.04675732584881565,0.6271503550116384
46,17,0.9336702829355362,0.09463663143562993,0.5923208797272231
47,17,0.8822397363106442,0.1423284309972864,0.5529634609121773
48,17,0.8216595290401305,0.18740684627417645,0.5133135255259408
49,17,0.7526158828136554,0.2272439162228491,0.4695971054293636
50,17,0.6759378178097609,0.2593639075069459,0.4398030701318366
51,17,0.5928078397437543,0.2816259857839819,0.41307773078187154
52,17,0.504435583356619,0.29240177313843074,0.39174696305797657
53,17,0.4123034885280914,0.29059132803890286,0.3742940461510183
54,17,0.31816802114347253,0.2754981167915873,0.3714636289632713
55,17,0.22368107171937765,0.24749721004184083,0.37435207685146504
56,17,0.13056852383963666,0.20723837288609392,0.382551159338172
57,17,0.04063014131950284,0.15600734905941824,0.40610007522422076
58,17,-0.04426115531120732,0.09550149798659781,0.4273736478448249
59,17,-0.12271226236076636,0.02759520841386473,0.44757420892843697
60,17,-0.19292389380102418,-0.04565600604186524,0.47448478629198454
61,17,-0.25349700570513567,-0.12227478731370944,0.49608271878654747
62,17,-0.303071236295819,-0.20013842858914357,0.5176448791396274
63,17,-0.3407080912174694,-0.2773865524621401,0.5306276802921251
64,17,-0.36557849682632554,-0.3525702953549339,0.5429936081262893
65,17,-0.3770448025883392,-0.4241110880813914,0.5487240482669921
66,17,-0.3747399840675827,-0.4911234785736544,0.5564238299286419
67,17,-0.3586186082923495,-0.5529560084875798,0.5523806447469225
68,17,-0.3288279725383971,-0.6092864997493302,0.5523943814379614
69,17,-0.2858078017990393,-0.6602566456452493,0.542057444965055
70,17,-0.230275573257002,-0.7063569759633659,0.5215397719480769
71,17,-0.16316566884488592,-0.7481998814670926,0.5131637600572083
72,17,-0.08542214905317667,-0.7865154326321288,0.49695014957547223
73,17,0.0014924608312265515,-0.8221697709551534,0.4832610050524941
74,17,0.09620861162702239,-0.8557805797623874,0.47958882719949253
75,17,0.1970800729599422,-0.8879021516891187,0.47358203860081893
76,17,0.3026380555664998,-0.9187944871359381,0.47138217009870625
77,17,0.41123869467748564,-0.9486264588167579,0.46725682296327337
78,17,0.5211279113577049,-0.977379636366139,0.4755221163063689
79,17,0.6309489861248287,-1.0049924131171046,0.4833792815777815
80,17,0.7392004647439598,-1.03114075351294,0.4845569027052175
81,17,0.8447304185016554,-1.0557448893669177,0.49382913046271876
82,17,0.946350339183957,-1.0789892300224564,0.4996482907280198
83,17,1.043235060693014,-1.100478146689442,0.5177194122675791
84,17,1.1349578065570485,-1.1203905392953863,0.5230495045516484
85,17,1.2209950002188297,-1.1384388923607676,0.5360994403264229
86,17,1.3013251269011572,-1.1548817300723864,0.5437620780763254
87,17,1.376203393445604,-1.1695526778173768,0.5591350751195437
88,17,1.4458402144285032,-1.1820059802649674,0.5716550299924598
89,17,1.5109729900982833,-1.1921029291113765,0.5704509124195598
90,17,1.5719932765094964,-1.1998401439113842,0.5778751756063722
91,17,1.6298745979469427,-1.205141669757439,0.5754753447134309
92,17,1.685476857691294,-1.2081681063684464,0.5679697700032746
93,17,1.739420687335904,-1.2096067874414245,0.5559352021820757
94,17,1.79256533162331,-1.2101522863556236,0.5420842910825467
95,17,1.845533669821948,-1.2110718717089686,0.5254077862251532
96,17,1.8987381904779685,-1.213661285820721,0.4970566587637704
97,17,1.9526654310208515,-1.2193353012287778,0.486956024246677
98,17,2.0073242205194957,-1.2294513136007699,0.478207134173448
99,17,2.0627504828621666,-1.244918215096905,0.46811324400081955
100,17,2.1185998134696677,-1.2664110794787549,0.4655159033511188
101,17,2.1747161733489255,-1.2939852409955623,0.4723236996682905
102,17,2.2304579680027516,-1.3273048055681549,0.48398199075822196
103,17,2.2854356072727544,-1.3653455934092587,0.4986118749255344
104,17,2.339105102680727,-1.4069312973581618,0.5196661615393167
105,17,2.3906678860050836,-1.4507958920445754,0.5335754662283818
106,17,2.4397000259824093,-1.495486802318437,0.5444102225766894
107,17,2.4857755072498864,-1.5403097120063076,0.5568706378790556
108,17,2.528455471686657,-1.5842613624551745,0.5645017171991673
109,17,2.567583391778862,-1.627116222956947,0.5654012774857863
110,17,2.6030398806040105,-1.6687299064688998,0.5670558788634747
111,17,2.634957474872389,-1.7093882172974346,0.5654555985714904
112,17,2.663643262801399,-1.7491890774562942,0.5710928110822047
113,17,2.689395369140898,-1.788241343741886,0.570453869226458
114,17,2.712491336018589,-1.8264415859296967,0.5820849908056783
115,17,2.733721672917098,-1.8633327063709448,0.5970713292984237
116,17,2.753476789542192,-1.8982769934335786,0.6090597889851381
117,17,2.772345560500435,-1.930432267275703,0.6331135736251341
118,17,2.7907561881804597,-1.9587409215204346,0.6573742297550239
119,17,2.809095145937494,-1.9822891537265293,0.6849220270022292
120,17,2.827675799438268,-2.000316774938797,0.7246611350492812
1,18,-1.1891281572749601,-0.2640162082112277,0.22326768491819607
2,18,-1.1556842644663032,-0.28464044106754016,0.2714939727076866
3,18,-1.108350098231111,-0.3096992994831763,0.3176773706097791
4,18,-1.0477851327401484,-0.338368522635519,0.3545999412683138
5,18,-0.9753015029942878,-0.3694231008101076,0.3945703860857456
6,18,-0.8924386039147775,-0.4014137640690807,0.43108674328931645
7,18,-0.8008905637041364,-0.4327727333583881,0.46828515473271687
8,18,-0.7028282846966004,-0.46192654226624563,0.5036997793026474
9,18,-0.6000793186518636,-0.4870956569777873,0.5336902857822728
10,18,-0.4948685125816518,-0.5066968192665009,0.5585751795584599
11,18,-0.3892005346776701,-0.5192535232375236,0.5864355459971231
12,18,-0.28494755052899484,-0.5236146073572803,0.599519383968562
13,18,-0.1837600457433825,-0.5190537668017743,0.5955419905347068
14,18,-0.08712969396813117,-0.5052246546841653,0.5932100146801171
15,18,0.003926030490898921,-0.48252923942338766,0.5776930482519129
16,18,0.08837884780972792,-0.4517446792653125,0.554184260508407
17,18,0.16591099232024234,-0.4141996620803462,0.5200021533907332
18,18,0.23622953196631102,-0.3716252386028267,0.48289552281862047
19,18,0.29943627636931075,-0.3259072043180848,0.4394547326528
20,18,0.3558900149385446,-0.2792558581154776,0.40495714411668526
21,18,0.4062480710558426,-0.233632923796622,0.3613882525139932
22,18,0.4510873858392582,-0.19104254528275438,0.3289073750060288
23,18,0.4911978855752618,-0.15274239861647013,0.30928869249438173
24,18,0.5276405477931324,-0.12036725841900209,0.2899510611344777
25,18,0.5614867543373225,-0.09478005680442608,0.27294330550144225
26,18,0.593228624378202,-0.07663554126401008,0.2758037352222263
27,18,0.6239073851104308,-0.06627655072091651,0.28250178598622144
28,18,0.6541134161527454,-0.06380024596134809,0.3018908041296021
29,18,0.6843711561864092,-0.06878102211460438,0.3311056528683488
30,18,0.7149766775467477,-0.08035673385388153,0.3551452666038783
31,18,0.7460553530241888,-0.0976755568257614,0.3941298843120966
32,18,0.7775009224704663,-0.11895121956319564,0.44145876021165037
33,18,0.8089866336765497,-0.14234792767684265,0.4938985178657176
34,18,0.8399779404624557,-0.16552536428809844,0.5425693410659566
35,18,0.869884092786242,-0.18635080272560406,0.5808720161568557
36,18,0.8979067355616697,-0.2027485509194525,0.6279385561943465
37,18,0.923094948333457,-0.21267144126223012,0.6599908613914556
38,18,0.9444969600725058,-0.21472229553012637,0.6857104390164853
39,18,0.9610590946941527,-0.20811053587701514,0.6996291324381821
40,18,0.9718471772527939,-0.19223189885103062,0.7053178309520581
41,18,0.9758013105656951,-0.16736345220638188,0.7004463665448792
42,18,0.9721334575106501,-0.13422248818873223,0.6848262267993204
43,18,0.9601382659266932,-0.09397926521281634,0.6621994484152482
44,18,0.9392354429793655,-0.04817316716506965,0.6350191967111918
45,18,0.9090929532421563,0.0010747939377847666,0.5983914233197836
46,18,0.869561087338444,0.05154940401193691,0.5613344751770468
47,18,0.8206245693384856,0.10086483091042264,0.522140584652165
48,18,0.7627333780922019,0.14660356271028432,0.4899728527976992
49,18,0.696453974192672,0.18628740738476823,0.45652322702867215
50,18,0.6225092518361363,0.2176662182180612,0.42192139035368065
51,18,0.541967882255958,0.23892521923632273,0.4068180420083974
52,18,0.4559291680408585,0.24878086043022515,0.39311709680496704
53,18,0.36577892858807515,0.2464776985741731,0.38119510322884265
54,18,0.27319157199845,0.2316170521929703,0.3894772412975453
55,18,0.17974770608731225,0.2047843771781797,0.39483378600072006
56,18,0.08711830189333071,0.16675019567664834,0.41610105674656334
57,18,-0.002933697368005936,0.11880840197202203,0.42473882266783836
58,18,-0.08854304434093932,0.06254850459378387,0.4448632245322743
59,18,-0.1683077535137968,-0.000339912362564772,0.46667799948261063
60,18,-0.2403962218040715,-0.06805735656289945,0.49019101537702603
61,18,-0.30335319794136395,-0.13892759016901396,0.5127814196250368
62,18,-0.355762523669658,-0.21112053073109247,0.5223596244881769
63,18,-0.396588503399267,-0.28305896962465477,0.541145913996174
64,18,-0.424896569871161,-0.3534892453045719,0.5499429254709487
65,18,-0.43995106529153616,-0.42096613626091767,0.5596643709748421
66,18,-0.44126298937449443,-0.48465831681029137,0.5623008464845284
67,18,-0.42865580083406957,-0.543877194807159,0.5588245915226903
68,18,-0.40216922509347114,-0.5981997811915154,0.5478860085449911
69,18,-0.3621260776725547,-0.6476383493991849,0.5428445088631639
70,18,-0.30915018087969526,-0.6925458297333433,0.5317803944406156
71,18,-0.2440762450884537,-0.7334061389313412,0.5176508097681275
72,18,-0.16778522412169897,-0.7708675271181481,0.504744262566451
73,18,-0.08169141490802109,-0.8057692872383942,0.4938514120692621
74,18,0.012877516852623483,-0.8387571565652859,0.47587305727913365
75,18,0.11426716146236324,-0.8704616461093864,0.4732019230972803
76,18,0.22100343156306354,-0.9012331781206325,0.4632606839181115
77,18,0.3314062858019309,-0.9313436407579455,0.4548387761703556
78,18,0.44366697310097125,-0.9608515511756576,0.46732544961977857
79,18,0.5563595316280352,-0.9897426292585204,0.47521116987515627
80,18,0.667900870270007,-1.0176924196368444,0.48445372487707244
81,18,0.7770434137325444,-1.0445654939101363,0.4906488203021491
82,18,0.8825021923056204,-1.0704398995915199,0.5070564618516332
83,18,0.9833485727142545,-1.0947972958607695,0.5095949025745764
84,18,1.0790608667651884,-1.1176626882975527,0.527250804154767
85,18,1.1690259447483002,-1.1386107859485746,0.5353152591971071
86,18,1.2531409898141055,-1.1577705394115088,0.5454529988275614
87,18,1.3316040186859974,-1.1748726954190685,0.5619084999667001
88,18,1.4045642647194998,-1.1894267133062917,0.5701150788982075
89,18,1.4727145156931825,-1.2012879526538496,0.5724064226654499
90,18,1.5364346583598307,-1.2104922427561409,0.5766201458909963
91,18,1.596684402639535,-1.2170381259999328,0.5751981575025453
92,18,1.6543417254369475,-1.2212242424648607,0.5652250098582327
93,18,1.710035154107449,-1.2238625795753502,0.5547476755056849
94,18,1.764661662372814,-1.225812854579531,0.5362525302145444
95,18,1.818869284272075,-1.2284975473701452,0.5177857027824069
96,18,1.8731021348186754,-1.2333559933292706,0.5136163417645854
97,18,1.9279050489970198,-1.2418981154043136,0.48898627628566677
98,18,1.9833108210914634,-1.2555257794032155,0.4846539064213516
99,18,2.0393970123190437,-1.2751368998618278,0.4764136268488991
100,18,2.095844967315792,-1.3013245430478175,0.48266605777569116
101,18,2.152516208441644,-1.3340021569278198,0.4981804743416925
102,18,2.2087859989688585,-1.3726248707849569,0.509398314033891
103,18,2.264275080098513,-1.4159450537204128,0.5330356467587621
104,18,2.3184269015615677,-1.4625308411559816,0.5608397567482681
105,18,2.370447086918302,-1.5109037031896642,0.5820213439701243
106,18,2.419896120590909,-1.559430690744691,0.5906889074777474
107,18,2.4663485929488917,-1.607318761563296,0.6068697477884282
108,18,2.5093379130955116,-1.6535513536889621,0.6104377023830648
109,18,2.5487122199954984,-1.6979545344746452,0.616191098511878
110,18,2.5843433943612104,-1.7405051613300353,0.6179658615485784
111,18,2.616353436777184,-1.7816452591835537,0.6097060440690124
112,18,2.6450543433493667,-1.821649126499764,0.6119874666722811
113,18,2.6707644727707667,-1.8608031773248508,0.6115129805097395
114,18,2.693767811160574,-1.899109685770223,0.6184776885173948
115,18,2.714869947007592,-1.936187909777822,0.6226038623039487
116,18,2.734478858122562,-1.9714068271691132,0.6426427783641003
117,18,2.753202694988868,-2.0039001415541504,0.6659905533125153
118,18,2.7714889264914233,-2.0325316689606416,0.6923355778572886
119,18,2.7897394131059032,-2.0563202303409143,0.7191656387458908
120,18,2.8082689745924414,-2.0744371661852634,0.7593625318287797
1,19,-1.249355046863286,-0.27526000268724393,0.24320369355549612
2,19,-1.2157587430034897,-0.2955081991262381,0.28525920766099916
3,19,-1.1681170977123247,-0.3198757434590793,0.33341316947830413
4,19,-1.1070914034903352,-0.34763225692509714,0.37085110040110403
5,19,-1.0339978925172617,-0.377693235783622,0.40878682577945985
6,19,-0.9503721722300316,-0.40873481162019565,0.44172511467893005
7,19,-0.8579172226101284,-0.43931424096574784,0.4794377405812093
8,19,-0.758802845123019,-0.467940903809256,0.5102455493685121
9,19,-0.6548643725651037,-0.4928876444043791,0.5383596497799855
10,19,-0.5483402024349211,-0.5125661856426766,0.5692024268272389
11,19,-0.4412381738852304,-0.5254561207594369,0.5831021753283684
12,19,-0.3354547978776246,-0.5303497274406279,0.6026234993934653
13,19,-0.23266447502507992,-0.5264450918960945,0.5993276124123463
14,19,-0.13438169130220157,-0.5133525423308901,0.5964468402921539
15,19,-0.04164528906234478,-0.49142631807134457,0.5741958472939717
16,19,0.04447443234652754,-0.4614538428508487,0.5502612762221591
17,19,0.12361328649803681,-0.4247979019053758,0.513524685318943
18,19,0.19543952873719797,-0.38325396066588074,0.47301247960873505
19,19,0.26000595829011514,-0.33879665548457116,0.43537308069231456
20,19,0.3176235409782877,-0.2937274957074849,0.38549951230896023
21,19,0.3688910271977357,-0.25009741374116495,0.3550132965316638
22,19,0.4143465039381772,-0.2099825407870257,0.32165737548868073
23,19,0.45473644869172347,-0.17468057657361305,0.29839631532625416
24,19,0.49109178832427336,-0.14583658865910612,0.2768653328908778
25,19,0.5244594091724148,-0.12428866292017766,0.2675344513455804
26,19,0.5553170761707453,-0.11063110078911634,0.2703866940042637
27,19,0.5847191353829343,-0.10511166955310117,0.28018421052021864
28,19,0.613268837917655,-0.1076992471702304,0.29701264263079874
29,19,0.6415200791529544,-0.11782690087798624,0.3256852942184078
30,19,0.6698347260488059,-0.13444209537013357,0.3597300895086883
31,19,0.6984064441626511,-0.156514754841772,0.40203307598964005
32,19,0.727204073844474,-0.18206771418647885,0.45118814320569933
33,19,0.75598762245366,-0.20904373127032738,0.5035767929602314
34,19,0.7843151737774282,-0.2349380961872179,0.550965601330323
35,19,0.8116954460874398,-0.25745592282215624,0.5991443583542235
36,19,0.837424821379891,-0.2744061076953599,0.641306883014843
37,19,0.860639619585404,-0.28370684155480297,0.6743038028197006
38,19,0.8804672786400032,-0.28398878662826676,0.6952388533290127
39,19,0.895912426282464,-0.2745741536725801,0.7075264467527065
40,19,0.9060860533197338,-0.25505792668551597,0.7034833210142064
41,19,0.9099572880197488,-0.22598836750147322,0.6983840259352471
42,19,0.9067397549416351,-0.18841784021425753,0.6766800425621404
43,19,0.8957049866976359,-0.14384728645228267,0.6473432739032795
44,19,0.8762349726767101,-0.09414254706533055,0.611850964016616
45,19,0.8479423190105971,-0.041693115328038856,0.5748721950798222
46,19,0.810590445626835,0.01110325455183892,0.5387503982740884
47,19,0.7640846447455752,0.06179584443894616,0.5072174831913869
48,19,0.7087730645817725,0.1080157467568127,0.4628483626666359
49,19,0.6451053583126687,0.14746244270130549,0.44199779176379395
50,19,0.5737003451946913,0.17812754486492707,0.4188478767785049
51,19,0.495516027373656,0.1985268654173379,0.39702362199518215
52,19,0.4115445572431241,0.20771081607249464,0.4015118070463669
53,19,0.32307969784183665,0.20524773796848142,0.39660284673663315
54,19,0.23171662916219146,0.19100816650248825,0.40112549559786637
55,19,0.13896923801956565,0.1657535037554576,0.41444914038469355
56,19,0.04645768210700513,0.13033904747147307,0.4258142803720251
57,19,-0.04408752000409695,0.08603357016761766,0.4451639410119945
58,19,-0.13080510112805915,0.0342915164250858,0.46044217543478344
59,19,-0.21227900618496737,-0.023403615322407176,0.4755258613770398
60,19,-0.2866411952845532,-0.08551843997202926,0.4954002488948826
61,19,-0.3523772477459839,-0.1506786730293708,0.5154088637463994
62,19,-0.40801103897656743,-0.21734342253583058,0.5261688972870227
63,19,-0.4524045919376182,-0.2842061818450674,0.5332774466544182
64,19,-0.4845142101376804,-0.35019522727015095,0.5415872482887382
65,19,-0.5035028944830675,-0.41398672556432065,0.548747699534345
66,19,-0.5087563301254429,-0.47478986220800473,0.5540990814587275
67,19,-0.4999637056929232,-0.5318711621553001,0.5519092720324583
68,19,-0.4770540366807745,-0.5846984535171975,0.5444195212281636
69,19,-0.44023240023919946,-0.6331492033808065,0.5348606523521597
70,19,-0.3900273850633993,-0.6774319481438265,0.5280229144011818
71,19,-0.3271738084238712,-0.7178923223409516,0.5121871905534292
72,19,-0.2524900703221931,-0.7550828289802819,0.5016011230041492
73,19,-0.16734259466918208,-0.7897986082674209,0.48563987055297286
74,19,-0.0730192640870783,-0.822693488474991,0.46897981070546535
75,19,0.028815506478742613,-0.8544487675979108,0.4680067206733638
76,19,0.13667901920346937,-0.8854838579296515,0.4629210238395827
77,19,0.2488529991297573,-0.9161523236927872,0.45787601243457177
78,19,0.36347169789309913,-0.9465735259893946,0.45805103458623975
79,19,0.4790374732426111,-0.976771500987343,0.46102234218783283
80,19,0.5938824453746337,-1.006420678026433,0.4746759606297073
81,19,0.7066618193239119,-1.0353387186173815,0.4835657997811369
82,19,0.8159938147495693,-1.0635140698212877,0.496006352489331
83,19,0.9208440563120379,-1.0903320811454498,0.5113178710096812
84,19,1.0205954806640847,-1.1156955337238095,0.5194087484311867
85,19,1.1145440945928637,-1.1390780683397546,0.5361671845655922
86,19,1.2025063968132859,-1.1605172671332609,0.5421352812562872
87,19,1.284620963775631,-1.1796737861586586,0.562311691352979
88,19,1.360975529315179,-1.1960422207264887,0.5708352407532371
89,19,1.4322159867232376,-1.20949127295663,0.5738364831361351
90,19,1.4987099417618654,-1.220104118259174,0.5729991797049737
91,19,1.5613994996272271,-1.2279479279236687,0.5700467875215088
92,19,1.6211767890948519,-1.2334417025058302,0.5659307084673169
93,19,1.6786757265131313,-1.2374921663523657,0.5492482024016487
94,19,1.734826121812215,-1.2410864551913052,0.5321016472308545
95,19,1.7902969913863076,-1.2457601157328142,0.5247601016404467
96,19,1.8455605160371091,-1.2530549641072923,0.5048934060737116
97,19,1.9012149293813818,-1.2645425584001675,0.49842684938180054
98,19,1.9573135681495926,-1.2816439550663803,0.49127194414062053
99,19,2.0139725614876105,-1.3052380748475578,0.4929762374279384
100,19,2.0708975660751,-1.3358446322027673,0.5014363665557023
101,19,2.1279670412101384,-1.373258504434937,0.5179199843022052
102,19,2.1845724860037175,-1.416763844133553,0.5422559828089157
103,19,2.2403459889354473,-1.4649364581478195,0.5713612982079836
104,19,2.2947217208079325,-1.5161373710591164,0.5973517577820272
105,19,2.346913161964157,-1.5687174209783463,0.6187404341666788
106,19,2.396469537920087,-1.6208952831355392,0.6390805539534229
107,19,2.442971332638075,-1.6717927990723926,0.6493623374398547
108,19,2.485930593809853,-1.7203729937926298,0.6575985624526682
109,19,2.5252057436762025,-1.7664896904164484,0.6611197111886054
110,19,2.560667626184859,-1.8102018731904412,0.6609444555190495
111,19,2.5924345059812834,-1.8520605592381074,0.6584696444514359
112,19,2.620828269423858,-1.8924720062534675,0.6601654475551595
113,19,2.6461946026199428,-1.9318619437712192,0.651415715683718
114,19,2.6688291911507034,-1.9703178625857969,0.6555509298255008
115,19,2.689556548008594,-2.0075324722076524,0.6684489286633455
116,19,2.7088077862352966,-2.0428969120191858,0.68389194475551
117,19,2.7272126925995592,-2.075552460711878,0.7007439531299473
118,19,2.745241771944453,-2.1043242783912213,0.7237606575923303
119,19,2.7633144520339634,-2.128203987352908,0.7603356140387152
120,19,2.7817473757105673,-2.1463263106765895,0.7958150064176195
1,20,-1.3079340427354198,-0.2889917113828815,0.27221572286012613
2,20,-1.2742620440778614,-0.3086528392122646,0.3120946547275812
3,20,-1.226462727145477,-0.33192149209472144,0.35529000976470904
4,20,-1.165192325100808,-0.35818899789844827,0.3915689134950107
5,20,-1.0917622134217189,-0.3865511329844378,0.42247943713239433
6,20,-1.0076922704140132,-0.4158581703791864,0.45345001502522075
7,20,-0.9146807754770483,-0.44484819560458766,0.48256699044030926
8,20,-0.8148813852414045,-0.4721696060558346,0.5116954176307567
9,20,-0.710122903671956,-0.4962086104886817,0.5415490424613162
10,20,-0.6026423005115501,-0.515429187748123,0.5570594990366285
11,20,-0.49443659092403797,-0.5283236920091643,0.5865645913783208
12,20,-0.3874145987920369,-0.5336764782522306,0.593154709438985
13,20,-0.28326430091643245,-0.5306472953349318,0.5983293951706763
14,20,-0.1835151925270118,-0.5188269927001956,0.5943060455154364
15,20,-0.08922311180246398,-0.4985268566989836,0.5729451960499484
16,20,-0.0014970373069203618,-0.47052484987764637,0.5439515476423912
17,20,0.07925198323137364,-0.4361761999988027,0.5099795291608455
18,20,0.15265160920751406,-0.39727397834439726,0.4752432348431661
19,20,0.2187016541078105,-0.35579830045403527,0.4326948228892702
20,20,0.2776594953471577,-0.31404449476793833,0.38733362700324103
21,20,0.3300588003808038,-0.27404971913335996,0.35470679604381666
22,20,0.3763926479620243,-0.2378634631660978,0.3197748442354506
23,20,0.41735636638241574,-0.20673847824961394,0.29171241495099315
24,20,0.45394361413803236,-0.1822617584009574,0.28314027953112664
25,20,0.4871705340535306,-0.16520322719433972,0.2663606723860916
26,20,0.5174959955772886,-0.15608136997996036,0.2806076677913675
27,20,0.545981373463626,-0.1550572921674781,0.28811003141425895
28,20,0.5732400064061208,-0.16200468430967102,0.31184146052742356
29,20,0.5998519678255828,-0.1762671640950931,0.33970022631525965
30,20,0.6262410844500468,-0.1966698345540624,0.374799169090256
31,20,0.6526678127996131,-0.2220774285588222,0.41936507010134355
32,20,0.67917308907499,-0.2503993731900415,0.4693834440577725
33,20,0.7056032191814664,-0.27943333058050124,0.5214675351709169
34,20,0.7316064562962725,-0.3065793813745832,0.565454014864254
35,20,0.7567883136381893,-0.32944179352048586,0.6201417967432961
36,20,0.7805378886432373,-0.3457656077422748,0.6562621068375499
37,20,0.8020741313895035,-0.3534720951853865,0.6893223622111243
38,20,0.8206005225582947,-0.35124407893898335,0.7035938940553682
39,20,0.8351775081390704,-0.3385265461538887,0.7078725699545542
40,20,0.8449557012827953,-0.3151073774094965,0.7028120076799667
41,20,0.8489300911045259,-0.28178504844631935,0.682514099367058
42,20,0.8463134963293913,-0.23991145231790056,0.6617715659949526
43,20,0.8363511116723438,-0.19126998946738752,0.6332291946075728
44,20,0.8183847952034257,-0.13799689387403918,0.5996277715132459
45,20,0.791970796970723,-0.08268780840091298,0.5460016950674359
46,20,0.7567849941644054,-0.02786699872295217,0.5181095917490789
47,20,0.7126551771845878,0.024000297646655778,0.48188860190447974
48,20,0.6598267429102163,0.07063354929470204,0.45187114841563564
49,20,0.5986361514789381,0.1099311209901842,0.4281202586615354
50,20,0.5296005064959631,0.1401306362679777,0.4128188880436138
51,20,0.4535705568271495,0.1600660074703132,0.4008644390190751
52,20,0.3714346913972508,0.16909181406393145,0.39702405665381707
53,20,0.28439909871322444,0.16705941195048543,0.4011417634939903
54,20,0.1939823433598177,0.15406194534824552,0.41001638538429497
55,20,0.10163582501643588,0.13098776630055814,0.42246313356731247
56,20,0.00893248193318757,0.09873103096613457,0.4377897670940994
57,20,-0.08242567535134471,0.05849738176831988,0.4511957392610777
58,20,-0.1705785217660878,0.01158002222599897,0.4717457402881824
59,20,-0.2540915927992318,-0.04075936988953618,0.48348127682238473
60,20,-0.3310572096881622,-0.09725386051059941,0.4917060769574053
61,20,-0.3999001062972787,-0.15682040920293924,0.506913464536216
62,20,-0.45908086737543147,-0.21819087446274008,0.5162093614190522
63,20,-0.5073553928469668,-0.28030464788307075,0.5220001443581552
64,20,-0.5435685970667513,-0.3422488149986814,0.5370264024139823
65,20,-0.56677963631718,-0.4028015895683862,0.5291483542562845
66,20,-0.5762468322958789,-0.46119492749520213,0.5367659314185717
67,20,-0.5715230329072651,-0.5166425215088422,0.5362265644073632
68,20,-0.5524242176282947,-0.5684980568245893,0.5359703175060416
69,20,-0.5190377124604566,-0.6165034956691972,0.518761297100594
70,20,-0.4717955997073956,-0.6607229479338422,0.5158005938851671
71,20,-0.4113332490850416,-0.7013608583665922,0.5111599943251453
72,20,-0.3384071221553405,-0.7388659737876403,0.49565911831462395
73,20,-0.2543359551648939,-0.7739761909957151,0.4861829802319685
74,20,-0.16036994108875063,-0.8073347392807046,0.47541174070891284
75,20,-0.058184553376350055,-0.8396478014032002,0.4694417273527416
76,20,0.05072601369466288,-0.8713805780622111,0.4575648589080998
77,20,0.16460400852346552,-0.9029431843069696,0.4598807022965007
78,20,0.2815252078639925,-0.9344967377011154,0.46450678539369283
79,20,0.39991870471191426,-0.9660919078430013,0.46375313564474524
80,20,0.5180297122872568,-0.9973994324494668,0.46730554938078656
81,20,0.6344156179762597,-1.0281985266294098,0.48302061360161586
82,20,0.7475983898084986,-1.058405038016178,0.49080717433796067
83,20,0.8564365812957688,-1.0873351707487384,0.5120067800835548
84,20,0.9602180194613108,-1.1148010085942324,0.5268798326908998
85,20,1.0581472117322135,-1.1402106730306985,0.5325804350239449
86,20,1.1499611077750032,-1.163545791664061,0.551363918267488
87,20,1.2357368193923588,-1.1844255162039206,0.5555310652430115
88,20,1.315500663010263,-1.2023534895401224,0.5676747044801773
89,20,1.3898495479213568,-1.2172248084530517,0.5742525870878453
90,20,1.4591381617129868,-1.2291714964306444,0.5707450695465489
91,20,1.5242871945538252,-1.238318741760792,0.5735461369523415
92,20,1.5861987183153363,-1.2451840453458256,0.5669744027046424
93,20,1.6455096877821744,-1.2507374152084598,0.5474911081181745
94,20,1.7031774086280023,-1.2560554247906377,0.5355292210481866
95,20,1.7598878199776629,-1.262746485090493,0.5213342035349284
96,20,1.8161374447654486,-1.2724169382115351,0.5063045246301761
97,20,1.8725728311636487,-1.2866711620421607,0.49837282185986637
98,20,1.9292646764048778,-1.3069296935901702,0.5028415504977625
99,20,1.9863645392239817,-1.3340505990945795,0.5019339332480643
100,20,2.0436011610822624,-1.3684962324905166,0.5150765449977078
101,20,2.100869660146293,-1.4099736043707427,0.5368532042076937
102,20,2.157577349353304,-1.4576424227365117,0.571058183659157
103,20,2.2133690702546893,-1.5099573762961227,0.5970991520140386
104,20,2.2676734421568754,-1.5651299422593703,0.6321091257261967
105,20,2.3197157029448614,-1.6213897637719055,0.6593040848285893
106,20,2.3690386066348488,-1.6768460703685537,0.6763273990375823
107,20,2.415233842412182,-1.730553339267438,0.6923398995596461
108,20,2.4577989127979682,-1.7814493411985288,0.7041145866122196
109,20,2.496608056782982,-1.8293912508922825,0.7061307941140345
110,20,2.531538778923629,-1.874477787923238,0.7045013540093615
111,20,2.56271235245214,-1.9173161526938651,0.6978975539327062
112,20,2.59046537969542,-1.9583930543854267,0.6997938997834743
113,20,2.6151775069773726,-1.9982266289648074,0.6919363482199948
114,20,2.637161025621316,-2.03696128935022,0.6978535875350745
115,20,2.657262758620858,-2.0743516863319726,0.7029624937615278
116,20,2.67594227404048,-2.1098191047027655,0.7176667232215354
117,20,2.6938527205052627,-2.142537812364994,0.7354779674328322
118,20,2.7114910823329774,-2.1713292706818415,0.7632589084027243
119,20,2.729296300193457,-2.195194419403824,0.79040820360753
120,20,2.747587021770693,-2.213260497901417,0.82393764256387
1,21,-1.3645649171277368,-0.30353048049068204,0.30181123659776565
2,21,-1.3308990975235586,-0.32244103144077035,0.3448973897361999
3,21,-1.2831021407601255,-0.34429409060856025,0.38392376801588524
4,21,-1.2218180679904465,-0.36862265018268775,0.41675498351554163
5,21,-1.1483439489605098,-0.3947326515119537,0.44117436381121133
6,21,-1.064171775676148,-0.4216864821803089,0.46788153518882575
7,21,-0.9709808331225291,-0.44844864765610587,0.49471778988170895
8,21,-0.8708929926502127,-0.47385393792270375,0.5155059882246487
9,21,-0.7657155733798039,-0.4964567171018491,0.546924553053363
10,21,-0.6576683419950633,-0.5148263796682064,0.5617551683810114
11,21,-0.5487228769307879,-0.5275225700689994,0.5789514837917688
12,21,-0.4407875576234437,-0.5333687522351526,0.5870938339396476
13,21,-0.3355527701950927,-0.5315228898843468,0.5889796609650261
14,21,-0.23455479065779208,-0.5215786865060388,0.5838162605066396
15,21,-0.13886136866398754,-0.5038079259377557,0.5662618515956382
16,21,-0.049616325201676664,-0.47895729772263934,0.5381349437498564
17,21,0.032722531194226426,-0.44833115698011977,0.5096397253703387
18,21,0.10774072391719049,-0.4136531473923922,0.47032481707555074
19,21,0.17538137294228345,-0.3768258143325327,0.43170166770161067
20,21,0.23584271447518926,-0.3400437298882641,0.39340388984543323
21,21,0.2895870484545191,-0.30523123229462473,0.3579119656643901
22,21,0.33705604108881415,-0.2743181897192475,0.33390215779834126
23,21,0.37888615955264504,-0.24843355284611293,0.31099935572141796
24,21,0.4160261351748391,-0.22904380758740903,0.29485938008932977
25,21,0.4494547895720992,-0.21681321743576265,0.29519766067862974
26,21,0.4796072194819167,-0.21217336390323313,0.3063951275849477
27,21,0.5075449864578706,-0.21521047351706835,0.3079428706454856
28,21,0.5338882846248443,-0.22573850796580006,0.3332344665390655
29,21,0.5592394053575442,-0.2430651336897045,0.369156965830473
30,21,0.5840796450450874,-0.2659629277495968,0.39855781207151114
31,21,0.6087341110253721,-0.2932661608686784,0.4425306727350094
32,21,0.6333123664149125,-0.3228505691839241,0.4895842789598384
33,21,0.6577461252521116,-0.3524484705152245,0.5453934071313711
34,21,0.6817711531990088,-0.3794366692176419,0.5864889512402348
35,21,0.7050868387175424,-0.4013823353533888,0.6354400774816193
36,21,0.7271731142044536,-0.4160192674413393,0.6721555318363084
37,21,0.747327152256776,-0.42130848397329335,0.6986104156258739
38,21,0.7648256163567436,-0.41600575548420105,0.7126084900055892
39,21,0.778782706420253,-0.399682325777733,0.7093326277101116
40,21,0.788384072515577,-0.3723034468373099,0.703258264625426
41,21,0.7926478910386912,-0.3348853346869156,0.6773808570603662
42,21,0.7907845552279396,-0.2890305117044926,0.6528003955956803
43,21,0.7820105299493378,-0.23674379512087376,0.6133456224202758
44,21,0.7656257777191303,-0.1803634521677476,0.5715291319003718
45,21,0.7411300894296525,-0.12261936194758899,0.5357248896438594
46,21,0.7081116738292412,-0.06610056372257836,0.49588985991389745
47,21,0.6663231502332814,-0.013235411245069549,0.46682307305138204
48,21,0.6159066473568452,0.03381970467896451,0.4297007321071233
49,21,0.5570893234230753,0.07317454756990413,0.41579275432034873
50,21,0.4902889161157469,0.10330464581451647,0.397437618800833
51,21,0.4162522473967574,0.1233337377142205,0.39208508552085697
52,21,0.33576710689103717,0.13287462946242265,0.395895970868556
53,21,0.24995613678818376,0.13200492152929275,0.40375195985035917
54,21,0.16026334002681855,0.12098072654680857,0.41462424772446854
55,21,0.06808129519412344,0.10075913879440605,0.4238359055732768
56,21,-0.025061655191492324,0.07222277782912971,0.4417137481859938
57,21,-0.11748875754726563,0.03647661268905273,0.45506800486511034
58,21,-0.20733923544356517,-0.005368363904686863,0.46707277457065544
59,21,-0.2931568790859649,-0.05227892342386767,0.4722263069266223
60,21,-0.37299225448900614,-0.10324314776125142,0.4866389608475819
61,21,-0.44520885300474444,-0.15744592277563754,0.4932438080346926
62,21,-0.5082014600488741,-0.21386262098885675,0.49491401888055425
63,21,-0.5606172576833922,-0.27164265257096554,0.507593030217539
64,21,-0.601188741050551,-0.33000067057805477,0.5049675216077524
65,21,-0.6288693590078722,-0.38779253002274705,0.5115198246320424
66,21,-0.6427890927663622,-0.44425383022900294,0.50747976066785
67,21,-0.6423632160104105,-0.49853963840162024,0.5152347080788481
68,21,-0.6272928676218209,-0.5498904734711779,0.5150561869868793
69,21,-0.5975479633280074,-0.5979188894225803,0.510357109901886
70,21,-0.5534627890736814,-0.6425532596222013,0.5048016680556664
71,21,-0.49557394055613896,-0.6838629146199339,0.5000258739540453
72,21,-0.42457609253537865,-0.7221925276144829,0.490520310943245
73,21,-0.34173993359681587,-0.7582156931368091,0.4768998436861453
74,21,-0.2482795344306523,-0.7925495471545415,0.46914885302828635
75,21,-0.14588126181148747,-0.8259007701211538,0.46349441177595624
76,21,-0.03605285386574671,-0.8587567266297772,0.4551583389793578
77,21,0.07940838429178135,-0.8915565687806293,0.45557426396968614
78,21,0.1985195338502691,-0.9244818824209036,0.4582453681163076
79,21,0.3196359146384919,-0.9575957933971838,0.46738049701185985
80,21,0.4409149935805506,-0.9905604873028119,0.4713516838258965
81,21,0.5608168596986127,-1.023123846083207,0.4839297970724622
82,21,0.6777686841854196,-1.055144918498924,0.4999129449161464
83,21,0.7905216132794205,-1.0858969715536122,0.5101895879950512
84,21,0.898269226569489,-1.1151309995930714,0.521498172239146
85,21,1.0001243928138461,-1.1422225659861007,0.5350637633560866
86,21,1.0957459011087562,-1.1671287652878588,0.5453153261041771
87,21,1.1851473761758946,-1.1894513297871867,0.5665615768475275
88,21,1.2682937746381702,-1.2087210381482871,0.5713549426781951
89,21,1.3457307777465735,-1.224866964699984,0.5789440506297541
90,21,1.4177990374280665,-1.2380660771078935,0.5750263813731114
91,21,1.4853936669338845,-1.2484875245817126,0.567756082777489
92,21,1.5494217353163027,-1.2567224675973256,0.5630989842358667
93,21,1.6105205944490035,-1.2637720354370685,0.5511375044924742
94,21,1.6696690091157362,-1.2707642169423001,0.5380357820101374
95,21,1.727565471981685,-1.2793417842697563,0.5269315509268925
96,21,1.784726714111835,-1.291139704226054,0.5099889481025021
97,21,1.8418421159037224,-1.3077695465630867,0.5038887133147926
98,21,1.8989966254378654,-1.3306354066781658,0.5030954472042278
99,21,1.956373959680863,-1.3605766812786022,0.5130045189233166
100,21,2.0137248573208355,-1.3980194181026409,0.5283561543797954
101,21,2.070961122730425,-1.4426188342140243,0.5549373292842507
102,21,2.1275057925332965,-1.4934632150204874,0.5871379102712057
103,21,2.183018312066249,-1.5489483648000677,0.6162034799790822
104,21,2.2369260421031174,-1.6072014867618958,0.656728528519132
105,21,2.288470235957329,-1.666387009321229,0.6828969585695698
106,21,2.337192609258594,-1.7245501838931345,0.7054225421701178
107,21,2.3827014932405626,-1.7807002489141337,0.7242286346287955
108,21,2.4244872635608608,-1.833748338368718,0.7369254637770619
109,21,2.4624455708660493,-1.883531707496975,0.7434238824104632
110,21,2.496468325656291,-1.9301456157394428,0.73991380550563
111,21,2.5266865731825714,-1.9741980130824428,0.7395189544205503
112,21,2.5534563435872446,-2.0162002544014466,0.7313226223810788
113,21,2.5771974654471634,-2.056710245528811,0.7302896409283759
114,21,2.5982433989546108,-2.095895265676838,0.7296881899107608
115,21,2.6174662302785445,-2.1335534030426793,0.7341157875789021
116,21,2.635358932806006,-2.1691374275212763,0.7505279399274478
117,21,2.652599204397811,-2.201873691031564,0.7700161282855646
118,21,2.6697135018351226,-2.2306096240096207,0.7949550283927765
119,21,2.6871619821817805,-2.254387573092274,0.8146888296712799
120,21,2.7052652869481344,-2.2723530192899206,0.8582691010417122
1,22,-1.419261125598936,-0.3165718213208073,0.33447611072041794
2,22,-1.3856835202397242,-0.33462566539025324,0.37786042338798187
3,22,-1.3380492388973684,-0.3548567568137691,0.4172462602690749
4,22,-1.2769830284306516,-0.37695114887884196,0.43984825989338944
5,22,-1.2037579755009298,-0.4004440410356005,0.4608776989668519
6,22,-1.1198263016174743,-0.42463560592941363,0.4821679745046403
7,22,-1.026833807499704,-0.4487503585147104,0.4985745820181296
8,22,-0.9268549735606756,-0.47184615235096683,0.5209548300057181
9,22,-0.8216606341662016,-0.49269133101309487,0.543380896897839
10,22,-0.7134374803828379,-0.5100067480654294,0.5536063890674592
11,22,-0.6041171579643706,-0.5224681104541846,0.5688385685737488
12,22,-0.49559478344529057,-0.5289798313985722,0.5777200070713729
13,22,-0.3895517995647059,-0.5287302441790414,0.579863057690219
14,22,-0.2875232665882297,-0.5213334846347297,0.5721842489578748
15,22,-0.19058351329537826,-0.5070215522492143,0.5518946594788494
16,22,-0.09990739764305893,-0.4864850201245726,0.5314578589720935
17,22,-0.0159991561715566,-0.46093299556093204,0.5034806995854283
18,22,0.0606830052900926,-0.43195479394012953,0.47235784730867336
19,22,0.13002190826744062,-0.40129684386392217,0.43585501076450944
20,22,0.19215120114666331,-0.3709668334011235,0.40426046936352733
21,22,0.24745574987089294,-0.34268821334635474,0.3765890216721343
22,22,0.29631918972571364,-0.3181911322838965,0.3530509171501009
23,22,0.3393115100935563,-0.29841508615768986,0.3370794253263424
24,22,0.3773286327053025,-0.28465601066382396,0.3299414035633049
25,22,0.4113052585071195,-0.2774456463827177,0.32769213026083344
26,22,0.44164773268414076,-0.2771247090518979,0.3341833703495766
27,22,0.4694104320883533,-0.2837205169955151,0.34904587755170585
28,22,0.49521690893072023,-0.29702375695045047,0.36682281158286756
29,22,0.5196872566765576,-0.31635799446535684,0.3934477834670592
30,22,0.5433552761161333,-0.34050998201392446,0.4311482059524271
31,22,0.5666080721173667,-0.3683540392338414,0.4786996474462871
32,22,0.5896200977205529,-0.3978078383737789,0.5183656172616423
33,22,0.6124073082326238,-0.4266149875544521,0.5704702185139231
34,22,0.6347902894296815,-0.4521977173034652,0.6153297799815527
35,22,0.6565593045228542,-0.47214726110955324,0.6540807005021874
36,22,0.677283570832646,-0.48423583825204364,0.6842610992544418
37,22,0.6963345389081335,-0.4864970918698548,0.7095911688021647
38,22,0.713059757690028,-0.4777756265357782,0.7200531203403028
39,22,0.7266258365083449,-0.45776595288672,0.7165389322267552
40,22,0.7362501725439522,-0.4265875197068545,0.6960121316959667
41,22,0.7409723566386924,-0.3854330937366304,0.6751061426562807
42,22,0.7399999322340974,-0.33609768737669093,0.6416919495027567
43,22,0.7325194837640818,-0.28073865965097566,0.6029216444356957
44,22,0.7177884173684662,-0.2218213735173259,0.558112951028957
45,22,0.6952511982932149,-0.16213436541628912,0.5191959367469265
46,22,0.6644091287346051,-0.10426922571425852,0.4862673177600428
47,22,0.624942705810804,-0.05056936895568957,0.45562983960780284
48,22,0.5768909112541835,-0.00303833067437781,0.42544888200663
49,22,0.5203759157200442,0.03664770119600198,0.40996097021793104
50,22,0.45571850103495687,0.06718246604825,0.401239012984597
51,22,0.3835647740030849,0.08793801615795287,0.3934755323635498
52,22,0.30460480711710014,0.0987275399910772,0.38924646394567647
53,22,0.21988102323260356,0.09978748394985426,0.4025116236141213
54,22,0.1307642086847112,0.0914701057734171,0.4130524570557989
55,22,0.0385907918763197,0.07473968369815019,0.42426158638918543
56,22,-0.05515407041741377,0.05041777312625941,0.4384825082558117
57,22,-0.14881674878764956,0.019476012508160254,0.44847318270820236
58,22,-0.24053546532474343,-0.017169524801164692,0.4508412715670916
59,22,-0.32883041421236364,-0.0587098387797114,0.4566975075335068
60,22,-0.41170974819898803,-0.1043646467069176,0.46365878981035846
61,22,-0.4874769521575388,-0.15355192715242705,0.47034990002876603
62,22,-0.5544597354260471,-0.2054505850361784,0.4744115571439238
63,22,-0.6111955965716278,-0.259376070245408,0.4778554555439521
64,22,-0.65630507382117,-0.3146342745172969,0.47819340844273456
65,22,-0.6886349678824187,-0.3701322773773862,0.4833996202957817
66,22,-0.7071872197157898,-0.4250915117246081,0.4877455094466768
67,22,-0.7112393301890946,-0.47860671365977936,0.48722315886091005
68,22,-0.7003764573576656,-0.529813321911015,0.49549570748645616
69,22,-0.6744519408507388,-0.578207886838685,0.491840202489625
70,22,-0.6337010247634679,-0.6236002729335708,0.49131341687484065
71,22,-0.5785624903204936,-0.6659393639311937,0.48347228383275564
72,22,-0.5096689638617181,-0.7054725650245548,0.4811419474814407
73,22,-0.42824217565693024,-0.7428077233145097,0.47321126850957207
74,22,-0.3354611530227911,-0.7785237082746597,0.4659795855190088
75,22,-0.2330217142933115,-0.8133055302500298,0.46252733432428056
76,22,-0.12244628439269752,-0.8476395484108195,0.4550816762187891
77,22,-0.005570585310976269,-0.8819655005765278,0.4539608829784339
78,22,0.11556484646767191,-0.9164635176773789,0.4562147446206276
79,22,0.2392421995685948,-0.951193940084257,0.4694922870470851
80,22,0.36353176527441944,-0.9858046498781586,0.4777017871865137
81,22,0.486798068490631,-1.0200189484777853,0.4935107198219618
82,22,0.6073759360460134,-1.053654237026918,0.5003999397499127
83,22,0.7239099460555144,-1.085966289473065,0.5139266394874376
84,22,0.8355009772942845,-1.116672750333138,0.5344427491132765
85,22,0.9411709041597165,-1.145146924060138,0.5487260942338008
86,22,1.0405020761090134,-1.171348681850606,0.5553063423127114
87,22,1.1334428809339083,-1.1948820967348475,0.5656633359548336
88,22,1.2198971732452462,-1.215317501593088,0.5699962115430924
89,22,1.3003572099469145,-1.23262047633431,0.5781234341873379
90,22,1.3751481698332815,-1.247003936057062,0.5813450471810905
91,22,1.445135320326483,-1.2586636902724897,0.5767460535217662
92,22,1.5112252751342417,-1.268236788101609,0.564779152173989
93,22,1.5740529543488841,-1.2767222619485112,0.5553796949435632
94,22,1.634611967712648,-1.2852608135633343,0.5477435766631155
95,22,1.6936088070595616,-1.2954919105974096,0.5271958326816283
96,22,1.751575870143599,-1.3090440139007042,0.5191783147006025
97,22,1.8092395110008583,-1.327512032389782,0.5156503605455266
98,22,1.8666957625959808,-1.3522699071669357,0.5141226890158999
99,22,1.9241570462024333,-1.384142853725127,0.5220717486874437
100,22,1.9813949393284063,-1.4235447395508944,0.5423678282826424
101,22,2.0383380983816184,-1.4701185253793894,0.5679987771560625
102,22,2.094425266420407,-1.5229382919706875,0.5958060863047268
103,22,2.149332631312369,-1.5804077432510486,0.6371151896403069
104,22,2.202490857997967,-1.640640450277362,0.6737853616252045
105,22,2.2531616548282276,-1.7017964089131519,0.7065050398832728
106,22,2.3008916092868517,-1.7619073732655812,0.7318404396854437
107,22,2.345311111488955,-1.819963549913497,0.7545290951685891
108,22,2.385911285671289,-1.8748521147376278,0.7610691704175724
109,22,2.422614866918602,-1.9263698135097693,0.7673323075116746
110,22,2.4553360025313666,-1.9745670835813722,0.7699782115441532
111,22,2.484222307373603,-2.0199978850457914,0.7672006543530318
112,22,2.509654070845108,-2.0631416506423808,0.7567195428880513
113,22,2.5320972037251277,-2.1045411467833666,0.7635296712890648
114,22,2.5519108235359425,-2.1443494339443614,0.7676495608218502
115,22,2.569994968387553,-2.1823846684292034,0.7732489203559345
116,22,2.5868808979237627,-2.2181268511472445,0.7811149310714234
117,22,2.603271734329418,-2.2508673204303173,0.7967632132208056
118,22,2.6197261101935294,-2.279503345818329,0.8209081551259936
119,22,2.636727028005613,-2.3031453838756657,0.84680842997016
120,22,2.6545970747860475,-2.3209787284236074,0.8819759375021434
1,23,-1.4717693515056287,-0.3260670308218022,0.3699867754559205
2,23,-1.4383633351868141,-0.3432171484938735,0.40672456633157683
3,23,-1.3910547622513474,-0.36173390278338585,0.4356551657358441
4,23,-1.3304422188092142,-0.38145982815481516,0.4622620710428608
5,23,-1.2577650876474256,-0.4021680213199826,0.48389219378688925
6,23,-1.1744243372505034,-0.42340998846290334,0.4963804946922592
7,23,-1.0820178365074928,-0.4446914057914012,0.5088512633504003
8,23,-0.9825571777515263,-0.4653185478227663,0.5186317234638278
9,23,-0.877761798161059,-0.4843087189352558,0.5364934900034709
10,23,-0.7697693584435613,-0.5005707398071911,0.5486523529482622
11,23,-0.6604570769863792,-0.5129362375452213,0.5645918860997055
12,23,-0.5516937695556756,-0.5204237995966536,0.5679561118680568
13,23,-0.4451401137763218,-0.5222765760082702,0.5656393541637498
14,23,-0.3423217979068974,-0.518139110385413,0.5557578348046596
15,23,-0.24431370203747121,-0.5081978387744878,0.5432027028186813
16,23,-0.15231732432643422,-0.49305911395162444,0.5198246855499432
17,23,-0.06688225051639937,-0.47379266304780177,0.5016107107009657
18,23,0.011488539271348335,-0.45179379740380027,0.4733110727813861
19,23,0.08261460291409922,-0.42858315299160193,0.44155956928735907
20,23,0.1465602264867421,-0.4059094552112232,0.4248257629365129
21,23,0.20362735273151722,-0.3852243245542307,0.39822439075369576
22,23,0.25413505704710193,-0.3679970266865543,0.38485701920070325
23,23,0.2985796015810745,-0.35493045105329807,0.3777829822135108
24,23,0.3377960204134369,-0.3471168600873453,0.36794678216404986
25,23,0.37266786383543005,-0.3449419401208746,0.37089935781379174
26,23,0.4035674186468225,-0.34865965636528384,0.3793862948160454
27,23,0.43153372966307296,-0.35825796268434795,0.3997963094102782
28,23,0.4571895198715371,-0.3735392880616254,0.4114029272335492
29,23,0.4811674153716202,-0.39388962185049764,0.43920425214975173
30,23,0.5040478112724546,-0.41816868880436153,0.47241838397717345
31,23,0.5262761834800435,-0.44535201161740984,0.5133798217105968
32,23,0.5480873959746434,-0.47346540240613905,0.557150120303042
33,23,0.569579700226796,-0.5003322841847873,0.5918040828114978
34,23,0.5906553730580166,-0.5234811979911196,0.6341868344530878
35,23,0.6111921216665223,-0.5405824962327885,0.6696058695150111
36,23,0.6308469139760494,-0.5494907326565722,0.7001924133679822
37,23,0.6490618358159118,-0.5483396491053797,0.7153655146570549
38,23,0.6652534305159559,-0.5360729948422743,0.7194968085945883
39,23,0.6786399731279226,-0.5124995901867276,0.7114587643435007
40,23,0.6884685647084443,-0.4778640303889451,0.6903405728239685
41,23,0.6937993431685807,-0.43348869946960505,0.6688934184762402
42,23,0.6938377674228781,-0.38129772295771874,0.6307028889267658
43,23,0.6877407295276369,-0.3235294719192,0.5902018643223335
44,23,0.6747235856873619,-0.26270067030108657,0.5402417093147288
45,23,0.65417788677586,-0.20158549613689342,0.5056116112373888
46,23,0.6255198488572538,-0.14272072671958963,0.4781624850080153
47,23,0.588361635630869,-0.08832476042422893,0.44268776905990354
48,23,0.5426400752007365,-0.04022962254723249,0.42418181353373585
49,23,0.4883771578813982,9.445790067799133e-05,0.40441287223847944
50,23,0.4257993131603383,0.0315294173775404,0.395582672901826
51,23,0.3554552228812944,0.053644466836836345,0.39166612249339916
52,23,0.27794004172348774,0.06638869497483774,0.4019062515461365
53,23,0.19421879121858773,0.07008599018329692,0.40575297150350026
54,23,0.1055898332266123,0.06511773849312341,0.40912385462777257
55,23,0.013335394919618963,0.052397214369835195,0.4258081676197707
56,23,-0.08110216982999909,0.032642096948944786,0.42852965768966256
57,23,-0.17609113318285638,0.0066673987373566165,0.4346909703361253
58,23,-0.2697696437973328,-0.024807671081121124,0.43701536098510024
59,23,-0.3606337328669583,-0.06118247799071236,0.4397466980367373
60,23,-0.4466498413398436,-0.10187427136490128,0.44301340004982387
61,23,-0.5260641758186124,-0.14649017800130112,0.4366339651708234
62,23,-0.5971371960155077,-0.1943655593593256,0.446462478896898
63,23,-0.6582973922920107,-0.2449340502405251,0.44735772859891837
64,23,-0.7080552673366629,-0.2975552361577791,0.44808169287816046
65,23,-0.7451509296464512,-0.35116256003689544,0.45753010175467196
66,23,-0.7684599159926812,-0.4049495618503961,0.46286639293218956
67,23,-0.7771228192486992,-0.4579545949272534,0.47127409834016465
68,23,-0.7706083937052518,-0.5092237333082558,0.47199014937205264
69,23,-0.7486547745101106,-0.5581579982111986,0.48105828962884545
70,23,-0.711397034090315,-0.6044735099797403,0.4761033267153929
71,23,-0.6591774626417044,-0.6480207608239331,0.477814077158044
72,23,-0.592566017921107,-0.6889628237427596,0.4681335529187259
73,23,-0.5127341213522415,-0.7278453279402768,0.4669547773262446
74,23,-0.4208263457858685,-0.7652001943943487,0.45995717951442217
75,23,-0.31854541177005913,-0.8016717589324802,0.4531948207026035
76,23,-0.20742872501471987,-0.8377237409277899,0.4544129059054638
77,23,-0.0893481740754247,-0.8737689044026857,0.46947186225120363
78,23,0.03360032974371848,-0.9099649221862108,0.46425657938132586
79,23,0.1596274884927503,-0.9463542950058795,0.469297803799357
80,23,0.2867182828103922,-0.9825647874495795,0.4878675775376317
81,23,0.41314442230911413,-1.0183014828783026,0.4953445587539028
82,23,0.5371516812274365,-1.0533541045497132,0.5076673867947238
83,23,0.6572799497820293,-1.0869845326954868,0.5188028565328614
84,23,0.7725394865281906,-1.1189016393251112,0.5404192593035213
85,23,0.881862435028267,-1.148502942427768,0.5515758098116998
86,23,0.9847566919099205,-1.1757734173408294,0.5709102459964199
87,23,1.0811039138044687,-1.2003348779255198,0.5729604429637574
88,23,1.1707472588721979,-1.221804439138881,0.5783643704281435
89,23,1.2541234726917343,-1.2401827531565366,0.5852514227109623
90,23,1.3315406262421374,-1.2557063972452451,0.5810106934238799
91,23,1.4038299113661439,-1.2685791086913925,0.5815251740772689
92,23,1.4718916903285635,-1.2794549235639776,0.5802163480920387
93,23,1.5363557362108744,-1.2892978765538199,0.5680987454278181
94,23,1.5982235520876136,-1.2992229500037131,0.5501788794355933
95,23,1.658205175625376,-1.3108296064434284,0.5408488513673263
96,23,1.7168439957722692,-1.325704727974712,0.5330939175415709
97,23,1.7748973889557218,-1.3454029629847337,0.5194323667680163
98,23,1.8324695197874732,-1.3712545433229586,0.5264471801605107
99,23,1.8897980940084855,-1.404074563473733,0.5357555049491574
100,23,1.9466744512433345,-1.4442886692405879,0.5527781466644922
101,23,2.003044506192267,-1.4915672778957147,0.5842682107371255
102,23,2.058362918108034,-1.5450282432617137,0.615455673796711
103,23,2.1123249552447283,-1.6031511783067796,0.6456081867289976
104,23,2.1643693870996805,-1.6641090575823618,0.6810387776757054
105,23,2.2137828133985864,-1.7261208802057404,0.7151632715542532
106,23,2.2601228945800043,-1.787258996328581,0.7423485442281265
107,23,2.3030472344010717,-1.846524716015262,0.7620252743253181
108,23,2.3420557811909597,-1.9027889595266188,0.7775026300231427
109,23,2.3771037217162982,-1.9557920759360747,0.7872162368036806
110,23,2.408134925884979,-2.0055031104361496,0.7809816421785345
111,23,2.435320037550784,-2.0523716409315997,0.7856777094650579
112,23,2.459068130634083,-2.0967913161363385,0.7832576894997121
113,23,2.4798963562374805,-2.139236279292391,0.7880385214257114
114,23,2.498193510383817,-2.179807669683717,0.7842983485733741
115,23,2.5148896748063967,-2.218317500663711,0.7937875388436566
116,23,2.5305587230827125,-2.254264093755262,0.803907572814349
117,23,2.545929507673185,-2.287010478978319,0.8190682716718596
118,23,2.561595012559555,-2.3155213016970966,0.8402343873790198
119,23,2.578062354100671,-2.3389954851247987,0.8649556395510967
120,23,2.5956558898200037,-2.3566748031490286,0.9007073265447522
1,24,-1.5219641864066578,-0.32992134496656844,0.3989084360761673
2,24,-1.488807547581893,-0.3461793747447033,0.43770519103388794
3,24,-1.4419768027501665,-0.3630027521215933,0.4650119135171834
4,24,-1.382038090590311,-0.38038633797943594,0.4805383049883337
5,24,-1.3101879121481261,-0.3983396318936499,0.49381117260381424
6,24,-1.2277656548163203,-0.4166669431442574,0.5015831204952617
7,24,-1.1363077587611217,-0.43516348751599965,0.5186208588449811
8,24,-1.0377485782968257,-0.45339747057954644,0.51713030741615
9,24,-0.9337423737967943,-0.4706577664734242,0.5276161110682255
10,24,-0.8263628770382321,-0.4860663704909687,0.5353059380783263
11,24,-0.717419505122692,-0.4986395020111715,0.546431965355174
12,24,-0.6087425807633235,-0.5075324270508681,0.5472946217645144
13,24,-0.5019607356802561,-0.5120578488580083,0.5472520278905619
14,24,-0.3985828497340886,-0.5118917303246734,0.5406541086081168
15,24,-0.29967840243622723,-0.5071632831515164,0.5310295640152193
16,24,-0.20647124707320186,-0.4983641276937267,0.5179780734449264
17,24,-0.11955492211577726,-0.4863826336809545,0.4908648408687236
18,24,-0.039478054197821875,-0.47236862359372944,0.4768416159022546
19,24,0.033513224253461704,-0.4575602354560572,0.45807262110887664
20,24,0.09940966388704102,-0.44339354715449364,0.43897142523667876
21,24,0.15842554359334726,-0.4309993231690459,0.42587388857727715
22,24,0.2108092049763026,-0.42154801506067946,0.41680352174643576
23,24,0.25697664546439936,-0.4154809963468992,0.41572311970493375
24,24,0.2976942772236896,-0.41367345245047143,0.4130399130292076
25,24,0.3337877175896775,-0.41636635332828165,0.4194840298931765
26,24,0.3655901234392624,-0.4237392145141138,0.4251483757815162
27,24,0.3941169790649045,-0.43576266985666995,0.44217614472501937
28,24,0.41998587203702203,-0.45228208970804634,0.46291611048442693
29,24,0.4438364147501606,-0.47278370555361426,0.4889026399831067
30,24,0.4662894295413857,-0.49624686648657684,0.5237342762846653
31,24,0.48784462427657554,-0.5217954756478103,0.5475002155421699
32,24,0.5087926100121185,-0.5476156485529532,0.584907531959799
33,24,0.5293116681853536,-0.5716663192047579,0.6237676888353468
34,24,0.5493825714975803,-0.5916314239104848,0.6582484651586868
35,24,0.5689669690506186,-0.6053060890984813,0.6926153447152191
36,24,0.5878083128225228,-0.6106629881213845,0.7121998936467273
37,24,0.6054162687453737,-0.6059568101814308,0.7307241419347807
38,24,0.6212750731208533,-0.5902349224914868,0.7275700767229257
39,24,0.6346546218799043,-0.5634063961023776,0.7141256341374269
40,24,0.6448311434364964,-0.5258081713760362,0.6889950152845
41,24,0.6508854287239866,-0.4788426025751106,0.6595344398245402
42,24,0.6520228730760136,-0.4244983190736051,0.6256540249976554
43,24,0.6473722229218297,-0.36502519780607734,0.5862206190867914
44,24,0.6361085915839444,-0.302919788299272,0.5417937147921705
45,24,0.6175743411963024,-0.24087660196845234,0.5031129316096514
46,24,0.5911034848945599,-0.18132956533380984,0.4700803143230127
47,24,0.5562443697104174,-0.12634349575203702,0.4458833626632228
48,24,0.5128335591229369,-0.07757255305924707,0.4182113422372743
49,24,0.460798110234324,-0.036300452635801325,0.4028197141028346
50,24,0.4002728929941274,-0.003496096982793286,0.40080649086410436
51,24,0.33171241627869835,0.020549059478166216,0.39770630970126436
52,24,0.25561955029074407,0.03585332014066011,0.3961356240323561
53,24,0.17288401898546388,0.042758063682286226,0.4072627591562629
54,24,0.0847318732135708,0.041612170984826495,0.41101594275532294
55,24,-0.007607824911483576,0.033228415247926024,0.41439155879167117
56,24,-0.10273647406016623,0.018188934477757348,0.4217338368708682
57,24,-0.19904426816469412,-0.0028587170661118814,0.4145921599381318
58,24,-0.2946717392588649,-0.0293820110712791,0.4184497737249299
59,24,-0.3880918673715548,-0.06096133224290948,0.41628940607617093
60,24,-0.4772318325246563,-0.09716858304360952,0.41155366107591923
61,24,-0.5602850846660606,-0.13774991120800095,0.41109765615280264
62,24,-0.6354462113470516,-0.18214667284419794,0.4125876903313826
63,24,-0.7010374116779817,-0.22986281043045934,0.4123639119221738
64,24,-0.7554628640921925,-0.2802761403549062,0.4147938356018685
65,24,-0.7973572625601911,-0.3323257302134888,0.427645372567435
66,24,-0.8254729358289308,-0.3851691123757405,0.4393689059393801
67,24,-0.8388158433040235,-0.43779790198542223,0.4437329525881307
68,24,-0.8367388730209121,-0.4891910161360729,0.44918380455907353
69,24,-0.8188670622909003,-0.5386795673893608,0.45331568816556533
70,24,-0.7852344808479181,-0.585915607574139,0.4619123614271066
71,24,-0.736088658553167,-0.6306780909729945,0.4620406932861681
72,24,-0.6719359469152203,-0.6730624153123167,0.45825161195747993
73,24,-0.593895614593304,-0.7135586308612728,0.454965856780087
74,24,-0.5030777648987987,-0.7526458838773946,0.45594089601448834
75,24,-0.4011882057553432,-0.7909121635344047,0.4530129424054073
76,24,-0.2897785224509085,-0.8287792610325275,0.4537367593269399
77,24,-0.17075310125973883,-0.8666079167510302,0.455608974696685
78,24,-0.04625944584306543,-0.9045148554255934,0.4667565141977044
79,24,0.08184470295544923,-0.9425114493106412,0.4786783560838055
80,24,0.21146262949983533,-0.9802008429537568,0.49008890744933037
81,24,0.3407774341142707,-1.0172767051496554,0.5011365548209977
82,24,0.46795042324810027,-1.0535143017741517,0.5187494984532918
83,24,0.5914201732052938,-1.0882034255312805,0.5303353865121762
84,24,0.7101093157902304,-1.1210657062471603,0.551597719044252
85,24,0.822862545962935,-1.1515457548836705,0.5605435260291816
86,24,0.9291158430708977,-1.1796715001985183,0.5787133931566979
87,24,1.028683146000027,-1.205094635231719,0.5839582466802922
88,24,1.1213475990907165,-1.2274826795437241,0.5936930557918625
89,24,1.2074885266271413,-1.2468678617828863,0.5977307910545334
90,24,1.2873949840177243,-1.2634970776994094,0.5964694999555713
91,24,1.361859828643313,-1.277564013562652,0.5963380204862466
92,24,1.4317709082523402,-1.2897116570631464,0.5891967125801959
93,24,1.4977499029172598,-1.3008380876189038,0.5783296898297076
94,24,1.5607986643847327,-1.3119956965524062,0.5653790800805965
95,24,1.6216260953604003,-1.324708826466383,0.5595973396377131
96,24,1.6807814163490975,-1.3404877651955054,0.5461414990493626
97,24,1.739046660518366,-1.360822915237534,0.5370438854801617
98,24,1.796531022251112,-1.3869860244549572,0.5348613983792448
99,24,1.8534938830062258,-1.4197836989465278,0.5486538895981116
100,24,1.9097450496855164,-1.4596741793084331,0.5605686212758787
101,24,1.965248124544507,-1.50639186077202,0.5835636610448662
102,24,2.019473934601806,-1.5591529814881326,0.613887265008037
103,24,2.072139309807375,-1.6165777715417924,0.6478415381346697
104,24,2.122696061697392,-1.676969429170608,0.6818170223189125
105,24,2.1704601658139837,-1.7386678826045252,0.7164914320233178
106,24,2.215006892783401,-1.7998402566845533,0.7409962146639144
107,24,2.256026024827858,-1.8595306502889148,0.7620500776492609
108,24,2.2930346628776825,-1.9166054233807646,0.7778902704701495
109,24,2.326025752726459,-1.970737686201738,0.7826033732178934
110,24,2.35498014247662,-2.0217850187165083,0.7938272366000986
111,24,2.3800977927816027,-2.070049395401569,0.796115149592842
112,24,2.401821006617451,-2.1157909144613467,0.7918504287417379
113,24,2.4207227404950293,-2.159366711201968,0.7941860373236631
114,24,2.4372252127698513,-2.2007909093728917,0.7977845518813134
115,24,2.4522902540892373,-2.239843249461542,0.8009234831949275
116,24,2.4665382835412584,-2.2760289753766054,0.8118704339921496
117,24,2.4807237796858725,-2.3087845633813417,0.8340234168911097
118,24,2.49547576986059,-2.3371537828711397,0.8538949791945848
119,24,2.511326539040485,-2.3604381878868557,0.8747979770954344
120,24,2.5286020044897413,-2.377947806053872,0.9028964194824151
1,25,-1.5698857931179486,-0.32609204174767675,0.4171145526476437
2,25,-1.537052006487533,-0.3415258361952754,0.45488135193513013
3,25,-1.4908427401394326,-0.35678556908826253,0.47549045750405716
4,25,-1.4317859676118838,-0.37200743268661873,0.4935794121050804
5,25,-1.3610265370987946,-0.38742626955415627,0.5087939462342601
6,25,-1.2798328234857663,-0.4030891681263237,0.5061542131757162
7,25,-1.1896671250816198,-0.4190764249101244,0.5086325335319142
8,25,-1.0923730484068335,-0.4352196520146826,0.5139931230615871
9,25,-0.9895267458837554,-0.45108852955370493,0.5150236752209052
10,25,-0.8831237960208296,-0.4660309900601868,0.5201183242880993
11,25,-0.7748932557509167,-0.47926388622553034,0.5308076840703065
12,25,-0.6666152502862562,-0.4900899383249955,0.5282649372912103
13,25,-0.5598752736344658,-0.4978957383880918,0.5358006458441263
14,25,-0.45615830412574027,-0.5023807964795707,0.522375849788955
15,25,-0.3565222773117456,-0.5036004755662967,0.518148887893608
16,25,-0.2622089435965241,-0.5019004921211649,0.510290057627903
17,25,-0.1738538183426212,-0.4979504655323473,0.5010839711513506
18,25,-0.09205166126066473,-0.49261400311934767,0.4876096351942959
19,25,-0.017116156740431418,-0.48680595037070534,0.4803361111121434
20,25,0.05086645927234426,-0.4816169106564034,0.46727005650604825
21,25,0.11201866433839283,-0.4778319124127051,0.46074474127184545
22,25,0.16651214462798147,-0.47630928767251,0.46652737905464964
23,25,0.21467663874791,-0.477227019092771,0.461132460117264
24,25,0.25720229024956837,-0.4812496739470338,0.469041556178919
25,25,0.29484991301577457,-0.48848896760743565,0.47431161761445273
26,25,0.3279082866077019,-0.4990692058734694,0.48422845611408355
27,25,0.35736063547630464,-0.5129663909992349,0.4988946241845566
28,25,0.3838145435485332,-0.5300940452415692,0.5134022904192258
29,25,0.407910350459328,-0.5500651559887217,0.5335378688187727
30,25,0.4303024130458989,-0.5720104285002806,0.5525997674788834
31,25,0.4515396431595389,-0.5952327567166018,0.5911041655968159
32,25,0.4719631266195682,-0.6181140789432359,0.6211046284124057
33,25,0.4918281932063676,-0.6387893657255399,0.6495564529587476
34,25,0.511190504037673,-0.6551334299681071,0.6712300336128831
35,25,0.5300918980743159,-0.6651011887613354,0.7037205020614333
36,25,0.548361000179089,-0.6668104842391549,0.7182884324894292
37,25,0.565572479507542,-0.6586512263869752,0.725957931430736
38,25,0.5812774208793487,-0.6397736878465665,0.7257576545772392
39,25,0.5947979305722491,-0.6101693009334725,0.7096997186727969
40,25,0.6054401919165133,-0.5702325544292216,0.6842164120396992
41,25,0.6123068014138803,-0.5213958649210836,0.6586830617094346
42,25,0.6146063581408726,-0.46564919053439363,0.6182246948993382
43,25,0.6114424663136413,-0.4051894971931207,0.578907222049593
44,25,0.6019531929353087,-0.3424291626714269,0.5464001578285862
45,25,0.585436787280733,-0.2799285011252654,0.5088261250550514
46,25,0.5611491685517663,-0.21998229032017794,0.4758735662480711
47,25,0.5285801648576538,-0.1644865255835032,0.44624261098908224
48,25,0.48746902128081104,-0.11492410109712484,0.42934817237845474
49,25,0.4376535833930224,-0.07242233175892057,0.41558642768375287
50,25,0.37918025010930206,-0.0378471888245818,0.405925348483361
51,25,0.3124126762149029,-0.011412062089478968,0.4032264286562713
52,25,0.23776397066941884,0.006905554766088963,0.40434545600953253
53,25,0.15605002411028954,0.01740056863670883,0.40059789458689227
54,25,0.06842412796441524,0.020337308977874304,0.4045466788174309
55,25,-0.023937695094128377,0.01639092050088473,0.4077152770537433
56,25,-0.11968270169482612,0.005989995402917729,0.40234765829905966
57,25,-0.2172241712327552,-0.010382528722507604,0.400198311476496
58,25,-0.31470890070691854,-0.03235879887738579,0.40169776560616977
59,25,-0.4105894475631128,-0.05966312995521544,0.39686879553182747
60,25,-0.5027577799349267,-0.09197333144071494,0.39168074010667814
61,25,-0.5893606518572717,-0.12912191552895919,0.38915183388504704
62,25,-0.6685294802350651,-0.1706063877483743,0.3867841556838856
63,25,-0.7384847296198767,-0.21595694787647715,0.3854982123344587
64,25,-0.7975294344867048,-0.2645392243761945,0.39409603718447916
65,25,-0.8441951796924181,-0.31528330105252156,0.3977423177097862
66,25,-0.8771155525262685,-0.367308694299342,0.4062057678637637
67,25,-0.8951652310358326,-0.4195747836171354,0.4157965899681883
68,25,-0.8975823701119007,-0.47101953661390955,0.4258316594201492
69,25,-0.8838814775452265,-0.5209319316079851,0.4318996806085121
70,25,-0.8539948093938614,-0.5689308050088208,0.4393513062845158
71,25,-0.8080770033054673,-0.6147513143806654,0.4399327497374693
72,25,-0.7465693172311869,-0.6584385008370625,0.4440742355357404
73,25,-0.6705364199304621,-0.7004344493616848,0.4488365425175168
74,25,-0.5810532144007505,-0.7411619640040533,0.4464551367561549
75,25,-0.4798234732806906,-0.7811408762614783,0.4513624671057295
76,25,-0.3684110588912004,-0.820735759796019,0.45720848829737754
77,25,-0.2487478911768121,-0.8602354350131233,0.46206857331772716
78,25,-0.12302793360521033,-0.8997024368964978,0.47180136692381475
79,25,0.0068268839771781385,-0.9391081953374887,0.48133185699589187
80,25,0.1386432454010838,-0.9780303200872859,0.5005434274440969
81,25,0.2705209632082157,-1.016159725275911,0.5098624765333583
82,25,0.4005423748031295,-1.053270425726012,0.5282099595426683
83,25,0.5270492676709458,-1.0887001624307782,0.5452992954788728
84,25,0.6488801684930767,-1.1222014714545976,0.5616514404614469
85,25,0.7647953555454646,-1.1532848780956941,0.5785051626754479
86,25,0.8741616113938878,-1.1820342751779591,0.5875703406927966
87,25,0.9767244612588023,-1.2081401281016189,0.6004551173479562
88,25,1.072207793236491,-1.2313207918103233,0.6067128398198182
89,25,1.1609316042076405,-1.2516352165627713,0.6105381030477879
90,25,1.2431636751493602,-1.269327383817113,0.6118565719584411
91,25,1.3196542379129192,-1.2845647916135705,0.6161245308435032
92,25,1.3912719456498719,-1.2979534782345477,0.6035081068402668
93,25,1.4586272706757797,-1.3102975114404767,0.5966441522685331
94,25,1.5227144177942291,-1.3225524228808674,0.5835500519196034
95,25,1.584236386149658,-1.3361344617575526,0.5752529425595263
96,25,1.6437427581820017,-1.3524427147800437,0.5660568878739904
97,25,1.7020336187233116,-1.3728786935243453,0.5558633986331563
98,25,1.7592200421882536,-1.3986391676522174,0.5528199350068981
99,25,1.8155794157645124,-1.430520230438753,0.5601287938806134
100,25,1.8709386225593225,-1.4690287680916716,0.5772545542808767
101,25,1.9252794016883603,-1.51399450983788,0.5913201540937135
102,25,1.9780891614542564,-1.5647808152927314,0.6225606688023474
103,25,2.029108819569264,-1.6202072194508823,0.6465227270203874
104,25,2.077808266947421,-1.6787727729794546,0.6742109254014974
105,25,2.1235372902729543,-1.7389965598669364,0.7085955587509796
106,25,2.165895512850782,-1.7991926311134063,0.7332584963675662
107,25,2.204609602244263,-1.8584800654156262,0.7497210791307722
108,25,2.2392221944338426,-1.915735972454847,0.7622898588436967
109,25,2.269769091022102,-1.9705608427360488,0.781771734848028
110,25,2.296274987338906,-2.0226784569484035,0.7848659700547773
111,25,2.3189750355736827,-2.0722088383357495,0.7890612219163143
112,25,2.3383490081773988,-2.119238648108299,0.7941396689760218
113,25,2.3550295048302714,-2.163966576129238,0.7898000564686465
114,25,2.3694754739952795,-2.2062884396652636,0.7977398448709021
115,25,2.382681670733446,-2.2459267114903083,0.8000446850311713
116,25,2.3953183541490226,-2.2823800352994623,0.81599995244105
117,25,2.4081651741653656,-2.3151549614792803,0.8248566737991062
118,25,2.421888273101472,-2.34337981755319,0.844467175566218
119,25,2.437045818804629,-2.36646613302301,0.8688873731179892
120,25,2.4539650059894376,-2.383798609006307,0.9076059537362777
1,26,-1.615146718635159,-0.3133967182221505,0.4284157051372096
2,26,-1.5827023940241036,-0.3281250677568914,0.4626959984943743
3,26,-1.537244904608116,-0.34204922729565507,0.4882898110790348
4,26,-1.4792591674372164,-0.35542905493452404,0.49550919441431224
5,26,-1.4098304842735088,-0.36870416177902066,0.5020396627333731
6,26,-1.3301482246561802,-0.38214276924558255,0.49916819832334103
7,26,-1.2415893018693962,-0.3960924369214534,0.49391814774107157
8,26,-1.1458946507967822,-0.41063699272524345,0.5050074329357406
9,26,-1.0445509045563806,-0.4256217384557105,0.4961519934684886
10,26,-0.9394627298758141,-0.44062009147034503,0.501853523943627
11,26,-0.8322676326423039,-0.4550524810068889,0.49654163675754537
12,26,-0.7246849340297776,-0.46836839831230165,0.507927033980802
13,26,-0.6182465830189221,-0.480023417869468,0.506828787011353
14,26,-0.5144071886985735,-0.48972601289543355,0.5050905259957637
15,26,-0.4142070407719573,-0.49743910526437585,0.5035378814362242
16,26,-0.3189011364376043,-0.5033345556478783,0.503028960289083
17,26,-0.22916438146839227,-0.5078343414366305,0.5001564098637811
18,26,-0.14563754427758482,-0.5114896016784128,0.49647921737974615
19,26,-0.06870279334485245,-0.5148702645638829,0.5038240440399286
20,26,0.001474325039260903,-0.5187113943569104,0.49460227918934113
21,26,0.06492145224947365,-0.523452301395936,0.5025019421520059
22,26,0.1217284673830774,-0.5296499417028774,0.5071912872121502
23,26,0.17213398288823514,-0.5372383958045828,0.5150042187305942
24,26,0.21674483972871084,-0.5466953195942724,0.5121601024564592
25,26,0.25625062731364084,-0.5580295045604163,0.5249818314356789
26,26,0.29089075061297326,-0.571332810622234,0.52947468842775
27,26,0.3216075214891795,-0.586606651681942,0.5501093984335007
28,26,0.34899330806907924,-0.6038488807448534,0.5591381952639591
29,26,0.3736825266952187,-0.6228119256744886,0.5795178350842772
30,26,0.39635565000663603,-0.642792552230617,0.5947962560098147
31,26,0.41760504936287757,-0.6632852402072139,0.6225436918487058
32,26,0.4378164510940043,-0.6828856284535566,0.6449184579024849
33,26,0.457318524744234,-0.6999293587997546,0.6757485398866234
34,26,0.47623781109948693,-0.7125040748764312,0.6935186778265442
35,26,0.4946922342469546,-0.7187492374789659,0.7139330212128894
36,26,0.5125941437588518,-0.7169471560659212,0.7282317951869476
37,26,0.5295811010062577,-0.7056322421447405,0.7281539465454263
38,26,0.5452706193809497,-0.6840537574085332,0.7214841212843092
39,26,0.5590381644076491,-0.6522662134232143,0.7073917764670871
40,26,0.5702220429182363,-0.6106876302436219,0.6830524221830102
41,26,0.5779489062411824,-0.5607333089252549,0.6539581287799927
42,26,0.5814350394573647,-0.5043358121029133,0.6200965661769006
43,26,0.5797634385039153,-0.44358265135620956,0.5839638068060277
44,26,0.5720398344194253,-0.38074787997545045,0.5474079369590699
45,26,0.5575248445261598,-0.31821568197378736,0.5021182219817814
46,26,0.5354017498581165,-0.25811795973917667,0.4761020988206161
47,26,0.505108025713988,-0.2021796674763216,0.45566302041983325
48,26,0.4662897727154936,-0.15173077023839193,0.43156457365653567
49,26,0.41870188401019653,-0.10778060647921493,0.4174455772251991
50,26,0.36230571826806834,-0.07114239819257302,0.40521687798006034
51,26,0.2973775339042295,-0.04201208282981194,0.4109800272328947
52,26,0.22424314530096037,-0.020421959469653774,0.4051449219216862
53,26,0.1436453447345111,-0.006177304015345815,0.40123820206135885
54,26,0.05666366286634341,0.0008627245424124922,0.3929033253289954
55,26,-0.03557974067167527,0.0012133850805679269,0.38673157810864645
56,26,-0.13178137008037946,-0.004853431594385802,0.3880850599005245
57,26,-0.23038007891467913,-0.017003296435644872,0.38465434222820494
58,26,-0.3295343581165545,-0.035001107808043865,0.37906493246181777
59,26,-0.4276806805004066,-0.05867153345799326,0.3691404644088258
60,26,-0.5226816439751145,-0.08774793950982962,0.3734734106481265
61,26,-0.612645036112704,-0.12209839476754274,0.3652172760164174
62,26,-0.6956433565933247,-0.1612318675771166,0.35889313490382324
63,26,-0.7698019551507825,-0.20466849009821053,0.3677416727828188
64,26,-0.8333295363184089,-0.2517388805076921,0.3725673381796463
65,26,-0.8846580916924356,-0.301356956159363,0.3813268678261327
66,26,-0.9223084259511414,-0.3526081548588414,0.38915520660421227
67,26,-0.9450285331778371,-0.40443728640668314,0.39828527981434503
68,26,-0.951943847743447,-0.4557686878245146,0.4130025337564498
69,26,-0.9424614934418856,-0.5058758528955077,0.42765233260530855
70,26,-0.9164114497312097,-0.554372456589616,0.4224100019941223
71,26,-0.8738576431152398,-0.6009749421882697,0.4306135097578092
72,26,-0.8151745031978864,-0.6456930492143291,0.43496466679123585
73,26,-0.741369329736758,-0.6889273476933866,0.43960273659043175
74,26,-0.6534805541694451,-0.7310421498064418,0.4409847546914212
75,26,-0.5532038586065144,-0.7724810319860667,0.444781781560253
76,26,-0.44211255140012246,-0.8135407234218943,0.46035831152409845
77,26,-0.3221601085039707,-0.8544245467375412,0.4635082409877548
78,26,-0.19558062971104015,-0.8951339421476795,0.47472095898937106
79,26,-0.0643549167961777,-0.935597012958594,0.4902386600127496
80,26,0.06927356078761208,-0.9753691214812357,0.5036726120173872
81,26,0.20332775371697592,-1.0141492454561618,0.5229814673929958
82,26,0.33581748979945375,-1.0517234699884053,0.5382156408025843
83,26,0.4649935688227088,-1.0874956772904207,0.5568113540448772
84,26,0.589614619296095,-1.121264424720219,0.5710078888278431
85,26,0.7083605436536127,-1.152621500321915,0.5815011673277587
86,26,0.8205321297950843,-1.1817162512774297,0.5994102070284894
87,26,0.9258065435111662,-1.2082852274962088,0.6022192671374023
88,26,1.0238496559742785,-1.232097226285927,0.618099456071761
89,26,1.1149207647603194,-1.253234116971276,0.6190018581426322
90,26,1.199264227731628,-1.2719265720413888,0.623925364374528
91,26,1.2775838459313074,-1.288303949239368,0.6204435900309018
92,26,1.3507225192887324,-1.3029137276394933,0.6212582162007956
93,26,1.4192766451474728,-1.316442604557637,0.6160104546832871
94,26,1.4842248027487954,-1.3297190193454829,0.6056067674964194
95,26,1.5462595516559732,-1.3440210022044392,0.5955478773226182
96,26,1.605925376635604,-1.3606025171751026,0.5804189764174624
97,26,1.6640337044469984,-1.380750436963107,0.5788618623016886
98,26,1.72069439209801,-1.4055670536090614,0.5739914877637167
99,26,1.776199146520379,-1.4358303476548426,0.575616036867549
100,26,1.830390267417789,-1.4721041315074592,0.5861326019639875
101,26,1.8832679481118,-1.5143360301754372,0.6006631972814012
102,26,1.9343364667171907,-1.5620751058028932,0.6205765971355789
103,26,1.9833631101648486,-1.6143880584290526,0.6436415688200723
104,26,2.029840572120574,-1.6700253876503692,0.6629384480062759
105,26,2.0731565081448107,-1.727735557791413,0.6891572536796666
106,26,2.1129414132672935,-1.7860260385289801,0.7159901261710274
107,26,2.1489629594709396,-1.844121084567769,0.7371256638192276
108,26,2.1807974218840465,-1.900926106933955,0.7420403175727738
109,26,2.2085281525069225,-1.9559692593789844,0.7601159345524591
110,26,2.232229940785548,-2.0088272181117848,0.7662696523595295
111,26,2.2521785703128536,-2.059414868513453,0.7783162916591815
112,26,2.26889527823528,-2.1076164630721728,0.7763583688660295
113,26,2.2830754226290857,-2.1534411673568923,0.7879031679598307
114,26,2.2952177627414603,-2.1966422211422763,0.7878387968350792
115,26,2.306350816756724,-2.236864164061624,0.7958712255063078
116,26,2.3171975483938176,-2.273586014967267,0.8115077230620603
117,26,2.3285621376584977,-2.306378061627833,0.8233496974127963
118,26,2.3411485157308487,-2.3344537799550302,0.8372135359016433
119,26,2.3555412264873374,-2.3573362961295685,0.859122370286511
120,26,2.372068612850419,-2.374486787152696,0.8921415956457965
1,27,-1.6578592967537522,-0.29082931472562934,0.4338917992235924
2,27,-1.62585997336761,-0.30501305734931394,0.46482409771534616
3,27,-1.581262839983778,-0.31791091300465524,0.48990523229790217
4,27,-1.5245059608784028,-0.3298834621752488,0.4919377614237661
5,27,-1.4566083744556668,-0.3415464179270516,0.4966256579264398
6,27,-1.3786742448802034,-0.3533575478621918,0.4895451162044081
7,27,-1.291985801407049,-0.3659017330899541,0.48011790826051337
8,27,-1.198171379860871,-0.37949200668180905,0.4764436046605656
9,27,-1.0986187570879964,-0.39423010357523214,0.4734996529175354
10,27,-0.9951308782238957,-0.40990149315320745,0.47059478823425344
11,27,-0.8892443941341021,-0.42612022280878936,0.47920833820479275
12,27,-0.7826087504524017,-0.44247106337232583,0.48065696635230803
13,27,-0.6766930621150073,-0.4584654472294998,0.48315605277300294
14,27,-0.5729160906883816,-0.4738013989147505,0.4835824162345741
15,27,-0.4722947600854485,-0.4883311100767574,0.49406453067167555
16,27,-0.3760927938407436,-0.5020304484604716,0.48898142634926606
17,27,-0.2850214742294021,-0.515055905300904,0.502152503294379
18,27,-0.1997670316786369,-0.5276360635328355,0.5113566048487757
19,27,-0.12078023326408686,-0.5399946867451975,0.5194634435080091
20,27,-0.0483072506249525,-0.5525236911632844,0.5220887530672966
21,27,0.017582682334728005,-0.5653401939266368,0.5329088050109411
22,27,0.07689333235286487,-0.5787320604819249,0.5425619727733999
23,27,0.1297683837348891,-0.5924270592235416,0.5489019871599896
24,27,0.1767250847168053,-0.6067532258991254,0.5688120226646621
25,27,0.2183758381032145,-0.6216499887348245,0.5732308942253328
26,27,0.25490604628966146,-0.6372000505500881,0.5892688246182427
27,27,0.28720857813248474,-0.6534452908973037,0.5922383659717075
28,27,0.3158552071899668,-0.6704737224947405,0.6028739880798402
29,27,0.341467507689595,-0.6881756172765542,0.6150783346552199
30,27,0.36474432834366427,-0.7060118696778498,0.6285972420008162
31,27,0.38631509419378435,-0.7236641897356525,0.6396295672317854
32,27,0.4066040057693555,-0.7399435274084375,0.6671087019710223
33,27,0.42600873533049555,-0.7533962767893808,0.6885872733418696
34,27,0.44472238806095654,-0.7623329072574212,0.7018831289870178
35,27,0.46293460100749656,-0.7650930220481168,0.7197299153295384
36,27,0.48063985648157215,-0.7601361017801319,0.7315010281819813
37,27,0.4975370214444313,-0.7461463612845757,0.7280493062239273
38,27,0.5133099434204671,-0.7224656598533773,0.7240158566581238
39,27,0.5273890787393309,-0.6891917264282911,0.7065356274394038
40,27,0.5391482439433725,-0.6467334970003814,0.6821690852335381
41,27,0.5477413106372989,-0.5964454152571638,0.6532801424099947
42,27,0.5523977968115041,-0.5401488718134637,0.6189953116899983
43,27,0.5521859027276483,-0.4797734985128683,0.5753174788536011
44,27,0.5461850706862946,-0.41741064422340185,0.5462057764457219
45,27,0.5336259220798081,-0.35523851804533024,0.5128309931688452
46,27,0.5136257551984622,-0.29521405381387184,0.48208190755804053
47,27,0.4855765192227326,-0.23890054630151386,0.4621613982339182
48,27,0.44903648298548676,-0.1875032518247331,0.4418732056750252
49,27,0.4036842482056214,-0.14195816543407838,0.4268462550262209
50,27,0.3493999004386606,-0.10307783028338839,0.4128264365619478
51,27,0.28637589948847114,-0.07109860637576924,0.4020354279266747
52,27,0.21485325301209943,-0.04615917863343424,0.4058257342828899
53,27,0.13550183182362313,-0.028207413249460682,0.399889351429874
54,27,0.049326050864447246,-0.01725169981556488,0.38793741157432615
55,27,-0.04260736567275476,-0.0129447765185091,0.3786357719607451
56,27,-0.13904848831327338,-0.01516159042263066,0.3713291736788467
57,27,-0.2384652480929196,-0.02368937210686907,0.36465158385267155
58,27,-0.3390343766577685,-0.03838704314308445,0.361813877523484
59,27,-0.43918188835223476,-0.059133195135848374,0.35211783999318264
60,27,-0.5367482589502968,-0.08566839356473123,0.3467846985533293
61,27,-0.6298112149262162,-0.11785078513464965,0.34555011751509146
62,27,-0.7163897625386794,-0.15516406354888193,0.3470362833844033
63,27,-0.7945223834009602,-0.19709150656183705,0.34682955539695165
64,27,-0.8623314893656606,-0.24291446513720838,0.3584307361424755
65,27,-0.918153934079821,-0.2915306346162298,0.3612988798565156
66,27,-0.960404749985524,-0.34199976798633913,0.3704700359645908
67,27,-0.9877108517308247,-0.3932706334335409,0.38728498586431903
68,27,-0.9990875668523603,-0.4442789040977278,0.40255668654855276
69,27,-0.9938382380696933,-0.4943046796099085,0.4025526878828299
70,27,-0.9716903177142187,-0.5429782361563386,0.4129638482199519
71,27,-0.9326194113287788,-0.590016321222169,0.4209539986140398
72,27,-0.876931087288861,-0.6354036405110031,0.4184198078881534
73,27,-0.8055722200561399,-0.6795028882283858,0.4240790451154389
74,27,-0.7195429771528414,-0.722618604241604,0.4312993473188304
75,27,-0.62052411443463,-0.765113800441424,0.4397973365116423
76,27,-0.5100947311945087,-0.807212325672873,0.4503851034935345
77,27,-0.39022296161506737,-0.8490259619677225,0.4664232972009283
78,27,-0.2631757390202655,-0.8904955420192626,0.4734391035078141
79,27,-0.13098654298783133,-0.9315088588801197,0.4942744408484054
80,27,0.004038636061891127,-0.9716069988669025,0.5113073045116443
81,27,0.13985314103593616,-1.010509933740855,0.5292237114910517
82,27,0.2744015119695045,-1.0480288922987855,0.5446488511695023
83,27,0.4058503649368355,-1.0836496286557658,0.5653945507044816
84,27,0.532883058698931,-1.117228305887331,0.5779729875088913
85,27,0.6541038754793512,-1.1484495633196565,0.6003493474539033
86,27,0.7687510472850887,-1.1775342070026444,0.6040318967452073
87,27,0.8764338890075885,-1.2042710191535744,0.6183054982446665
88,27,0.9767616170234115,-1.2284790006436104,0.6286849998825679
89,27,1.0699316160714496,-1.250261322392298,0.6360099545278414
90,27,1.1561625016593946,-1.2698294103293186,0.6405360060026281
91,27,1.2361079931194878,-1.287268321411287,0.6442204144531363
92,27,1.310578505330215,-1.3030514931073938,0.6408828970191132
93,27,1.3801533936240737,-1.3177314384708523,0.6323131622097247
94,27,1.445787450598854,-1.3319853690802839,0.6206947916659451
95,27,1.5081582666262698,-1.3469276818748233,0.6114093098877894
96,27,1.5677995883038127,-1.363635991533409,0.6072912828484341
97,27,1.6255273381996427,-1.3832570092871606,0.5960700888562901
98,27,1.6814470515330415,-1.40677710315607,0.5900781994427177
99,27,1.7358611205709877,-1.4349432358520824,0.5909993427123634
100,27,1.788625444370145,-1.4683761851404353,0.5904759635954816
101,27,1.839758987536403,-1.5071538676863447,0.6033742125673791
102,27,1.8887833054575949,-1.5510373993299618,0.6165675112271174
103,27,1.935494269006336,-1.599374908493683,0.629582660001717
104,27,1.9794120445175547,-1.65121070038749,0.6487328842653822
105,27,2.0199660856854105,-1.7055618860619566,0.6740693488747077
106,27,2.05682427680039,-1.7611672372384894,0.6839847509712665
107,27,2.0897990260871744,-1.817382140674298,0.7012915967588506
108,27,2.1185081168085267,-1.8731582446556043,0.7221383286086196
109,27,2.1430867900432355,-1.9279562406720163,0.7291285439590299
110,27,2.163665507451582,-1.981200968367523,0.7381356738270609
111,27,2.1805654825849152,-2.0325902765312738,0.7502800429917674
112,27,2.19435300051895,-2.0817883848533363,0.7529732900657113
113,27,2.205788279844653,-2.1285950845329062,0.7645650925400769
114,27,2.215412360218717,-2.1726047331926623,0.7773835417876402
115,27,2.224287635423421,-2.2133688105255804,0.7816123408510626
116,27,2.233191782752289,-2.2503354483847833,0.7876766467949503
117,27,2.242952395634968,-2.2831305996307334,0.8065889578067308
118,27,2.2543110607465833,-2.3110495980104004,0.8198501807708728
119,27,2.2678787461626744,-2.3337240943161155,0.8475081438547447
120,27,2.2839847059850644,-2.3506896732291627,0.8707949682277047
1,28,-1.6978174446407226,-0.25871078526203684,0.417275576916576
2,28,-1.6663082357347334,-0.27253884967664954,0.4608864353044009
3,28,-1.6226596661828063,-0.284773794486649,0.4687673017740746
4,28,-1.5672602291859337,-0.29585019000671114,0.4749790276338229
5,28,-1.5010572456871407,-0.306524976020681,0.4766958187789377
6,28,-1.4250651827814935,-0.3174060793231672,0.4721072871054085
7,28,-1.3404642956320958,-0.3292754142240679,0.461627125657471
8,28,-1.2487624921524267,-0.34264188086325625,0.4533588767057992
9,28,-1.1512413284030878,-0.3578317334501222,0.44467495992218015
10,28,-1.0495932314647192,-0.37481715410955474,0.44700637805302385
11,28,-0.9452464916703891,-0.3933842580987281,0.4430787888302695
12,28,-0.8397730965103463,-0.41323252315879966,0.4501044169085766
13,28,-0.7345711002919427,-0.4339101251417735,0.45344676547358215
14,28,-0.6310186792118665,-0.45508325214844086,0.46625154830473664
15,28,-0.5301039997579583,-0.47647844329403666,0.4776671939507105
16,28,-0.43309485379224905,-0.49786243672948766,0.49399736870954736
17,28,-0.34073529935235425,-0.5191219251607431,0.5027845925122386
18,28,-0.2537557884714995,-0.540170359967036,0.5191993044394662
19,28,-0.17267481115551964,-0.5609046013004021,0.5330678622944883
20,28,-0.09781920401147824,-0.5814064507485428,0.5466764858379305
21,28,-0.029355964939387278,-0.6015145027474562,0.5668429102254413
22,28,0.03262924879963796,-0.6212968157598082,0.5792240727408972
23,28,0.08818261064840348,-0.6403253500620313,0.5947289851746903
24,28,0.13772630493667384,-0.6588239136590466,0.6030150687940418
25,28,0.18179005528375247,-0.6766984711742207,0.6176258454109959
26,28,0.22050092721559933,-0.6940427030690731,0.6223944403578341
27,28,0.2546939201615041,-0.7109465964220868,0.6295600944222215
28,28,0.2849144233308655,-0.7275830676465069,0.6445213383317093
29,28,0.31176382444701184,-0.7439648131998987,0.6458462296402625
30,28,0.33595101681791034,-0.7597000302625718,0.654273164689803
31,28,0.35813521816162486,-0.7746388823239746,0.6688837388133722
32,28,0.3787722417033174,-0.787795979026372,0.680811695222396
33,28,0.39832353276982574,-0.7979268216917997,0.6963966924058959
34,28,0.41704378891222826,-0.8035660016596551,0.7078341636925767
35,28,0.4351895865482683,-0.8032624222133189,0.7214353266528641
36,28,0.45283552820833173,-0.7956614333671042,0.7290223504492157
37,28,0.4697405308357276,-0.7796008830276872,0.7218268414074231
38,28,0.48565499099474574,-0.7545086374489293,0.7161080214727926
39,28,0.500066416323036,-0.7205071861189878,0.6987786886063978
40,28,0.51238871944171,-0.6779666115320415,0.6797963015148413
41,28,0.5218072908246186,-0.628141138366304,0.6479467468658329
42,28,0.5275715892462356,-0.5726923933159191,0.6116854242354023
43,28,0.5287423978089185,-0.513350902376463,0.5830227301901352
44,28,0.524380591285479,-0.45198889079047266,0.5449732829399789
45,28,0.5136958848768894,-0.39055802858200594,0.5149158834215981
46,28,0.4957478159376251,-0.3308362346679383,0.48805564943862684
47,28,0.4698906866035377,-0.2742420264678367,0.4627362550466559
48,28,0.43560172922735085,-0.22188984316017157,0.4498724573373572
49,28,0.392490656361389,-0.17468939550617085,0.43111405149711163
50,28,0.3403606673388664,-0.13350357446351632,0.4188306566826402
51,28,0.2793243653649543,-0.09866230537856543,0.4046773965383275
52,28,0.20954062549851588,-0.07045419404984403,0.40056906622921296
53,28,0.13160605162548092,-0.049001480206280215,0.3868909858363743
54,28,0.046448248540305694,-0.034476391000953,0.3794223313269824
55,28,-0.044923894860246144,-0.02669670401521844,0.37365221050601044
56,28,-0.1413193723522805,-0.025665313894241034,0.3637271628822985
57,28,-0.24124000854830227,-0.031257860058521235,0.34616934161691915
58,28,-0.3428887610496045,-0.043386204249090336,0.3539254244902874
59,28,-0.4446883989769861,-0.0619379086807575,0.34507803259953745
60,28,-0.5444663231520606,-0.08661781362004493,0.3372963823891387
61,28,-0.6402806076247285,-0.11723659769723005,0.3358036859657035
62,28,-0.7301038100403595,-0.15322544734025276,0.3278230926895245
63,28,-0.81189777764062,-0.19401383721820706,0.340049592057868
64,28,-0.8837081986179618,-0.2388272592551221,0.3487109806006559
65,28,-0.9437825557404721,-0.28655221834907046,0.35483226555914477
66,28,-0.9904384799799313,-0.33623281914336534,0.3680195211870248
67,28,-1.0221886282924666,-0.3868375988582179,0.3751723729979596
68,28,-1.0379416461586506,-0.43733236795632924,0.38884454953339576
69,28,-1.0369012995285687,-0.4870179098148864,0.390566732252637
70,28,-1.018692678362391,-0.5355533070836966,0.4001975836790116
71,28,-0.9832056565140782,-0.5826658400955442,0.41226487262035943
72,28,-0.9306747427109224,-0.6283191103406235,0.4169512999834073
73,28,-0.8619830230090043,-0.6728381016331407,0.4187316305995162
74,28,-0.7780900651188102,-0.7164673979163307,0.4238401615543172
75,28,-0.6806540559294596,-0.7594895904629972,0.43862746719996765
76,28,-0.571255289389457,-0.8020576150922054,0.44705531397122905
77,28,-0.45186874393775917,-0.8441946702730565,0.4670753562684782
78,28,-0.3247857551285317,-0.8857900702358257,0.4748106222220182
79,28,-0.19208520421757005,-0.9267016982417257,0.49664404390081307
80,28,-0.056126714441312876,-0.9664694705699075,0.5079138607183048
81,28,0.08098172979166193,-1.004849405314421,0.5364427373342486
82,28,0.21712752377872122,-1.041690524140176,0.5491618580269546
83,28,0.3504010416929459,-1.0765731390302287,0.5659791058550763
84,28,0.4794156630137768,-1.1094187510311544,0.5877211377634481
85,28,0.6027057859699999,-1.1400122616296307,0.5982427238240549
86,28,0.7194509556497309,-1.1686484717595458,0.6135662553967133
87,28,0.8291938247347319,-1.1951733607646353,0.630330902862748
88,28,0.931488753487419,-1.2194564547423838,0.6297262019923632
89,28,1.0264704285114716,-1.2416232799270446,0.6399123178663079
90,28,1.1143295010320589,-1.2618651486633616,0.6442729185792749
91,28,1.1956664224612865,-1.2802229771853986,0.6462405841344933
92,28,1.2712525182336603,-1.2970877837810513,0.651267115908813
93,28,1.3416472488021243,-1.3128687441224691,0.6444063550227971
94,28,1.4077735284665622,-1.328075247039965,0.6350889147601216
95,28,1.4702896081560297,-1.343638815573679,0.6285340783663373
96,28,1.5297128930963106,-1.3604340622505469,0.628799006092258
97,28,1.5868568698723287,-1.3794438721140019,0.6151385308187611
98,28,1.6418196713393731,-1.4015166177164733,0.6029691612185315
99,28,1.6949107336145812,-1.4273508994034083,0.5986613118038179
100,28,1.7459975228343048,-1.4576163377712181,0.6042000217950857
101,28,1.795117857773213,-1.4925227191152717,0.6048421788111705
102,28,1.8418109270242904,-1.5320557995624033,0.609425692583158
103,28,1.8859030481411916,-1.5758637045969113,0.6185638237827928
104,28,1.9269461982834826,-1.6233110612509927,0.6256330953373058
105,28,1.964415129980395,-1.6737094447171608,0.6432499779431504
106,28,1.9980212758939524,-1.72605578279338,0.6544378536540105
107,28,2.027624917908921,-1.7798561791544971,0.6768514127673316
108,28,2.0528927491034876,-1.8341251209637324,0.6832504411204596
109,28,2.074015739951672,-1.8882643832494184,0.7049333935595923
110,28,2.091184825796172,-1.941550232192712,0.7066995462287932
111,28,2.1047708202483784,-1.9934627448349833,0.7238943637125453
112,28,2.1153882488524753,-2.043440323591846,0.7297815064760909
113,28,2.1238633959478928,-2.091065351829355,0.7383715112310114
114,28,2.1307816505586517,-2.1357660135859735,0.7431884796792046
115,28,2.1372389299370913,-2.1769922928663474,0.7558420728343677
116,28,2.1440689352207642,-2.214153180552245,0.7720415153150625
117,28,2.1521213564451287,-2.2469218831137323,0.7884643142075373
118,28,2.162174772828772,-2.2746695701032853,0.8034590445276812
119,28,2.174866240281438,-2.2971298277662813,0.8222209681937155
120,28,2.190525815401028,-2.3139076218268078,0.8475703928610857
1,29,-1.7348689894730425,-0.2180650519122916,0.39692344193828577
2,29,-1.703883752223276,-0.23174193651228092,0.43215771368833195
3,29,-1.661249976711277,-0.2437070825175586,0.4498956256384135
4,29,-1.6073050077069446,-0.2544398777519703,0.45425098947160464
5,29,-1.5429203294178362,-0.26479905380628027,0.4470286527557946
6,29,-1.4690180024070933,-0.2754975302981645,0.43993841682755497
7,29,-1.386671176400136,-0.28746552528318947,0.4332734859443885
8,29,-1.2972617082128317,-0.30136567137606163,0.42604768107853075
9,29,-1.2019597312381618,-0.3177058496666874,0.4123767974969045
10,29,-1.1023404760098767,-0.33660926579418393,0.41737976825033474
11,29,-0.9997183295260821,-0.3580027547273109,0.4140177898027465
12,29,-0.8955818855883708,-0.381672853160288,0.42064781107992516
13,29,-0.7912511352664284,-0.4071817236770681,0.43495398972339444
14,29,-0.6880597932499076,-0.4341431112328592,0.44092729395950186
15,29,-0.5869623725131105,-0.4621488944887319,0.4653844039618623
16,29,-0.4892260744283062,-0.490754837306026,0.4775195296274968
17,29,-0.3956236163879593,-0.5195885279217961,0.5047955954509841
18,29,-0.306927848988001,-0.5482735286500829,0.5242030608906081
19,29,-0.22372311706209735,-0.5764186845059528,0.5438421143509773
20,29,-0.1464157705003257,-0.603846792768809,0.5655167366472904
21,29,-0.07527032821961467,-0.6301779285862424,0.5873929517753271
22,29,-0.010464076392767679,-0.6553219965161766,0.6059113084745786
23,29,0.04795032966449273,-0.6787535656480543,0.6200364615303567
24,29,0.10029546289540718,-0.7006408209294331,0.645379296621578
25,29,0.1470136083314838,-0.7208903121750775,0.6476476848077264
26,29,0.18816957424216232,-0.7396210868171584,0.6481594006517851
27,29,0.22453248822904295,-0.756970133312454,0.6654154336954272
28,29,0.25661538181085514,-0.7731791603260806,0.6633993645409478
29,29,0.2849919511066174,-0.7883557342919136,0.6727335070138006
30,29,0.31037252818236405,-0.8022262712021831,0.6735977417751658
31,29,0.33343822933868666,-0.8147794931373292,0.6857904554278519
32,29,0.35466918282663074,-0.8252120022858365,0.6896973698867869
33,29,0.37458464716852324,-0.8324779104173445,0.7050670282455576
34,29,0.39349537916139954,-0.8353311427163931,0.708198362184198
35,29,0.41171975355845764,-0.8325342510443398,0.7234956819355935
36,29,0.4294099770006897,-0.82292443785877,0.7236802154758694
37,29,0.4463840490908858,-0.80549632173368,0.7226019034029322
38,29,0.46245916046673813,-0.77975746892805,0.7119803513816441
39,29,0.4771821152163578,-0.7458385487263118,0.6919362226805233
40,29,0.49001229148803344,-0.7040440255007475,0.6747763571545025
41,29,0.5001716243914293,-0.6554930313727038,0.6413076694464656
42,29,0.5069369223452633,-0.6016439157787283,0.614446434647575
43,29,0.5093700442342463,-0.5439932271583952,0.5792950471612263
44,29,0.5065222064617512,-0.4841641185866626,0.5488958154821221
45,29,0.4975922923232243,-0.4238681013145867,0.5199537391796076
46,29,0.4815914898141837,-0.3647052707910423,0.497501449503361
47,29,0.4578450081236613,-0.3079702574847298,0.473557498812436
48,29,0.42575710252861626,-0.2547225763937999,0.45656409071456117
49,29,0.3848764666501133,-0.20589174143351968,0.4284353445389695
50,29,0.3349343926544458,-0.16243837170554049,0.41944445852077716
51,29,0.2759678814141793,-0.12483276275529226,0.40964455519435317
52,29,0.20805664759427156,-0.09354877770631556,0.3960902749162026
53,29,0.13172333794838578,-0.0689054260796443,0.3835915474411355
54,29,0.04781704698321858,-0.051244866888028054,0.3712136425156026
55,29,-0.04271405693476344,-0.0405396135163146,0.3624467575848313
56,29,-0.13874383830478626,-0.03689712704666328,0.35484208096279973
57,29,-0.23881362349231935,-0.04024673601056348,0.3422296384628415
58,29,-0.3411613537092299,-0.05051434947461888,0.3386525939916009
59,29,-0.44421479925736806,-0.06755711427894555,0.34080181137738347
60,29,-0.5457984043977888,-0.09100963077684178,0.33050240686121124
61,29,-0.643961809564384,-0.12060723914424773,0.3325070109327199
62,29,-0.7366391353307215,-0.1557112914673394,0.32864776903464227
63,29,-0.8217271390431425,-0.19568948881497325,0.3323104849579169
64,29,-0.8972052152723317,-0.23971080430847228,0.3438233124141772
65,29,-0.9612380269005961,-0.2866580191054406,0.3524647411532998
66,29,-1.0120549711272653,-0.33556835969947063,0.363220003983322
67,29,-1.048062075607197,-0.38544043289447844,0.36483211013843586
68,29,-1.0680652857376427,-0.4352801664723688,0.3749988233394552
69,29,-1.0711733936556276,-0.4844132659439423,0.38561867803858924
70,29,-1.0569097191868138,-0.5325291281148755,0.39870479409782195
71,29,-1.0250812714520776,-0.5793664519447338,0.39908562937783215
72,29,-0.9758493451881762,-0.6248654910308215,0.4106376633170073
73,29,-0.9100300767553635,-0.6693108680688676,0.41702720649968594
74,29,-0.8285399556928386,-0.7128890207618435,0.4237503072380718
75,29,-0.7330068624025675,-0.7558072678636089,0.42913279481280725
76,29,-0.6250073953538529,-0.7981571711507144,0.4482264585223033
77,29,-0.5065153716696603,-0.8398852744343674,0.4639979944431539
78,29,-0.3798377859164045,-0.8808464975210217,0.4822887549736381
79,29,-0.2470912861345472,-0.9208856216738349,0.49322159198772864
80,29,-0.11067969002819304,-0.959558376995315,0.5101691776965497
81,29,0.027236337294243386,-0.9966725214445431,0.532700678210656
82,29,0.16449558347151563,-1.0321259656486257,0.5508978730203413
83,29,0.2991208539229997,-1.065602225393749,0.5625827712534989
84,29,0.4296612462350313,-1.0970918348501586,0.5816733530995388
85,29,0.5545877939494009,-1.1264833183764806,0.5903916885974165
86,29,0.6730256596826352,-1.154145300571962,0.6084255337034488
87,29,0.7844528796833969,-1.1799856775630697,0.6179971258390428
88,29,0.8883713658313331,-1.2039266204158403,0.6286713760831746
89,29,0.9848531213550836,-1.2261208768835303,0.6396160080619406
90,29,1.0740590748509673,-1.2467449468623268,0.6481813474453713
91,29,1.1565340702671438,-1.2658027975400417,0.6449306116367136
92,29,1.2330044241904934,-1.2836024248296876,0.6587949257801006
93,29,1.304007330108748,-1.300408857442925,0.6576139859412808
94,29,1.3704262915800367,-1.3165551944360758,0.6506906681294908
95,29,1.4328963049263679,-1.3327777155969276,0.6462230836950642
96,29,1.4919132070316758,-1.3497270017157978,0.6347061281337731
97,29,1.5482812685619711,-1.368201109294994,0.628180022581877
98,29,1.6020882024117205,-1.3888885320188071,0.6207553973161748
99,29,1.6536469676261707,-1.4124182876382234,0.618215596108409
100,29,1.7028342516955912,-1.439492831200553,0.60930047184801
101,29,1.7497064918716976,-1.4704441160001382,0.6018681468541129
102,29,1.7938206056439792,-1.5054805665722049,0.5988747995577542
103,29,1.8350346446976935,-1.5445517929524841,0.6017321584501822
104,29,1.872936035072039,-1.5873515590210974,0.6142835834210743
105,29,1.9070476873986926,-1.6334962657981098,0.6169033503831229
106,29,1.937129957003251,-1.6822546139002306,0.6248574454909015
107,29,1.9630933241261463,-1.7332945665446,0.636864960370954
108,29,1.9846598787336847,-1.785706640829822,0.6508079500357765
109,29,2.0020794569285694,-1.8388442693009026,0.6636153593173282
110,29,2.0156071787621217,-1.891845099295967,0.6733464122925731
111,29,2.0256667425024744,-1.9439810420160453,0.6838712244713814
112,29,2.032923521757788,-1.9944706722205252,0.6988720192394251
113,29,2.0382700058544776,-2.0426834848316373,0.7116232992366441
114,29,2.0423374674589936,-2.0878847225699566,0.7185215208936677
115,29,2.046254425130355,-2.129423416250129,0.73050368826497
116,29,2.0509111229264128,-2.1666672592631957,0.7427499484968619
117,29,2.0571777830215403,-2.1993314328458444,0.7599528070905549
118,29,2.0658687141313394,-2.2268575699197153,0.7746755350451298
119,29,2.0776463422125073,-2.249074304602504,0.793131749077648
120,29,2.0928415076838864,-2.265650370814647,0.8216603247725067
1,30,-1.7690060782070862,-0.1706720680961443,0.36996002371550574
2,30,-1.7385653396088026,-0.18440487791997345,0.40930681265496377
3,30,-1.6969864904156085,-0.19649803503052166,0.4236021229396698
4,30,-1.64455534101602,-0.20744582491609942,0.425361293054004
5,30,-1.5820649699399976,-0.21816697036215732,0.42214980662937773
6,30,-1.510344243404931,-0.2294311356389035,0.4053093801090175
7,30,-1.4303564641876558,-0.24226224567245364,0.3970437905817964
8,30,-1.3433542722416627,-0.25742802463357023,0.38751782522016526
9,30,-1.2503935403568525,-0.27556642809736764,0.3848459717511549
10,30,-1.152928044681999,-0.29690758703933295,0.380399801704005
11,30,-1.0521548683307915,-0.32148001348171423,0.3839542858983022
12,30,-0.9494751567867316,-0.3491244143719324,0.39825994455639785
13,30,-0.8461252671722973,-0.379392565040002,0.4102167188559527
14,30,-0.7433915350592101,-0.41182794604227346,0.4254760845267962
15,30,-0.6421905517366946,-0.44588613767766666,0.44793272756154423
16,30,-0.5437843336761682,-0.48092243967347637,0.4694605309757488
17,30,-0.4489697368286194,-0.5163310458878501,0.4949842748663092
18,30,-0.35855951666118147,-0.5514874669924462,0.5255236046004473
19,30,-0.27320107224867274,-0.5857685602373405,0.5554698577198817
20,30,-0.1933778661917161,-0.6188034319244502,0.5852735584598674
21,30,-0.11945058973807003,-0.6500651178509418,0.6035995434581723
22,30,-0.0516891772321573,-0.6793740447253652,0.626290206029514
23,30,0.009754800336112241,-0.7061684936357885,0.6479477294176286
24,30,0.06510075744105412,-0.7306080653538025,0.6564883701476705
25,30,0.11469935995146881,-0.7526288207155399,0.6696255951053772
26,30,0.15854962202800513,-0.7723821059287164,0.67572389279221
27,30,0.1973470855050145,-0.790042034137201,0.6815355792918206
28,30,0.23156610055325977,-0.8058938396708495,0.682024662402526
29,30,0.26174481657111165,-0.8201032171015352,0.6811444603736239
30,30,0.288585931634016,-0.8324772127566514,0.688496541492271
31,30,0.3127837085720919,-0.8431062084475824,0.6979802968275376
32,30,0.3348346276667846,-0.851341084944719,0.6981845315164531
33,30,0.3553088104739471,-0.8563183609730004,0.7071321355182735
34,30,0.37456682218360654,-0.8570032736916736,0.7098823602344101
35,30,0.39298317571323393,-0.8523732305886186,0.7140569372955362
36,30,0.4107845421535039,-0.8414618202842502,0.7144740629687107
37,30,0.4278472545523339,-0.8234238281320753,0.7117993469448158
38,30,0.44405558366013337,-0.7978412061936655,0.6981655054869812
39,30,0.45901812681838255,-0.7648389237922114,0.6843684884321047
40,30,0.4722459625625613,-0.7246326552891031,0.6616843299446589
41,30,0.4830036156616262,-0.6781764566540843,0.6379310373550217
42,30,0.49060357059354165,-0.626687242901874,0.6103195527092068
43,30,0.4941186282394918,-0.5713981957476588,0.5798991210785228
44,30,0.4926008634523889,-0.5136583349161373,0.5564199550560871
45,30,0.48524969698190573,-0.4549295573374249,0.5252286895025849
46,30,0.4710389694054941,-0.3966371320156254,0.5042074341144914
47,30,0.4492743987904937,-0.33997235765176753,0.47614186252239127
48,30,0.41929693375705807,-0.28597330527292975,0.4546567739607645
49,30,0.3806029697072731,-0.2356304019807242,0.4401104532111345
50,30,0.3328576603565087,-0.1900427272490104,0.4148991943346023
51,30,0.27602727481246253,-0.14985980579978897,0.40592384440427953
52,30,0.21011575556234544,-0.11576807671461614,0.389933638879862
53,30,0.13557090439749395,-0.08829823167800772,0.37788077904045053
54,30,0.053161637557032466,-0.06796332956519108,0.37013750873247264
55,30,-0.03622797904916098,-0.05487745744305232,0.3546621954805378
56,30,-0.13154322992703185,-0.04922993882216002,0.3459271931141982
57,30,-0.23137152420995388,-0.05097259881843775,0.339254197686369
58,30,-0.33399549977093357,-0.06001298027931585,0.3369792734698242
59,30,-0.4378573342477661,-0.07614739708147292,0.32859708900821966
60,30,-0.5407900084159378,-0.0989159132268381,0.32574377590097553
61,30,-0.6408468933964133,-0.1279608836234292,0.33712348098426514
62,30,-0.7359329459968531,-0.1625655552698777,0.3336400118148527
63,30,-0.8238928499769411,-0.20203493005543954,0.33592153261902935
64,30,-0.9026512095527005,-0.24548450636048527,0.346519196609985
65,30,-0.9702973827286645,-0.2918005650940591,0.35275580600090595
66,30,-1.0249825944978908,-0.3400187417949525,0.36542502877892685
67,30,-1.065014731676288,-0.3891707512791865,0.3746604940118436
68,30,-1.089101577540991,-0.4383027948928464,0.3809211231917759
69,30,-1.0962619220881245,-0.4867598201410068,0.3826969244216552
70,30,-1.0859183297212551,-0.5342528136700989,0.39129156224099687
71,30,-1.0577978391322231,-0.5805242473920051,0.39762914740421224
72,30,-1.0119863721948223,-0.6254836503910994,0.40623038350501817
73,30,-0.9492298925526503,-0.6693709624658104,0.41320624809846973
74,30,-0.8703989807555564,-0.7123186459936144,0.4192918332698144
75,30,-0.7770832635926879,-0.7544686982933382,0.4367450893408496
76,30,-0.6708502234576094,-0.7958677091700156,0.44114062951845656
77,30,-0.5536642016766562,-0.8364050559646355,0.46132255606245076
78,30,-0.4278386216840751,-0.8759243811343491,0.47493045221960795
79,30,-0.29551984048785984,-0.9142782925728983,0.49194326495877827
80,30,-0.1591459287981159,-0.9510567312105931,0.5056072910906074
81,30,-0.020921246736662017,-0.9861332048937879,0.5220752448780988
82,30,0.11695321807779806,-1.019462212341374,0.5472279952159471
83,30,0.25244186118229645,-1.050833721057244,0.5523188212956571
84,30,0.3840353150081746,-1.0803061523616015,0.5706118921557257
85,30,0.5101482444294524,-1.1078706980582536,0.5858380417938193
86,30,0.6298558567506785,-1.133967156206723,0.6025714477601107
87,30,0.7425740946705347,-1.15856991718984,0.6150422907817431
88,30,0.8477550585590549,-1.1816582006467078,0.6246169387334171
89,30,0.9454084762228677,-1.203421061772373,0.6282179893976921
90,30,1.0356640075303352,-1.2240319506193413,0.6406924609271929
91,30,1.1190091095190362,-1.2434721615254158,0.647103429878646
92,30,1.196119669343382,-1.2619744104494317,0.651070755864723
93,30,1.267508575325474,-1.2796676985430826,0.6540764684995608
94,30,1.3340129291779577,-1.2967093917739112,0.6553237179543759
95,30,1.3962411050655643,-1.3136362250773475,0.650197351710853
96,30,1.4546625989223858,-1.330861103101432,0.6453585057001329
97,30,1.5100660818101381,-1.3489806863841531,0.6381508525263573
98,30,1.5625262295806828,-1.3685037648164076,0.6315900882851738
99,30,1.6123563899103885,-1.3899663792116494,0.6178636737911521
100,30,1.6594402352225506,-1.4140813513936656,0.6087248883049807
101,30,1.7038525952219212,-1.4412827738714804,0.599631520101243
102,30,1.7451683521874453,-1.4719858199583635,0.6009404556303055
103,30,1.7832783240742045,-1.506426280484163,0.5886070024708532
104,30,1.8178086889505085,-1.5446182276029332,0.5901795915247747
105,30,1.8483329445061818,-1.5864776088391697,0.5920358563121738
106,30,1.8746651797343228,-1.6315451735780198,0.5948220014599896
107,30,1.8967677143567434,-1.6796530658699487,0.6024976525738938
108,30,1.9144236917945718,-1.7299770124132654,0.6167564732184209
109,30,1.9279442171793908,-1.7818342124965676,0.6166614792234071
110,30,1.9376511874195674,-1.8342395182083093,0.6388590929155343
111,30,1.944023440316456,-1.8862756027433973,0.6528460170487773
112,30,1.9477790672854387,-1.936958131909916,0.6677899841445812
113,30,1.9498756263851524,-1.9854597451253306,0.6793720624826637
114,30,1.9509910499419998,-2.0308960328248387,0.691663178751038
115,30,1.9522847590896308,-2.0725242062121754,0.7040483758516273
116,30,1.954703001472333,-2.109674637370139,0.7199525687284668
117,30,1.9591345590831937,-2.1421028362612424,0.7300920913464127
118,30,1.9664274318577135,-2.169316888448724,0.74583256588048
119,30,1.977268167098004,-2.191234067439258,0.7657555022559566
120,30,1.9919883566407681,-2.207581440699362,0.7971726909591943
1,31,-1.8004895125849112,-0.11881824273388499,0.3347034356159026
2,31,-1.770597334675704,-0.13280061443627247,0.3729404196721007
3,31,-1.7300812633451539,-0.14539331451470797,0.39432378981120975
4,31,-1.6791765834352608,-0.15707726441741576,0.39716945611057364
5,31,-1.6185971551874472,-0.16879026710586298,0.3945832552261668
6,31,-1.5490799935833859,-0.1813112043921865,0.3796729038464695
7,31,-1.4714785745880519,-0.1957013941787435,0.3741000232928888
8,31,-1.3869159891564016,-0.2127821021291128,0.3659425684012642
9,31,-1.2963337928482854,-0.23326499769303177,0.3565390546085892
10,31,-1.2010629588938957,-0.2574377152566388,0.3576249026421274
11,31,-1.1021824226040362,-0.28538654013776205,0.3644259974883491
12,31,-1.0010041572168262,-0.31697044308686045,0.37576906876178917
13,31,-0.8986773071787139,-0.3517065175056423,0.3957795793220463
14,31,-0.7964392095343205,-0.389054030368173,0.4098477025799262
15,31,-0.695165447159509,-0.42833812730629695,0.43755970608225553
16,31,-0.596108708977034,-0.4687355988138587,0.4652064412239415
17,31,-0.5000854702695928,-0.5094459381695946,0.5020979216059045
18,31,-0.4079455490727585,-0.5496518649804983,0.5255915312752611
19,31,-0.3203959553949079,-0.5885671650067507,0.5581347565577126
20,31,-0.2379938438432118,-0.6257016566275404,0.5917793707691315
21,31,-0.16119378181960062,-0.6604587187634502,0.6120087077840811
22,31,-0.09035817202680708,-0.6926396561889699,0.6345192623127949
23,31,-0.02573634319990839,-0.7217056428311328,0.6538562193855101
24,31,0.03278557150461358,-0.7478494912382967,0.6666799906546151
25,31,0.08546334859928058,-0.7710585185857026,0.6773485798803911
26,31,0.13222739357883756,-0.791515757095696,0.6907188301430056
27,31,0.17369275526640487,-0.8094150934810762,0.6861247900219377
28,31,0.21028892918437853,-0.8250537004652398,0.687219914814179
29,31,0.2425110216132325,-0.8386132272703748,0.6954999401355033
30,31,0.27104518799881455,-0.8499395741242,0.6929496846359952
31,31,0.29658995673567573,-0.8591849157177589,0.6978748717195318
32,31,0.3196501685841941,-0.8658243049661302,0.6932092789976283
33,31,0.3408395753345449,-0.8691574054544732,0.7018024799945919
34,31,0.3605620832700972,-0.8683515276580359,0.697322793502001
35,31,0.37924270414369365,-0.8625979876506654,0.7027890358161386
36,31,0.39717913850942516,-0.8511303716821805,0.7017655066047
37,31,0.4143057541345262,-0.8332674167186656,0.6944099987532653
38,31,0.4305744207346758,-0.8086613994919591,0.6866533035439436
39,31,0.4456582519468381,-0.7774207801504559,0.6721067449606587
40,31,0.45912695194895986,-0.7396531351773838,0.6489048802355042
41,31,0.4702944025189445,-0.696122414710058,0.635821850296911
42,31,0.47851769176330056,-0.6477711940745886,0.6068060939008251
43,31,0.48289138101110224,-0.5955440795678135,0.583528322413118
44,31,0.48247998667851805,-0.5404936727703303,0.5503544442529605
45,31,0.4764955639574577,-0.4838236171357994,0.5344457696799835
46,31,0.4638866273066605,-0.42678517688344625,0.5088534264559552
47,31,0.4439495021133652,-0.3704820938687194,0.48386697211262214
48,31,0.41597252223558595,-0.3159576620092882,0.4627376369235925
49,31,0.3794087882228333,-0.26429583047207844,0.4450689591807684
50,31,0.33386345938609846,-0.2167662621428475,0.420049528663168
51,31,0.27923705691905487,-0.17422845163816836,0.4067908577030536
52,31,0.21546122922864833,-0.1376027169822989,0.38682319674937665
53,31,0.14290754205440329,-0.1076426961561911,0.37435781228903153
54,31,0.06226290325323021,-0.0850334541081915,0.3634226276016782
55,31,-0.025656770356313682,-0.07002076045040162,0.3479863739625518
56,31,-0.11987533731667936,-0.06286000353100024,0.3473179645904437
57,31,-0.21903387034348448,-0.06350342621942977,0.32827665741958884
58,31,-0.3214701687586994,-0.0718184955830114,0.33454703384215045
59,31,-0.42565121549913026,-0.08752181960784097,0.3341436606790814
60,31,-0.5294311165407254,-0.1100452476420238,0.3292787883832657
61,31,-0.6308797327756822,-0.13892955891150074,0.33681013557826056
62,31,-0.727883105463583,-0.1733778453057039,0.34325331074597343
63,31,-0.8182478727289565,-0.21263471141287477,0.3382035087785028
64,31,-0.899856000799269,-0.2557648520839988,0.35790611227704205
65,31,-0.9707296822829843,-0.30166108892637783,0.36331233058240886
66,31,-1.02895257796572,-0.3493561930331514,0.36768935192091184
67,31,-1.0727433897516185,-0.39790874383673225,0.37599863964415914
68,31,-1.100716649967762,-0.44639481703247075,0.3835240621855557
69,31,-1.1118063070194821,-0.4941635297130301,0.3893319819834496
70,31,-1.1053355253037327,-0.5409299973662184,0.4002737181577745
71,31,-1.0809542766529014,-0.5864261234585711,0.40060431037758415
72,31,-1.038671012962548,-0.6305202687667494,0.4066766946219953
73,31,-0.9791584332651996,-0.6734035089666831,0.41305702953259155
74,31,-0.9032381730961705,-0.715161821572913,0.4176795901420052
75,31,-0.8124537479039196,-0.755886621684547,0.4282718782369779
76,31,-0.7083577636628884,-0.7956020652975124,0.4405026472203253
77,31,-0.5928967455380418,-0.8341658024506026,0.45441102241700926
78,31,-0.46838112275905985,-0.8714372322539569,0.4615271458927394
79,31,-0.3369785835446323,-0.9072996982533581,0.48344826437713406
80,31,-0.20115118201883797,-0.9413951402825724,0.5038936873823489
81,31,-0.06313775070464521,-0.9736735618148419,0.5128591867747854
82,31,0.07483011279644891,-1.0041495690153852,0.5286622880311455
83,31,0.21066804460546185,-1.03271715185001,0.5427168049924413
84,31,0.3428143838635753,-1.059497271861473,0.5541532195971252
85,31,0.4696351417112897,-1.0845792696349932,0.5693515977198916
86,31,0.5901603704616655,-1.1084700558538185,0.5782535558716845
87,31,0.7037472833203361,-1.131215757830755,0.5902604760433784
88,31,0.8098013922435221,-1.1528597933836195,0.6007979851084934
89,31,0.9082713485822784,-1.1736408679576626,0.6163112548997645
90,31,0.9992545784797667,-1.1937469874807083,0.6231166981877393
91,31,1.0831802877956336,-1.2131570943455643,0.6318800817107372
92,31,1.1606693203824674,-1.2320437410062959,0.640243430459815
93,31,1.232208757258604,-1.2504158494356383,0.6485229008691454
94,31,1.2985831143738602,-1.2682638687455872,0.6441909956950409
95,31,1.3603712719112495,-1.2859284872912962,0.6533004695414983
96,31,1.4180122242976068,-1.3035792394897405,0.6371914881875071
97,31,1.4722729230503608,-1.3216003391329034,0.6371436711704511
98,31,1.5232126090795517,-1.3403047695443584,0.6383597468770472
99,31,1.5711420396281117,-1.3601121676373469,0.6213300305746524
100,31,1.6159494535294405,-1.3817191425915512,0.6093374094355641
101,31,1.6577274690985746,-1.4056337181051686,0.594553947804156
102,31,1.6960689484045177,-1.432449874899435,0.5842141816073723
103,31,1.730897818763627,-1.4626591882148678,0.5737398139158585
104,31,1.7618814807880974,-1.4965705596895253,0.574983592082542
105,31,1.7886457338031445,-1.5343788895506085,0.5659503291745211
106,31,1.8110621671368405,-1.575883537275164,0.5588825317829039
107,31,1.8291456834036997,-1.621073257133475,0.5737898924093646
108,31,1.8427449657834418,-1.669212478686145,0.5757161288828833
109,31,1.852233922654746,-1.7195937110246118,0.587658714624205
110,31,1.8580025408320713,-1.77112823194768,0.6004481177892674
111,31,1.8605860533532166,-1.8227352762991942,0.6272991017066734
112,31,1.8607563932825015,-1.8732535065526823,0.6333771555259113
113,31,1.8595339218578377,-1.9216848242683164,0.6555438064282634
114,31,1.8576433926933136,-1.9670179553646534,0.6731218676012007
115,31,1.8562728850996977,-2.0084363004872317,0.6812187231239987
116,31,1.8564232413472759,-2.045244255198511,0.6977974558965125
117,31,1.8589996216265678,-2.0772415968094973,0.7097984611377914
118,31,1.86488113221337,-2.104002395086856,0.7223067222030524
119,31,1.8747767614754858,-2.1255289312532644,0.750213258470852
120,31,1.8890189460139832,-2.141603043017484,0.7700951673087523
1,32,-1.8291097105022005,-0.06524141467101602,0.3084952383760596
2,32,-1.799759014449701,-0.07963631683529704,0.3424637893729533
3,32,-1.7602918811582902,-0.09304080585780955,0.36476970215614923
4,32,-1.7108951093257476,-0.10589837142865521,0.3656617212063896
5,32,-1.652204007663728,-0.1191294648458863,0.362101102766273
6,32,-1.5848666866964913,-0.13347978724474516,0.35966403183865925
7,32,-1.5096290262484537,-0.14999491965608394,0.3406405992643004
8,32,-1.4274864989118696,-0.16949980897008027,0.34138436336240635
9,32,-1.3392683639874818,-0.1927234446135071,0.34205019155418614
10,32,-1.2461836310308034,-0.2199602760029235,0.3402003886255429
11,32,-1.1491941074855045,-0.251308934111691,0.35106433715677043
12,32,-1.0495225184280161,-0.2866098961948158,0.35643362493353775
13,32,-0.9482285139590888,-0.3253226814352022,0.38064387871534655
14,32,-0.8464994740809586,-0.366812254881116,0.4086867689656445
15,32,-0.7451674437266097,-0.4102852809586759,0.4326649230415702
16,32,-0.6454714852074678,-0.4547707732456605,0.46349846335516687
17,32,-0.5482426988603939,-0.49932136193874255,0.5014305380222903
18,32,-0.454364319822824,-0.5429909490757653,0.5367844816207958
19,32,-0.36459845791181195,-0.5849063865150141,0.5631793880059858
20,32,-0.2795712087045898,-0.6245359607984836,0.5887148519766366
21,32,-0.19982754611965847,-0.6612909827817252,0.6161653347302424
22,32,-0.12582072491102925,-0.6950207522095438,0.6355434997048758
23,32,-0.05789539957740632,-0.725262680464748,0.6586373296195563
24,32,0.003955505871762699,-0.7522769607473131,0.6646518677425123
25,32,0.059890427755266984,-0.7761160479142561,0.6746889486935477
26,32,0.10976882788119019,-0.7969877278049781,0.6779112412967747
27,32,0.15411886122033,-0.8150836413297584,0.6751158045666494
28,32,0.19331876788446972,-0.8306788578576031,0.6794314884484736
29,32,0.22781288337053057,-0.8439281745577702,0.685948709729261
30,32,0.2582615343514592,-0.854675181267043,0.678945959165501
31,32,0.2853578206124743,-0.8630954166145467,0.684613466463703
32,32,0.3096062181946782,-0.8687590261963224,0.6862661268694009
33,32,0.33165579484212515,-0.8711086433696649,0.6896029370558058
34,32,0.35194634154870963,-0.8695040604964237,0.6854791438089852
35,32,0.3709469806780856,-0.8633469710967593,0.689599132992551
36,32,0.3890219596292781,-0.852072444512749,0.6822082570742287
37,32,0.40616308201618534,-0.835165572508315,0.6805202422731363
38,32,0.4223898568079803,-0.8123445841108793,0.6697423560454212
39,32,0.43744232842453656,-0.7836924975586383,0.6566171989063823
40,32,0.4509558428776706,-0.7491927445664064,0.6499659285889617
41,32,0.46230077623076465,-0.7093988892444195,0.6216981391308105
42,32,0.47088797538099136,-0.6649522346758332,0.606733229399318
43,32,0.4758453745232144,-0.6164883088001486,0.5869531305622656
44,32,0.4762624606466156,-0.5647442508835899,0.5613542895500242
45,32,0.4713768297862737,-0.510657587156737,0.5387405558524757
46,32,0.4601248967621333,-0.4553039492436244,0.5177894824693449
47,32,0.4418045188170586,-0.3997094683414532,0.48676316270399445
48,32,0.4156635346881697,-0.34494113220605027,0.46710622334287766
49,32,0.3811215649724911,-0.2921991756912813,0.4434431941070843
50,32,0.3377309340250172,-0.24294627252035275,0.4226180750063345
51,32,0.2853321925953057,-0.1982741508099593,0.39762129570449384
52,32,0.22378902637234485,-0.1593526319806307,0.38358400969701156
53,32,0.15339567188167944,-0.12716717592625068,0.36556057493138633
54,32,0.07475587378392047,-0.10257800615086585,0.3581145251896961
55,32,-0.011386503232080031,-0.08595816975549092,0.3451073297380397
56,32,-0.10414082673342957,-0.07762246737776678,0.34264403197679005
57,32,-0.20220967261992542,-0.07751252654849508,0.33632854021684944
58,32,-0.3039965710043145,-0.08544584290351236,0.341289287765107
59,32,-0.408004073470978,-0.10105227972770862,0.33407968190623116
60,32,-0.5121205435813911,-0.12365166256659615,0.3425285279310009
61,32,-0.6144453142534406,-0.15268224258707985,0.34804494396917235
62,32,-0.7128564250906055,-0.18726901927458997,0.3468596924209724
63,32,-0.805137232416225,-0.22659963030387997,0.35846952495984835
64,32,-0.8891397506388372,-0.26968867168104715,0.3658391087314943
65,32,-0.9628277988173225,-0.31543323090111347,0.36873417577424467
66,32,-1.0242285873357515,-0.36285546022603143,0.37567695970313686
67,32,-1.07148124836682,-0.41102638627677635,0.3900712825116429
68,32,-1.103112548752332,-0.4590332246915264,0.39538349064983064
69,32,-1.1179771233896934,-0.5062075824116636,0.4006781815231633
70,32,-1.115300780471679,-0.5522457276269502,0.4019789702522835
71,32,-1.0946596127206987,-0.5968508796671118,0.3994118166874524
72,32,-1.0559829699688486,-0.6398390308655512,0.4158192819502472
73,32,-0.9998676870950969,-0.6813498256719939,0.4215650868169378
74,32,-0.9270835441705604,-0.7214334153810172,0.42653155873503856
75,32,-0.8391206201101099,-0.7601489184257672,0.4223318711439861
76,32,-0.7375109502634314,-0.7975243757390799,0.43807570743082574
77,32,-0.6241753140861234,-0.8334141734352938,0.4501511566149287
78,32,-0.501411893400717,-0.8677210422003906,0.4693341511550996
79,32,-0.3714013586136399,-0.9003806626684425,0.48101350161732614
80,32,-0.23661959444541186,-0.931101340927839,0.49149517134900117
81,32,-0.09933071900173603,-0.9599147883738106,0.5017643059917667
82,32,0.038212202043770446,-0.9868936088127548,0.5097011295838845
83,32,0.173885894694879,-1.0120269384678133,0.5247729607615256
84,32,0.3060827242797934,-1.035488423462732,0.5408614589083532
85,32,0.4331281996470371,-1.057457394083343,0.5512446846019219
86,32,0.5540122728419978,-1.078502555838289,0.5531414874014002
87,32,0.6680374678228254,-1.098747291631396,0.569140941851728
88,32,0.7745664344356019,-1.1183086413583312,0.5776960726069938
89,32,0.873488665239889,-1.1374919866537947,0.5936663395299446
90,32,0.964869003473655,-1.1565223401724727,0.599859369431714
91,32,1.0490784219986635,-1.1754016086967762,0.6093525701085908
92,32,1.1266790764129548,-1.194263934208469,0.6236453518633301
93,32,1.1981312915309879,-1.213021436827217,0.6305283699714755
94,32,1.264161817085627,-1.2315145147347126,0.6438435084913057
95,32,1.3253178189313841,-1.2498994319910777,0.6426769379872413
96,32,1.3820043398794726,-1.2681055168688498,0.6415055502988596
97,32,1.4349609890012378,-1.286300310983214,0.6400506268857948
98,32,1.4842295712656968,-1.3045902812787227,0.6327789794017893
99,32,1.53011561020237,-1.323257165755186,0.6140211713727296
100,32,1.572509503705582,-1.3429528548195162,0.600076835095052
101,32,1.6115208699724954,-1.3642250458383576,0.5914720977380709
102,32,1.6467604524266086,-1.3878087802508845,0.5716347019441685
103,32,1.678185051078533,-1.414407986838483,0.5625611120508006
104,32,1.7055051039876672,-1.4445862017849025,0.5470339765359747
105,32,1.7283997320885676,-1.4787827188257434,0.5354773077623788
106,32,1.746800761825967,-1.5170293286215824,0.541342177741749
107,32,1.7607755788547526,-1.5594543688673972,0.5381126269814738
108,32,1.7702416623778225,-1.6054084423720143,0.5417201576272999
109,32,1.7756363404574993,-1.6541695240587508,0.5570375133995648
110,32,1.777417676699563,-1.7045666516070848,0.5765062671232485
111,32,1.776177429898718,-1.7553866191543002,0.5929800376868093
112,32,1.7727415906427593,-1.805324494609324,0.6076402445751167
113,32,1.7681897997380833,-1.8532462598775257,0.6254425502684942
114,32,1.7632930112360525,-1.8980454454378688,0.6449560696171681
115,32,1.7592650092797968,-1.9388581946335806,0.6561445851921744
116,32,1.7571587987288944,-1.9749821815061144,0.6706084012728922
117,32,1.7578933758781439,-2.006271984388169,0.6873635536701791
118,32,1.7623757574086008,-2.0323722031743827,0.7011333226629808
119,32,1.7713351473116663,-2.053370671950821,0.7210505850100647
120,32,1.7851049782191017,-2.0691034268309227,0.7467287116117841
1,33,-1.8551663068367128,-0.012207182337787644,0.2806120293299476
2,33,-1.8263363663179089,-0.027136307525585105,0.3194581206885968
3,33,-1.787877607508556,-0.04158553647236013,0.33492088080196136
4,33,-1.739931461633172,-0.0559434538051526,0.3466082743283794
5,33,-1.6830568216145074,-0.07108453078189925,0.3432724556776947
6,33,-1.617817507628743,-0.08768782827813056,0.3352070311464774
7,33,-1.5448562656172782,-0.10673755255684354,0.33382345141048714
8,33,-1.4650452403887266,-0.12901794062601776,0.331575877158066
9,33,-1.3791056375936601,-0.15522267548542595,0.32886733671572727
10,33,-1.2881277817481982,-0.18560369841846103,0.3335175977862545
11,33,-1.1929594316452439,-0.22022713080009998,0.34105688188209143
12,33,-1.094735951022082,-0.2588780016061215,0.3620621550223144
13,33,-0.9944269183685116,-0.3009363310201573,0.3827433281703163
14,33,-0.8931698673426983,-0.34566500081270085,0.4041327004441734
15,33,-0.791751903273022,-0.39216734602944886,0.4352452781866051
16,33,-0.6913946335223918,-0.43936030359274214,0.46841376184116534
17,33,-0.5929389515535062,-0.48620206212378675,0.49815187324739113
18,33,-0.49729764078130917,-0.5316854900508562,0.5320984582097218
19,33,-0.4052830306220887,-0.5749287725839394,0.56055221937485
20,33,-0.31758478535556633,-0.6154351812062805,0.5871921466308586
21,33,-0.23483418067895587,-0.6526978385221746,0.6060519030471954
22,33,-0.15757277322763136,-0.6866751827709526,0.6301416208394836
23,33,-0.086237272129547,-0.7170269445206255,0.6398682350034923
24,33,-0.020927701906201017,-0.7441072267961016,0.6575485753178018
25,33,0.0384153054919961,-0.7680411596642969,0.6620121151339606
26,33,0.09157846961803842,-0.7890507500221687,0.668560478343006
27,33,0.1389974188007965,-0.8073022396612725,0.663745311561594
28,33,0.18099286415896645,-0.8230161523522332,0.6702708772407663
29,33,0.21795102650842368,-0.8362810735733581,0.6730315553060523
30,33,0.25049745828040487,-0.8469012312697255,0.6655122486289379
31,33,0.27931011684790324,-0.8550411402751883,0.6700695552355332
32,33,0.30488457140533964,-0.860339582733605,0.66858814012371
33,33,0.3278967530363195,-0.8623615684518212,0.6682083764262536
34,33,0.3488148440547977,-0.8606489794127378,0.6694148975548395
35,33,0.368145868825714,-0.8548066941661928,0.6648207074659261
36,33,0.38631596668036555,-0.8444693396091004,0.6609905946995991
37,33,0.4033742209818444,-0.8292880530414108,0.6529899566845526
38,33,0.4194080167365435,-0.8090417356148549,0.6469271860704168
39,33,0.4342270067726398,-0.783780914102145,0.6391715678353802
40,33,0.44753957978969183,-0.7533525430778534,0.6301003390097202
41,33,0.45878037138047756,-0.7180850667307129,0.6113277430852461
42,33,0.4674235141990489,-0.6782985602075097,0.5988229597863197
43,33,0.4726425865351922,-0.6343038649352895,0.5810765594369349
44,33,0.47356540131227604,-0.586506674328407,0.5665867162502134
45,33,0.4694684286722703,-0.5355698886898106,0.5393436992428551
46,33,0.45928998931018833,-0.4823875337797621,0.5237632974544612
47,33,0.4423407570164763,-0.42790963236528146,0.5010666244813701
48,33,0.41784097240644325,-0.37323433103774956,0.47938038791215604
49,33,0.3851868562600005,-0.3196886622035039,0.4575566017037048
50,33,0.34388535517980023,-0.268939527586692,0.4291304224606294
51,33,0.2937229939884169,-0.22232450835977588,0.4053385653643988
52,33,0.23449994888131642,-0.1812741142487892,0.38273051153757287
53,33,0.16643184054941498,-0.14701487284040174,0.3665840075602704
54,33,0.09003810442581366,-0.12059090545852824,0.3498981829902708
55,33,0.005986309143570745,-0.10250795702631592,0.33621005447543223
56,33,-0.08492553978340965,-0.09314683337761212,0.34226156910419175
57,33,-0.1814700131133962,-0.09244209639089404,0.333860915133039
58,33,-0.2821272042477583,-0.10016548875891283,0.33594871284161626
59,33,-0.3854465218590085,-0.11586563866699219,0.34958438620368865
60,33,-0.4893642797383876,-0.13875547884827644,0.3511051194507205
61,33,-0.5920223520900512,-0.16817524527655986,0.345501040488342
62,33,-0.691302264502178,-0.20317469876051436,0.3644595909095959
63,33,-0.7849793004164831,-0.24288531139344235,0.3753846910077931
64,33,-0.8708883725323872,-0.28626700595653526,0.3795904671200336
65,33,-0.9469441077718938,-0.3322108666162621,0.38852463783517616
66,33,-1.011128506180875,-0.37971286500137685,0.39492577506478954
67,33,-1.061510925776113,-0.427833949564997,0.3991853194586455
68,33,-1.096536072928523,-0.4756468480657485,0.40785670449995237
69,33,-1.1149849314552922,-0.5224398148037083,0.4103475408352604
70,33,-1.1159884374541016,-0.5678647913152232,0.4115032168599874
71,33,-1.0990519752776708,-0.6115774491724959,0.41903403024946523
72,33,-1.064024531414161,-0.653331660636019,0.4258288566557612
73,33,-1.0114249598197271,-0.6932161104274357,0.4249291230723683
74,33,-0.9419683926864462,-0.7312587862674561,0.4344846596307027
75,33,-0.8570848983379629,-0.7675070572403029,0.4384075957697122
76,33,-0.7582804374950783,-0.8020206606678222,0.44108738096125316
77,33,-0.6474427740668888,-0.8346792378636453,0.4515196497160475
78,33,-0.5268490797113793,-0.8654540488186885,0.45984732635347464
79,33,-0.39868499651900746,-0.8943507832920355,0.46508894953595303
80,33,-0.2654305586091377,-0.92115313890297,0.4817317150877737
81,33,-0.12936641022491327,-0.945973237794542,0.4926810402223486
82,33,0.007241727950489353,-0.9689337267224822,0.49970739553032545
83,33,0.14224135824393463,-0.9901041730744959,0.5104446863577738
84,33,0.2739851077000695,-1.0096974934545933,0.5140744717065059
85,33,0.40076636909908087,-1.0279721363147463,0.5245066221056925
86,33,0.5215401637484322,-1.045552754946934,0.5265726869993426
87,33,0.6355590484586958,-1.0626458317373764,0.5378385425612483
88,33,0.7421470052355499,-1.079453274059562,0.5441191264791051
89,33,0.841137193635347,-1.0963667989019164,0.558202445582782
90,33,0.9325623336114071,-1.1136741335819134,0.5710287641376033
91,33,1.0167363347292036,-1.1314286180891133,0.5825915375958322
92,33,1.0941603661785093,-1.1497528351170712,0.5945006416176685
93,33,1.165268020663784,-1.168491214694975,0.606726124708707
94,33,1.2307245159934572,-1.187357915105581,0.6144164868180435
95,33,1.2910441817420348,-1.206344142582744,0.6217574437753882
96,33,1.3465958776991958,-1.2251513417941933,0.6231907654527137
97,33,1.3980871695737347,-1.2437340657354554,0.6218641785763738
98,33,1.4455412249347608,-1.2619886515840948,0.6186829176515257
99,33,1.4892563411453945,-1.280041776408188,0.6028584690880135
100,33,1.529122985025853,-1.2984730470894552,0.5959526909792258
101,33,1.565266955598122,-1.317832699445409,0.5804908698300714
102,33,1.5973167832774395,-1.3389524483794415,0.5603879577402069
103,33,1.6252613844615627,-1.3626955459750723,0.5410538136758347
104,33,1.64885526429404,-1.3898282759498628,0.526369977215422
105,33,1.6678311417195981,-1.4209880367101588,0.5197060939390926
106,33,1.6821825068779908,-1.456401831801649,0.5111480258120631
107,33,1.6920281120494642,-1.4963117852838033,0.5152246225103186
108,33,1.6973559805467033,-1.5401459247689415,0.5245127460910161
109,33,1.6986662746637282,-1.5871753978992564,0.5367433310481955
110,33,1.6964835343247515,-1.6361685337417773,0.5492645717117857
111,33,1.6914547621260063,-1.6858134901286452,0.5656417065174222
112,33,1.6844591103825555,-1.7347001929308354,0.5881280984532403
113,33,1.6766304955940758,-1.7815997801409063,0.605896996753553
114,33,1.6687845163547363,-1.825349154518923,0.6254422095090564
115,33,1.6621568449550206,-1.8650707898808434,0.6378277036892765
116,33,1.6578491115571115,-1.9000819822640507,0.6515137746699767
117,33,1.6567911611356942,-1.9303090767233084,0.6657908048170619
118,33,1.6599140484452342,-1.9554770622981703,0.6764264959695129
119,33,1.667964431177264,-1.9757645157812807,0.6972484156287831
120,33,1.6812768310883697,-1.9910645823696593,0.725793902238352
1,34,-1.8787829472045456,0.038239960617704294,0.2658949507411568
2,34,-1.850440873115379,0.022706560443684274,0.30124897101392345
3,34,-1.8129261809230812,0.0070785461653990875,0.32073290779895186
4,34,-1.7663390320519776,-0.008968885259877312,0.32955486971925985
5,34,-1.7111655303325386,-0.026246461203072717,0.3410296707580966
6,34,-1.647891377949333,-0.04534577819969512,0.3362330088700879
7,34,-1.577062817606418,-0.06715610678127014,0.32381139846631135
8,34,-1.499435246841284,-0.09238655843961352,0.32610197361475207
9,34,-1.4156281143448897,-0.1216514757075039,0.33256446354147584
10,34,-1.3266186959100161,-0.1551166879697125,0.33915563374433416
11,34,-1.233145675366094,-0.19277494754312346,0.35245837237494027
12,34,-1.1362607145114574,-0.23432085285442275,0.36731051161594724
13,34,-1.0368443632875497,-0.2790348098268627,0.3866064060299726
14,34,-0.9359851698345265,-0.32607109539546175,0.40948841825989235
15,34,-0.834424798373461,-0.3744452997998604,0.4419462804990176
16,34,-0.7333637920689573,-0.4229982852739692,0.4766506242829208
17,34,-0.6336479120786724,-0.4706450282539857,0.5104112146771707
18,34,-0.5362151027878928,-0.5163823466988549,0.5239515311431718
19,34,-0.44192239550105855,-0.5593929453465833,0.5557024848183829
20,34,-0.3515166505815532,-0.5992839074302266,0.57623181889738
21,34,-0.2657104852514096,-0.6356946086015574,0.5984257119593777
22,34,-0.1851299145000842,-0.668743529378946,0.6131895022938134
23,34,-0.11029941455682729,-0.6982489862521394,0.6205229156659465
24,34,-0.04142530440133218,-0.7246771690723852,0.6326722410961924
25,34,0.021451897796766938,-0.7482281454051024,0.6382831143397533
26,34,0.07804493638609628,-0.769126606506438,0.643338079598435
27,34,0.12869204344042917,-0.7874927336394656,0.6474866073711995
28,34,0.17365023137398103,-0.8034657682989965,0.6471630895682173
29,34,0.21324046513819378,-0.8170365496800721,0.6519503838573716
30,34,0.24804465386530605,-0.8279407706619917,0.6460689679242698
31,34,0.2787156389703345,-0.836304438062417,0.645885859408494
32,34,0.3057313002365495,-0.841812864692103,0.6464852753412422
33,34,0.32978542714219644,-0.8441331121276785,0.6426671144360772
34,34,0.3513665489395838,-0.8429771762983961,0.645270463900717
35,34,0.3710131227800819,-0.838140887050609,0.6403033022262056
36,34,0.3892078364930321,-0.8294511288933523,0.6352293975459021
37,34,0.4060567268203194,-0.816719894985565,0.6278821440913447
38,34,0.4217149723070349,-0.7997790793177958,0.6257795680019396
39,34,0.4360642892667266,-0.7786405816273629,0.6164561679148325
40,34,0.44889338146733493,-0.7530064130749322,0.6068694518252854
41,34,0.45970913172858086,-0.7229714221655881,0.6046885883996858
42,34,0.46805846673326595,-0.6885234352408426,0.599714814224298
43,34,0.4731732721177032,-0.6496400244380155,0.5847196777391066
44,34,0.4742335653993691,-0.6063850006462247,0.5740829356686253
45,34,0.4705683220255358,-0.5591396428266794,0.5526185200531677
46,34,0.4611325325687138,-0.5086080640829095,0.5351177310181593
47,34,0.4452613522706331,-0.4556586117510641,0.5098439283607515
48,34,0.42216124017844564,-0.40141791854165815,0.48887024303283605
49,34,0.3912155033496924,-0.34733852486498334,0.46240545225723323
50,34,0.3518938749017828,-0.2952915557717464,0.431174541777376
51,34,0.30393527516050356,-0.24686538177662612,0.409246824190741
52,34,0.2470813856149672,-0.2037577341904493,0.38993720521954445
53,34,0.18146819558368937,-0.16744557077441202,0.3698301590398805
54,34,0.10753025201219003,-0.13917086451199734,0.35408653114475896
55,34,0.025854742952927154,-0.11958676626777338,0.34541203703814277
56,34,-0.0628597075044281,-0.10915884619225653,0.34409393628075396
57,34,-0.15746425082771454,-0.10783151964422989,0.3392293966629648
58,34,-0.25652621468913067,-0.11534729971281098,0.34670793097938846
59,34,-0.3586532193312764,-0.13118935902888218,0.3513311049555099
60,34,-0.46184340400053486,-0.1544753575925915,0.36551555498006
61,34,-0.5642940898304738,-0.18445500063492384,0.3707524740025272
62,34,-0.6639021503392672,-0.22010430776769926,0.3766674293063007
63,34,-0.7584502158806001,-0.26049526657655064,0.38002088653740385
64,34,-0.8457691128168354,-0.30452277654313803,0.39693586127836866
65,34,-0.9237338174783433,-0.35105439462585153,0.4029565347653822
66,34,-0.9902925421330683,-0.39903861297407045,0.41447493932387686
67,34,-1.0434549555870232,-0.4474988975091526,0.41684085074847554
68,34,-1.081589810543188,-0.49546521224528045,0.42987213978573496
69,34,-1.1034102964865145,-0.5421569413620224,0.43040453241690485
70,34,-1.107955610242515,-0.5871581629139955,0.43217056279404625
71,34,-1.0946636451723284,-0.6300610769156059,0.4306085633514062
72,34,-1.0633022950873168,-0.670551682527218,0.4332034327144298
73,34,-1.0143108571844104,-0.7086722088474455,0.4348976510688209
74,34,-0.9483470971318128,-0.7444444265774138,0.44337181261987696
75,34,-0.8667752418798549,-0.7779247895209129,0.44991164275317236
76,34,-0.7710697205134568,-0.8092308921812668,0.45028197805126513
77,34,-0.663078521394522,-0.8382928045463289,0.4492714180908024
78,34,-0.5450493606424706,-0.8651697267572418,0.4591870193007298
79,34,-0.41916493011134953,-0.8899484724043429,0.4638488591609082
80,34,-0.28790000612223976,-0.9124900191502756,0.4674192714055366
81,34,-0.15354313834927685,-0.9329783290760415,0.4759570843887459
82,34,-0.01836398144213409,-0.9515724644515249,0.4807756051119692
83,34,0.11546538229411421,-0.9684027734742744,0.4852290800196265
84,34,0.24626418387675353,-0.9837054217681852,0.4912173695613932
85,34,0.3723022821862968,-0.9978052172799668,0.49618186371594775
86,34,0.49250508534645426,-1.0113767854155882,0.5073278896093374
87,34,0.6060803856572443,-1.024715429761787,0.5071434833544162
88,34,0.7123179849951796,-1.0381197500803163,0.5163581658367088
89,34,0.8109981064768363,-1.0520884299160465,0.5219464786864507
90,34,0.9021222679577461,-1.066998399948665,0.5330835083314046
91,34,0.9859491485954671,-1.0829836098947947,0.5446901176074116
92,34,1.0629175259206853,-1.1001846710651686,0.5580940845063806
93,34,1.1334346285425372,-1.1184109506095756,0.576384567934818
94,34,1.1981013942159668,-1.137279324618027,0.5861035190378977
95,34,1.2573986633945384,-1.156641719043285,0.5975875754649908
96,34,1.3116575994083246,-1.175992544902002,0.6034770981834731
97,34,1.3615495772431963,-1.1950850987522457,0.6088044080145353
98,34,1.4070782949751763,-1.213610010964397,0.6033167125804758
99,34,1.4485331491158773,-1.231527806139519,0.5953801639894729
100,34,1.485802716128885,-1.2493217410159774,0.5805734549032971
101,34,1.5190279668477018,-1.2675076802621492,0.5657388063347996
102,34,1.547855042506874,-1.286966655121764,0.5436114639086137
103,34,1.5723036853796806,-1.3086625210549159,0.5300035628694622
104,34,1.592172837788307,-1.333504592643892,0.5217961310085933
105,34,1.60724843864326,-1.362273596978558,0.5013599930332795
106,34,1.6175859464424918,-1.3953459979267129,0.4952065756933373
107,34,1.623353643925082,-1.433044742284566,0.4956925930446879
108,34,1.6246105434478262,-1.4748608863309687,0.5051835445927566
109,34,1.621918130950191,-1.5200634265233592,0.5176341956550309
110,34,1.6158645471090698,-1.5673803828059982,0.528506128452894
111,34,1.6071496943769321,-1.615435816223593,0.5452157860429614
112,34,1.5967040515706026,-1.6627558108376368,0.5661060738978614
113,34,1.585709742785979,-1.7080615732879014,0.5861374858124504
114,34,1.5750246748327694,-1.750176738073357,0.6044315933902384
115,34,1.5659020882600536,-1.7882487872990565,0.6139546812172956
116,34,1.5594877297038803,-1.8216466339686987,0.6248402610267974
117,34,1.5567190466938678,-1.8503906942959572,0.6434282822187141
118,34,1.5585468238573221,-1.87430098507431,0.6518061828334271
119,34,1.5657319739887514,-1.8936562313557126,0.6812103989820278
120,34,1.5786102282229622,-1.9084126914047579,0.6955354696304341
1,35,-1.9000801046731979,0.085358860451271,0.2616548106606282
2,35,-1.8721820084896297,0.0692080220436337,0.2843159652171407
3,35,-1.8355255888742146,0.05237570778833343,0.3134362356352158
4,35,-1.7901745472546495,0.034599549266442486,0.32786219506842507
5,35,-1.7365469630238013,0.015137146343050587,0.34029380629571204
6,35,-1.675057732749723,-0.006510196245582873,0.3384688640732503
7,35,-1.6061648953551924,-0.031118823804749764,0.3321635001479187
8,35,-1.5305155105125556,-0.05930154091957812,0.33802246744708175
9,35,-1.4486352450740305,-0.09156130022193511,0.3409349221674495
10,35,-1.3613958831016018,-0.127942720751355,0.34950730158147564
11,35,-1.2694336818623195,-0.1683303266964891,0.3634735768107696
12,35,-1.1737218816455384,-0.21229601565025405,0.38187644898208156
13,35,-1.0750546032458188,-0.25900185241783097,0.40852165619335373
14,35,-0.9744732217988146,-0.30748635007176933,0.430075495306451
15,35,-0.8726746624649869,-0.3566901702541575,0.4549124638685384
16,35,-0.7708353576889582,-0.40540996362274784,0.48691924683717924
17,35,-0.6698015162413509,-0.4525625931000398,0.5077639825066363
18,35,-0.5705318707700394,-0.49720582615074305,0.5342386982079769
19,35,-0.47392257855125064,-0.5386498189632795,0.5571417262040816
20,35,-0.38077106985371517,-0.5766623593141802,0.567791757358079
21,35,-0.29186601666576356,-0.6110808055482422,0.583213603908748
22,35,-0.20791327914026184,-0.6422223852312112,0.595031332915787
23,35,-0.12952026531416083,-0.670089735268494,0.5946104339811514
24,35,-0.056997975137288374,-0.6952716677160903,0.6023497162242083
25,35,0.009513098918746628,-0.718041960047231,0.6092211781206712
26,35,0.0696510534339753,-0.7386178420515273,0.6143544038880271
27,35,0.12365273604599915,-0.7570581092768873,0.6138485598597623
28,35,0.17170556623920208,-0.7734024989690971,0.6206520260495804
29,35,0.21405872447399707,-0.7875229035901442,0.6234175152733638
30,35,0.25124207377449853,-0.7990670645619152,0.6287982774570396
31,35,0.2838736341128948,-0.8081028863503149,0.6265338046705649
32,35,0.3124050851558854,-0.8143447318074721,0.6229892705287184
33,35,0.3375391095862776,-0.817541321884223,0.6158609123149721
34,35,0.3597765399929917,-0.817560151027807,0.6158459762548318
35,35,0.3796809679179685,-0.8143697170757126,0.6115182446657561
36,35,0.3977860441205832,-0.8079754514507926,0.6050112901847485
37,35,0.4142546145094027,-0.7983392342989054,0.6075145394260879
38,35,0.42930952302807135,-0.7853359343190778,0.5982999199832073
39,35,0.4429069873030162,-0.7689340696677427,0.5998835367342663
40,35,0.4549232466988777,-0.7486873714555228,0.5982856703924094
41,35,0.464945591806983,-0.7244565905151943,0.5902792043147174
42,35,0.4726032410540519,-0.6958973074864734,0.5939650512691551
43,35,0.4771992972301808,-0.6626543202376205,0.5913744885739386
44,35,0.47798017440968016,-0.6244467679569814,0.5791250807295457
45,35,0.47434111069815676,-0.5813702573224826,0.5664274071608137
46,35,0.46526898450882337,-0.5339295971776257,0.5443153366338175
47,35,0.4501353302570399,-0.48289961433981743,0.5318381694965238
48,35,0.42814720049946897,-0.42942274432428307,0.507230748009751
49,35,0.39868572061537383,-0.3750637939206801,0.47502079972492184
50,35,0.36119199109295985,-0.32188644840255565,0.4443056918204085
51,35,0.31536404218538383,-0.2717254827961589,0.41659974198415206
52,35,0.2608904681213882,-0.226546974513202,0.39232050843506927
53,35,0.19782679164325326,-0.18808700659973351,0.380567510651471
54,35,0.12652253168664654,-0.157803594854381,0.35995906008322276
55,35,0.04748048457391147,-0.1365203570115831,0.3541414992751545
56,35,-0.038706438062898516,-0.12481727407310965,0.3497539933525085
57,35,-0.13097673655496375,-0.12267764612483548,0.34656142898550635
58,35,-0.2279953360120061,-0.12984232033125698,0.3601077958521938
59,35,-0.3284393721821979,-0.14575356676363804,0.36077480397451317
60,35,-0.4303827091839413,-0.16945064636368556,0.3711436900155664
61,35,-0.5320906733396294,-0.20010234379175662,0.38422861952638165
62,35,-0.631487562285615,-0.23661049596719005,0.3942665508143961
63,35,-0.726378671448469,-0.277980375241366,0.4031428922912406
64,35,-0.814603634455049,-0.32302665573707223,0.41501729823570616
65,35,-0.8940075570668679,-0.3705703743737863,0.4275884543510967
66,35,-0.9625161686439436,-0.41948774856638354,0.43133183191634444
67,35,-1.018089575715155,-0.46873535167546354,0.4414978979796281
68,35,-1.0590269614248613,-0.5172724113506277,0.44432742615129195
69,35,-1.0839796672305142,-0.5642266984023637,0.4539234915246453
70,35,-1.0918988497386624,-0.6090947805819154,0.4550863771017233
71,35,-1.0821582496787716,-0.6513934292227994,0.4529023161403099
72,35,-1.0544445177535475,-0.6907385594577494,0.4524259848923611
73,35,-1.009116532542807,-0.7271330013954328,0.4570105497104439
74,35,-0.9467723650247694,-0.7606076667862504,0.454402846881647
75,35,-0.8687056547325303,-0.7912460385222694,0.45384283437212425
76,35,-0.7763543187691684,-0.8192444911794726,0.4539456709867334
77,35,-0.6715208371222869,-0.8446021178440127,0.4595978515317795
78,35,-0.5564158565147601,-0.867477310745421,0.45699367061229373
79,35,-0.43321178649772407,-0.8880412165745154,0.45628732578368403
80,35,-0.30436960698521287,-0.906226698032836,0.458165108986053
81,35,-0.1721777983510238,-0.9222746458846255,0.46258071303210857
82,35,-0.038901824038269084,-0.9363627661391024,0.4624530440885065
83,35,0.09327582495959005,-0.9486596621809252,0.46525671531155505
84,35,0.22264718173035727,-0.9594077969454746,0.46991400755483714
85,35,0.34746715841594294,-0.9689849343747541,0.46801814480091314
86,35,0.4666369110707936,-0.9781100663266242,0.469393499970546
87,35,0.5793252863001052,-0.98717240196549,0.4756202182393045
88,35,0.6847928161582372,-0.9965784762798315,0.481369507612812
89,35,0.7827710819477905,-1.0069537060923959,0.4880191479642368
90,35,0.8732322531827079,-1.0187893664864527,0.49702847690475477
91,35,0.9563827903557526,-1.032327812274454,0.5141862549357258
92,35,1.0325991907947591,-1.047758175139177,0.523421512862313
93,35,1.1022637132992799,-1.064889270628879,0.5353694463263684
94,35,1.1659119387228238,-1.0832736248756785,0.5522598886400873
95,35,1.2239917117769776,-1.1026554724558137,0.5656952793618393
96,35,1.2767963916271619,-1.1223513469787993,0.5719024503513452
97,35,1.32495811795799,-1.1419336677633707,0.5846410769193613
98,35,1.3684612011293362,-1.1609008148647926,0.5872137177693427
99,35,1.4075851641604737,-1.1790440631236179,0.588838580995256
100,35,1.4422151742942961,-1.1967321456021704,0.5714687760910904
101,35,1.4725063770426703,-1.2144130780861802,0.5545581852930186
102,35,1.498122352922597,-1.2329703165427315,0.5417462560463837
103,35,1.519111824381923,-1.253407860926835,0.5235565876103222
104,35,1.535317713754426,-1.2767143824651133,0.5051286487333538
105,35,1.5465780100825397,-1.3037538189080904,0.48982968546016653
106,35,1.5530089590763638,-1.335000335555071,0.4878214017990469
107,35,1.5548254718942236,-1.3708191054596413,0.48477492236496555
108,35,1.552156299790971,-1.4107446245847972,0.48945801970364405
109,35,1.5456214449692862,-1.4540445624734744,0.5016447399932336
110,35,1.5358680917246605,-1.4994241913928115,0.5151998418623189
111,35,1.5236452383626713,-1.5454761551177245,0.5372409515737874
112,35,1.509931544569621,-1.5907038709750778,0.5586895644282559
113,35,1.4959498640473898,-1.6338242908833407,0.5710611053542869
114,35,1.4825970080476076,-1.6736929430463947,0.5871659583085083
115,35,1.4711386116401053,-1.7095233567408756,0.6023439400319599
116,35,1.4627589348809715,-1.7407713861153855,0.6115071944587573
117,35,1.4583992928790899,-1.7675773495477636,0.6186672612879812
118,35,1.4590252981674137,-1.789874563646671,0.6335107204070902
119,35,1.4654084121789797,-1.8080545391458873,0.6458191548773323
120,35,1.4778855765238148,-1.8221451813483405,0.669829751635325
1,36,-1.9195077392133424,0.12877146607257825,0.26067390707729476
2,36,-1.892000265913211,0.11204808942385822,0.3005478678964865
3,36,-1.8560978376078718,0.09409639106952923,0.32107170669764107
4,36,-1.8118332056749022,0.07470407982587253,0.33370181177479485
5,36,-1.759562402744864,0.05318716260236824,0.33941022825150824
6,36,-1.6996379150284537,0.0291284556533306,0.3502137640841968
7,36,-1.632439523336624,0.0018647777396861988,0.3519791749800147
8,36,-1.5585161730633657,-0.02911461816015397,0.3569160759885911
9,36,-1.4783093640418694,-0.06418352308937657,0.36526439459763016
10,36,-1.3925948222229074,-0.10324084156610167,0.3788825900456908
11,36,-1.3019145707679152,-0.14603543667817773,0.3842827270835435
12,36,-1.2071701843135574,-0.19198760564684342,0.4062047495850941
13,36,-1.109073492043997,-0.24012322552767706,0.43331767946625327
14,36,-1.0086212509351833,-0.289355610370714,0.45224551946878216
15,36,-0.9064672904894234,-0.33855771062409323,0.4758818379905913
16,36,-0.8037613461637024,-0.3865057704670538,0.4985365359894216
17,36,-0.701345889187196,-0.4321531023717273,0.5228690564576159
18,36,-0.6001958809594211,-0.47466289885350177,0.5410339984123985
19,36,-0.5012407443895542,-0.5135210505073496,0.5542962825307385
20,36,-0.40532131979650715,-0.5486977242801261,0.5584684374303178
21,36,-0.3132964878691518,-0.5802649712001703,0.5644974571951541
22,36,-0.22594626904552234,-0.6087643105893118,0.5713719835016792
23,36,-0.14395543432914598,-0.6343981022213636,0.569148568826038
24,36,-0.0677369795033779,-0.657882068927904,0.5736737471018338
25,36,0.0024695204060346727,-0.679561129125811,0.5755170788460695
26,36,0.06622760222156006,-0.6996387607022698,0.5747708010385599
27,36,0.12366978469711967,-0.7181048164295526,0.5754533059709912
28,36,0.17490856385290432,-0.7348919708789485,0.582738193558009
29,36,0.22011546052921738,-0.7497440389526205,0.5896286610114448
30,36,0.2597606069030207,-0.7622120822916482,0.594031220049791
31,36,0.2944177807176578,-0.7722945104338057,0.590548786163618
32,36,0.32450435245957393,-0.7797214720700312,0.5843668506179265
33,36,0.3507229307319646,-0.7843025697751802,0.5841915512927975
34,36,0.3735786028163204,-0.7860422383809331,0.5854846190864308
35,36,0.39365390513757,-0.7850565279608279,0.5744803289927737
36,36,0.4115275381258591,-0.7815084022149226,0.578158064036293
37,36,0.42741890873076815,-0.7754919280092987,0.571043407821205
38,36,0.44161810716067834,-0.766912325101931,0.5739965262159117
39,36,0.4541580014393646,-0.7556911689947547,0.5836338337762299
40,36,0.46500909779450744,-0.7412360865911501,0.5857880410137325
41,36,0.4738470994908223,-0.7231819226484634,0.5947154251996296
42,36,0.48039253287684214,-0.7008642660148248,0.5919906314507198
43,36,0.48403240844132756,-0.6736064468027435,0.5955941716093147
44,36,0.4840936297245632,-0.6407899589649616,0.5890639574487981
45,36,0.4800511245819743,-0.6022261059633687,0.588839438064886
46,36,0.4709389400416385,-0.558212746796815,0.5728987469818323
47,36,0.4561767607434579,-0.5094158976932481,0.5492345776603937
48,36,0.4349868677975928,-0.45697388753987594,0.5320741003678549
49,36,0.40675897068758393,-0.4025409548488422,0.5010867946274608
50,36,0.3709144525968516,-0.3483515606388845,0.46907932904764404
51,36,0.32711739192689937,-0.2964739715335348,0.43883887226785706
52,36,0.2750090594042738,-0.24913781371441887,0.4068410299099785
53,36,0.21456410878115967,-0.20834493446690117,0.38878771311613947
54,36,0.14604743369137324,-0.17578918381729308,0.3708921268933896
55,36,0.06987381034672376,-0.15249269080150177,0.3579818559276377
56,36,-0.013475222742246384,-0.13918615418003624,0.35508516750973956
57,36,-0.10303405839252289,-0.13592886652928188,0.35625679702827356
58,36,-0.1975749525103931,-0.142494551194156,0.36932988866483585
59,36,-0.2958555477252478,-0.15831419382992545,0.37295104169238047
60,36,-0.3960389830039299,-0.1823681615423203,0.38050614225332086
61,36,-0.496470601715954,-0.21375412894110452,0.3957335864765147
62,36,-0.5951142159835832,-0.25129671579018303,0.41364898299498903
63,36,-0.6898128369053712,-0.2939236450863847,0.4187535392480432
64,36,-0.7784276285894803,-0.34035072984038683,0.4332949345412817
65,36,-0.8587838481556251,-0.3893263038437296,0.4446827417613028
66,36,-0.928795992421245,-0.4396289279598956,0.4535476900033028
67,36,-0.9863848883517651,-0.49012023695842993,0.4616262026395392
68,36,-1.0297869742632284,-0.5396645734559513,0.46942080759924953
69,36,-1.0575979566104001,-0.5872812428276556,0.47595897778897384
70,36,-1.0686854070168894,-0.632366056403212,0.48512243508338254
71,36,-1.0623624247715913,-0.6743542653126365,0.4878123305528029
72,36,-1.0382351133889667,-0.7127938012052737,0.48289197592676336
73,36,-0.9965818578547363,-0.7476572711906124,0.4794485429247111
74,36,-0.9379390583363049,-0.7789983086391268,0.47613423583309383
75,36,-0.8635261446003515,-0.8069407627661613,0.4693592484512325
76,36,-0.7747399610087393,-0.8317733101538017,0.4697609055868358
77,36,-0.6733326019196022,-0.8535743127634915,0.4711098095294265
78,36,-0.5614707028411396,-0.8726034004400872,0.46096986351728847
79,36,-0.44130943616316615,-0.8891111227566938,0.4556101164972296
80,36,-0.31528811863217526,-0.9030902633334149,0.4624452463564764
81,36,-0.18568760259662861,-0.91481910896948,0.45909027012504494
82,36,-0.05476139638983539,-0.9244739762780297,0.4578375203215296
83,36,0.07530645741054298,-0.9322385710726989,0.455726853014951
84,36,0.2027869595354618,-0.9383453092014403,0.4539098196132259
85,36,0.3259286785297988,-0.9432117546737857,0.4498365112102646
86,36,0.44361398059683677,-0.9475958902531112,0.45446744791991334
87,36,0.5549790291539222,-0.9519840203206789,0.4558419864471497
88,36,0.6592603051130553,-0.9568992366661704,0.45727947715313116
89,36,0.7561457633410072,-0.963109933879679,0.4559581746423544
90,36,0.8455807832571601,-0.9712424840027368,0.4577435523577222
91,36,0.9277234318388479,-0.9816712629496241,0.4751907146090314
92,36,1.0028893242028227,-0.9946626173044987,0.4911884439591236
93,36,1.0714378664620785,-1.0100588638336332,0.5006908191640081
94,36,1.1338396818849583,-1.0273832014106683,0.5169374972563697
95,36,1.190511042345153,-1.0463081532064977,0.5397941471279921
96,36,1.2417085364105396,-1.0660088319869625,0.5518111751573124
97,36,1.2880231349116724,-1.085905355127207,0.5622143793061278
98,36,1.3294206520258276,-1.1053264491625037,0.5667981376674185
99,36,1.366170488099821,-1.1238999488428336,0.5640699915518304
100,36,1.3981534001751224,-1.1418693695329287,0.5581712247561584
101,36,1.425537833997166,-1.1595872106498157,0.5444754755239886
102,36,1.448004748168074,-1.1778959286793804,0.5311449074989791
103,36,1.465629615425621,-1.1977810970694034,0.5137031623494769
104,36,1.4782982484199898,-1.2202469055152565,0.49853134629026163
105,36,1.4858988368561057,-1.246178648204947,0.48365653144249116
106,36,1.4886059050836884,-1.2760935075116215,0.4791086316728697
107,36,1.4866771638764744,-1.3103571872111892,0.47382661499309225
108,36,1.4803082610199707,-1.3485244634475473,0.4844146144206539
109,36,1.4701735763828607,-1.389859247214578,0.49185811889667375
110,36,1.4569732035583993,-1.4330586197163302,0.5125846355901634
111,36,1.4414999433838076,-1.4767135922003496,0.5259595931137798
112,36,1.4247760861241945,-1.5193442549474785,0.5454353327031123
113,36,1.4080563070065375,-1.559707365529628,0.5609540248909554
114,36,1.3922717196089855,-1.596734471860715,0.5675601429182346
115,36,1.37869429626772,-1.629745358144586,0.5847016555956019
116,36,1.3685399796375486,-1.6583181302588623,0.5920523895502999
117,36,1.3627495800385627,-1.6827388690629934,0.5908345374935864
118,36,1.362298028163512,-1.703073043933153,0.6083385624013968
119,36,1.3679630623017445,-1.7198380889932192,0.6195273533045247
120,36,1.3800826514125029,-1.7331425140301326,0.6433164171944876
1,37,-1.9372974340215925,0.16922006946198292,0.27039854933600865
2,37,-1.9101213604554026,0.15202425605555336,0.3129326052366619
3,37,-1.874857277868749,0.13314270730862088,0.33953410069622564
4,37,-1.8315128299653511,0.1123897777993064,0.34773615729047874
5,37,-1.7803887124941344,0.08911512914630823,0.36818337490085223
6,37,-1.7217840066766221,0.06295446710882922,0.3672265916011147
7,37,-1.656011102211861,0.03333910322846844,0.3774047567904761
8,37,-1.5835322066185011,-0.00015066260179680404,0.3734793181890914
9,37,-1.5047151906466187,-0.03775770758603651,0.39094745232550177
10,37,-1.4202503830098865,-0.07922316559858607,0.40490127727723246
11,37,-1.3305947141008774,-0.12414164777903723,0.4184371375987634
12,37,-1.23658579796209,-0.17175728173266977,0.43490310259033305
13,37,-1.13885841542224,-0.22094275122457174,0.4582990722645041
14,37,-1.0383677197318941,-0.2704733938184038,0.48527563785152766
15,37,-0.9357268752904295,-0.3191539873053393,0.5014199548232956
16,37,-0.8320567476635522,-0.36575283053264257,0.5192392653384623
17,37,-0.7281922959142937,-0.40928015101514664,0.530815643666617
18,37,-0.6251201074333534,-0.4490326155008096,0.5451574968490834
19,37,-0.5237970251469711,-0.4847018145769994,0.5517576721755519
20,37,-0.4251000197006872,-0.5164840200718973,0.5466826463539003
21,37,-0.3299520803242485,-0.5447056639952468,0.554492014458713
22,37,-0.23920104293772876,-0.570144041520991,0.5458909735163754
23,37,-0.15360314893032379,-0.5932063182940455,0.5432654285945527
24,37,-0.07366995684663688,-0.6147340861203099,0.5358697590551545
25,37,0.0002615300072515039,-0.6351407704333681,0.5354802466176214
26,37,0.06768090607495438,-0.6546149723895671,0.5389807570849156
27,37,0.1286143611081581,-0.673078977930515,0.5468019994367607
28,37,0.18309461234298582,-0.6903622515252705,0.5461542252647632
29,37,0.23121040419063446,-0.7060839606355275,0.5489523835251735
30,37,0.2733651330709162,-0.7197003234396883,0.5585372675580135
31,37,0.31007942824968004,-0.7311367034744793,0.5579931296024742
32,37,0.3417287406199287,-0.7401292924649686,0.5601516413661254
33,37,0.369006857530835,-0.7465269693790301,0.5563171302710729
34,37,0.3924152048642574,-0.7504478240669441,0.5573254642668118
35,37,0.4125493537234908,-0.7521233743457427,0.5485428220560158
36,37,0.43002696728623807,-0.7518456449374948,0.5477717235424359
37,37,0.44512366648993795,-0.7498165311235139,0.5481820055001847
38,37,0.45819610880732536,-0.7459569146336044,0.5473783772234371
39,37,0.4693557103343472,-0.7401395904152588,0.5635070035039847
40,37,0.4786734196827068,-0.7316348477307516,0.5710344810688688
41,37,0.48592100786486325,-0.7198697573602858,0.583084187635914
42,37,0.4909188022120339,-0.703886039608271,0.5974445973610025
43,37,0.49314997464855703,-0.6827096946168059,0.6098194849906106
44,37,0.4920356062193459,-0.6554039468242815,0.6118742034695246
45,37,0.4871432382105318,-0.6215052575910494,0.6099157783259865
46,37,0.47756914284446833,-0.5811015097849186,0.5969422875260905
47,37,0.4627926897207346,-0.5347341362104255,0.5799737848273978
48,37,0.44206590839545357,-0.48351271957346886,0.5555274174700242
49,37,0.4147977300903275,-0.42915044679026804,0.5258843739518383
50,37,0.3803988833692732,-0.3740215354882425,0.49356103136389545
51,37,0.3385064666559913,-0.3204061173958246,0.45778205440390735
52,37,0.28872043869783326,-0.27078511094134,0.4287154026937836
53,37,0.23093452581484963,-0.22742804236082562,0.4032201175311837
54,37,0.16532987303409727,-0.19228234640674896,0.3861323136422289
55,37,0.0922299505823517,-0.16659746775384487,0.3750688623322031
56,37,0.011999980263432715,-0.1512931628284151,0.37129576882763965
57,37,-0.07449858616178276,-0.14654559186720148,0.3703990674940823
58,37,-0.16615438125415866,-0.1521994141761724,0.3715902238820372
59,37,-0.2618160229219762,-0.1677063215250346,0.38129119450984356
60,37,-0.35974900428960904,-0.19200864628461123,0.393430828216199
61,37,-0.45838994148974244,-0.2241429037643657,0.40435716689597606
62,37,-0.5557540902830822,-0.2628520990816912,0.4217898901041228
63,37,-0.6497366286798162,-0.3069741682659439,0.44392950392820335
64,37,-0.7382325206526075,-0.3551067795916833,0.45884356806591914
65,37,-0.8190572507188114,-0.40589959836850037,0.4649862517210296
66,37,-0.8901249352585747,-0.45801075478055914,0.47498234541541046
67,37,-0.9493272422549489,-0.5101832831207467,0.4909506550997667
68,37,-0.994844871090847,-0.5611685882515085,0.493688769927394
69,37,-1.0252241128081814,-0.6098679789892584,0.5125640907221316
70,37,-1.0392538876059438,-0.6555702173717671,0.5075997288862908
71,37,-1.0361901823417847,-0.6976285022996049,0.5093343253419171
72,37,-1.0155598379320758,-0.7355279126617371,0.5031120666161152
73,37,-0.977561327539252,-0.7692201871073081,0.49872330112671526
74,37,-0.9226677067511126,-0.7987911247587552,0.4962876373608573
75,37,-0.8520216636465016,-0.8244115794016456,0.4871447952350253
76,37,-0.7669747595488277,-0.8464667871207833,0.47834482550541196
77,37,-0.6692248106037162,-0.8651150618624923,0.47820059658541675
78,37,-0.5608882960928472,-0.8807098135796244,0.4701706148612505
79,37,-0.4440967039665669,-0.8935686463181328,0.46038731181290377
80,37,-0.32126073388144244,-0.9037272293187681,0.4537490963114212
81,37,-0.194646648119304,-0.9114792255673227,0.453023716158422
82,37,-0.0664888614258747,-0.9169794868281667,0.4519027929060982
83,37,0.06103524867343482,-0.9204052125595122,0.4449922190669433
84,37,0.1861816584579361,-0.9219643157043776,0.4415530021265487
85,37,0.30720091532182286,-0.9221018690127002,0.44257938664668356
86,37,0.4229619270496947,-0.9216093917476311,0.4336939330647584
87,37,0.5325747631477048,-0.9210703610732497,0.4316802332964423
88,37,0.635257206465256,-0.9211285848253529,0.42586203170187975
89,37,0.7306591625608029,-0.9227058607688121,0.4302344639518059
90,37,0.8187024832812402,-0.9265776149520816,0.4299811226593276
91,37,0.8995014493549558,-0.9332676795104164,0.4398776232894936
92,37,0.973313478681196,-0.9431446619233931,0.4571116600835706
93,37,1.0404779459466196,-0.9561163296240107,0.47112050761318525
94,37,1.101402451290688,-0.9717126314004575,0.49033258069686625
95,37,1.156474031823562,-0.9895738808210116,0.5089608488725251
96,37,1.205914777731837,-1.0087768605892844,0.5209696847472226
97,37,1.2502737133319,-1.028626219807946,0.5326387370033275
98,37,1.28949991973631,-1.0483131156499002,0.5491863738931181
99,37,1.3238531122666535,-1.067317796763002,0.5486664654107568
100,37,1.3532092457684182,-1.0857572471659604,0.5454330319238506
101,37,1.3777492968059477,-1.1038694268856357,0.5398830553746748
102,37,1.3971716787433084,-1.1224192929449741,0.5303050708373553
103,37,1.4115760031948883,-1.142321324884616,0.5076026331381709
104,37,1.4208893239649985,-1.164535465498587,0.4969437592059675
105,37,1.4250474839340677,-1.1899085477535094,0.4886748144156338
106,37,1.4242794631618876,-1.218946224706712,0.4844011061843025
107,37,1.4188811098940477,-1.2519719778571137,0.474238733148969
108,37,1.4091106090001768,-1.2885349445372614,0.4871101031012356
109,37,1.3956913548563754,-1.3278888467805663,0.49056393015771244
110,37,1.3793687291531136,-1.368732298473658,0.5079918378251628
111,37,1.360972724875477,-1.4096786912388393,0.5249261455650039
112,37,1.3415634094554743,-1.4492986458890005,0.536471478316903
113,37,1.3224171438067973,-1.4864272868501593,0.5521281647332738
114,37,1.3044936874676745,-1.5201111549857453,0.5555014028747051
115,37,1.2890644850693342,-1.549811880811591,0.5625234656463199
116,37,1.277369333076862,-1.5752614917473418,0.5752931441851356
117,37,1.2703436165574273,-1.5969147271513298,0.5759042439882371
118,37,1.2689656132328022,-1.6149862414590275,0.573605131418273
119,37,1.2740146482945593,-1.630131116045175,0.5965683934082897
120,37,1.2858292714121369,-1.6425465058468913,0.6167114138904265
1,38,-1.9537789505817897,0.20829471902572266,0.28743373322102256
2,38,-1.9268698403133342,0.19077638096383578,0.3321415088307112
3,38,-1.8921183103343682,0.1712488111947019,0.35697399639629035
4,38,-1.8495129274137034,0.14951950095695665,0.3750333744980707
5,38,-1.7993063442768815,0.12493320955673749,0.3836678479784505
6,38,-1.7417536507388498,0.09713388282071043,0.3953174373900172
7,38,-1.6771113978182615,0.06561034595680729,0.4002922118113061
8,38,-1.6057673427891408,0.030006233704140642,0.4112710791952314
9,38,-1.528026995347986,-0.009804999393659397,0.41901044871636534
10,38,-1.4445069911189443,-0.053408127014222345,0.42936477934076506
11,38,-1.355589171152602,-0.1002347510865965,0.4545492174004965
12,38,-1.262055760817441,-0.14933388707139378,0.4728773379143549
13,38,-1.1644708777077306,-0.1994095558233887,0.4916937355422156
14,38,-1.0637516308846322,-0.24908332768914113,0.5130160091692303
15,38,-0.9604739136373197,-0.29708326701409943,0.5260610330369673
16,38,-0.8557282189174725,-0.34216976411992717,0.5441772718770563
17,38,-0.7503389236796228,-0.3834149376221628,0.5449838075519778
18,38,-0.6452999370711582,-0.4202587551145389,0.5527344940923307
19,38,-0.541590045229749,-0.4526084510717758,0.5501847730771839
20,38,-0.44011532609032944,-0.48089088574506983,0.5467443846621145
21,38,-0.34185684054620735,-0.5056885972041804,0.5339495612262198
22,38,-0.24772354990484102,-0.5280115309465467,0.5230460707382623
23,38,-0.15853720329536386,-0.5484660846148587,0.5207548086637789
24,38,-0.07490396197060445,-0.5680132882932497,0.5090286312097134
25,38,0.002744057319440139,-0.5871321631935795,0.5083133646171984
26,38,0.07382364031003531,-0.6059998310100689,0.49982570036490226
27,38,0.13825361989585574,-0.6244803389801993,0.5167478554630097
28,38,0.19598276311393115,-0.6423139913736253,0.5145057380408486
29,38,0.2470129142794581,-0.6590098567432154,0.5185709575647767
30,38,0.2916747422909361,-0.6739403776226741,0.5243487555832457
31,38,0.33042764905997274,-0.6869612329986734,0.5285246601604037
32,38,0.36359847521324146,-0.6978079599143919,0.5213228598074064
33,38,0.39186411661251364,-0.7063470903848417,0.5242234376573393
34,38,0.41571505333736786,-0.7127833457750857,0.5276903941226063
35,38,0.43575461986570113,-0.7174267673863551,0.5227342983077042
36,38,0.45263363539516194,-0.7206649021104141,0.5255816976587099
37,38,0.46668375036815524,-0.7227788089030334,0.5245650631410219
38,38,0.4783275407295452,-0.7236906570697113,0.5351878204933246
39,38,0.4877568284988979,-0.7232259857890158,0.5478478930258291
40,38,0.4951486309629798,-0.7205343437854123,0.5658967246526205
41,38,0.5003780978810833,-0.7148639253074003,0.581883278073634
42,38,0.503373247218729,-0.705002660066294,0.6060668766109112
43,38,0.5037250611879056,-0.6897166781576873,0.6163362166854933
44,38,0.5009618605873264,-0.6677831980677207,0.6308604816057579
45,38,0.4947558704454233,-0.6384823886545059,0.6333392238050268
46,38,0.48428018432939396,-0.6016952234634975,0.6297254660522373
47,38,0.46908477498525597,-0.557824263781441,0.6125967162008543
48,38,0.4484655452100854,-0.5079229988670562,0.5888526827522231
49,38,0.4218608904400922,-0.4537271333105699,0.5628405213944024
50,38,0.38867986739439925,-0.3977113710743746,0.5228066379128339
51,38,0.3485394759151464,-0.34233697363474097,0.48786214337848055
52,38,0.30100450457499267,-0.2903147787655065,0.4516406236719717
53,38,0.2458881099546145,-0.24417609591851494,0.4199040190615263
54,38,0.18328900006630344,-0.20613338421677443,0.3979539131449476
55,38,0.11343655583391991,-0.17768815156535359,0.38244798290726595
56,38,0.036575657494398284,-0.15998445495080352,0.37401943277417143
57,38,-0.04654417992390663,-0.1533557039229598,0.3779359250279887
58,38,-0.1349360448952982,-0.15775584865007292,0.37855019408954704
59,38,-0.22754928446622683,-0.17268978601352925,0.3925528264975448
60,38,-0.3227640341629477,-0.19708422319031893,0.4046732700883
61,38,-0.41911857333484204,-0.22992595140571034,0.42267738942982763
62,38,-0.5146911608650303,-0.2698735254000636,0.4334043685352267
63,38,-0.6074428559829808,-0.3156649618226969,0.453166313615787
64,38,-0.6953142205473727,-0.3657636037485623,0.46936885757885216
65,38,-0.7761210463071715,-0.4186983249694092,0.48720009124500097
66,38,-0.8477876326033443,-0.47298921347187756,0.5001149979161115
67,38,-0.9081865068843645,-0.5272433097943903,0.5117663629365634
68,38,-0.955450007693134,-0.5800877920134594,0.5206994888407782
69,38,-0.9880814391521368,-0.6303031784768643,0.5290551171006055
70,38,-1.004796679289014,-0.6770704281048425,0.5313703084858061
71,38,-1.004798286896714,-0.7196638240632042,0.537549436981123
72,38,-0.9875359284615718,-0.7575114286787188,0.5295255086779318
73,38,-0.953129579405568,-0.7905510783960913,0.5250028066856584
74,38,-0.901987684361718,-0.8189041170271084,0.5135277286764233
75,38,-0.8351748375659397,-0.8427870512739453,0.5060287467019785
76,38,-0.7539935674779576,-0.862676190132089,0.4949297578800788
77,38,-0.6600844234886593,-0.8788013298532564,0.48708654222217473
78,38,-0.5555083420527983,-0.8915941966304124,0.47804155135591436
79,38,-0.44236715424298656,-0.9014219905235215,0.46920671399590563
80,38,-0.32303674927268206,-0.9083439896724292,0.46748538507247384
81,38,-0.19976230367468806,-0.9126480349034377,0.4556435763001405
82,38,-0.07475249567495748,-0.9144502251119171,0.450457935835324
83,38,0.049829682620789434,-0.9139038045832124,0.4510622587735349
84,38,0.1722311272760573,-0.911181113479452,0.43859888118742657
85,38,0.29071247345417384,-0.9067440689797305,0.43167945790438744
86,38,0.4041344779119282,-0.9014117861373521,0.4228715830238388
87,38,0.5115880195390232,-0.8958607162879461,0.4195125174351128
88,38,0.6122776051717976,-0.8908533693273315,0.4124696516727304
89,38,0.7058212579567373,-0.8874672955340556,0.41493037711930625
90,38,0.7921211243128256,-0.8866319862883799,0.4100028546014405
91,38,0.8712529694817616,-0.8890300379243258,0.4197927383498009
92,38,0.943419868546313,-0.8951515978945017,0.42543333700543445
93,38,1.0089445863447584,-0.9049979488943193,0.4362661124447074
94,38,1.068175007063362,-0.9181411739100817,0.4543272345953182
95,38,1.121472047235614,-0.9342307475401946,0.4726686845651687
96,38,1.169026697092977,-0.9522931441999998,0.49516072215394985
97,38,1.2113463016153634,-0.971561186373678,0.5088513180386015
98,38,1.2483657681763964,-0.9911288419334334,0.528151124042791
99,38,1.2803362097827211,-1.0103542636233231,0.5309061804105784
100,38,1.3071289198620437,-1.0292361861143124,0.5309946316856914
101,38,1.328936781544891,-1.0478889167438676,0.528996079907934
102,38,1.3454757638348778,-1.066972399617443,0.5203219443181499
103,38,1.3568667043175067,-1.0872862116562079,0.5076091073572366
104,38,1.363075598304468,-1.1096937701801979,0.4982370942123236
105,38,1.3640827675179392,-1.1349491827362765,0.49327834933027537
106,38,1.360166485825515,-1.1634953865076427,0.48479050533994716
107,38,1.3516552024471158,-1.1955725926241172,0.4861634924661304
108,38,1.3388637304953719,-1.230697607321865,0.4879779865500663
109,38,1.3225578346403928,-1.2681043813421657,0.49984721726836145
110,38,1.3035190722279117,-1.306498189270796,0.5047932187366275
111,38,1.2826066797739089,-1.344532270724102,0.5186026892168454
112,38,1.2609112609023432,-1.3808546086137183,0.5328143113685733
113,38,1.23971954966068,-1.4144095974546709,0.5404323852769691
114,38,1.220013108864343,-1.4443899035115357,0.545365780663086
115,38,1.2030552368160508,-1.4704270062441307,0.5480793384857119
116,38,1.190100699362023,-1.4924316376786586,0.5506464647048612
117,38,1.1820739793581623,-1.5110436962613938,0.5444666921063934
118,38,1.1799502456850013,-1.5266393172986998,0.5501256764984345
119,38,1.1845052919156522,-1.5400188385759042,0.5590787554118771
120,38,1.196077530907418,-1.5514732324262193,0.5843630437319633
1,39,-1.9691976354825473,0.24797015087716884,0.31204440580123766
2,39,-1.9424882642516281,0.23031360838395679,0.3588680573381575
3,39,-1.9081181362908268,0.2104887224946145,0.38397144025459534
4,39,-1.8660628851635443,0.18825523445310058,0.39739200021398335
5,39,-1.8165348854190408,0.1629042562601741,0.4118937641128855
6,39,-1.759754907687431,0.13403145092102411,0.4185937596284418
7,39,-1.695935683947092,0.10113192036289101,0.4261697419489959
8,39,-1.6254034892582758,0.06387167113164882,0.4372628668985678
9,39,-1.5484133149420165,0.02221243719319673,0.45556883140979193
10,39,-1.4655205689353148,-0.023287405412480266,0.46573582678791325
11,39,-1.3770426350636271,-0.07189660272484347,0.48848272892820627
12,39,-1.2837155259331923,-0.12245594561321395,0.5114356681782537
13,39,-1.1860400118617733,-0.1734873664335656,0.5270530781558885
14,39,-1.0848991298931383,-0.22344091699455965,0.5411217976499126
15,39,-0.9808354622212837,-0.2709526786096048,0.5566682574247658
16,39,-0.8749081401664174,-0.3147638590990683,0.5630930818173285
17,39,-0.76792837908259,-0.35399934124620897,0.5669281248715592
18,39,-0.6608931806754249,-0.3882351881748278,0.5610317459580892
19,39,-0.5547978760804215,-0.4175855991982555,0.5505465559118716
20,39,-0.45057071874260235,-0.4426946342610167,0.5343180499842687
21,39,-0.3492445355835443,-0.46438610881210873,0.5174164775757228
22,39,-0.2517821762321171,-0.4838862249709755,0.5079279761450125
23,39,-0.15906466525903107,-0.5019853593696899,0.49222198229347497
24,39,-0.07178799968133898,-0.5197527784936598,0.4821953447049636
25,39,0.009523753050038629,-0.5377298555067634,0.4772044059377734
26,39,0.08421640689467391,-0.5560893495527031,0.47145352542601215
27,39,0.1521014767024188,-0.5746527537869363,0.47528717302625173
28,39,0.2130404583109456,-0.5930935238232665,0.4826837092688823
29,39,0.26694513288734617,-0.6108341580861062,0.48679874793833383
30,39,0.31406841671184643,-0.6271817805878743,0.49469287128372375
31,39,0.3548012212038489,-0.6419312341910057,0.49559230780998703
32,39,0.3894158685668519,-0.6548131943026967,0.4957744883987639
33,39,0.4185647476588103,-0.6656908119293258,0.49748143678211637
34,39,0.4427204612691834,-0.6748256592620491,0.5013665051004759
35,39,0.46248920603448146,-0.6825665729937535,0.5036776783740029
36,39,0.4785491108764154,-0.6893599493033173,0.5090046917503696
37,39,0.49128744012311276,-0.6955349125425103,0.516446908440522
38,39,0.5011916735672586,-0.7010021009288605,0.5261728034918991
39,39,0.508535505323393,-0.7055450453464235,0.5448610442665612
40,39,0.513606774758345,-0.708216671917842,0.5667367774300821
41,39,0.5163905855627517,-0.7081251158975277,0.5915115558754144
42,39,0.5169297131992604,-0.7038571845969452,0.6229999930252943
43,39,0.5149337151685033,-0.6939690947980538,0.6362563116842368
44,39,0.5100503277200908,-0.6769968706680127,0.6569883979334011
45,39,0.5020676290210115,-0.6519927715227805,0.6557043424876086
46,39,0.4902494899483871,-0.6186415895313409,0.6631519555432102
47,39,0.47422686779626433,-0.5771967847860616,0.6487533185687295
48,39,0.4533531931023503,-0.5286287279106346,0.6231551761534985
49,39,0.4271062984497515,-0.47465628822580924,0.5931130657546074
50,39,0.39490261797502985,-0.4178093648446693,0.5591489149752803
51,39,0.3563459940400183,-0.3606915328207616,0.5202619542929121
52,39,0.31097240722790914,-0.306212444471798,0.47944830393228266
53,39,0.258515544636513,-0.2571493930457611,0.44151019460999863
54,39,0.19899357055010236,-0.21598129141275516,0.41745420452094606
55,39,0.13253965931537728,-0.18447782932361548,0.4004050593817784
56,39,0.05927534002047143,-0.16403448761289835,0.38654214855944874
57,39,-0.020168956321450895,-0.15517700637366713,0.38268023107656707
58,39,-0.10493790822448966,-0.15800354192013796,0.38496267311604737
59,39,-0.1940906324249125,-0.17210270338913156,0.39488507663733646
60,39,-0.28613349358033857,-0.1964086560691963,0.4105258314623672
61,39,-0.37971615662728353,-0.2298718962992817,0.4284018876815938
62,39,-0.4729912659253801,-0.2710671476406358,0.4418402144296989
63,39,-0.5639989783516877,-0.31862702374983615,0.46214844277635986
64,39,-0.65073702910391,-0.37087028395993793,0.4873116039961947
65,39,-0.7310320101188258,-0.42618947673609553,0.5020271558599233
66,39,-0.8028288737116894,-0.48295618643906313,0.5185271746397744
67,39,-0.8639912389443627,-0.5396316330367853,0.5385002111367433
68,39,-0.9126110344741722,-0.5947146344936671,0.5506214918341986
69,39,-0.9471553706608029,-0.6468684164993661,0.555170122192397
70,39,-0.9662733740621965,-0.6951699937291521,0.5572842979575591
71,39,-0.9691180491512823,-0.7388205039219805,0.5603734508972416
72,39,-0.9550646832718306,-0.7771964914291074,0.5564854323090542
73,39,-0.9241567571941631,-0.8102256164998299,0.5529827454122935
74,39,-0.8767369842197085,-0.8380618445232275,0.5414032823503402
75,39,-0.813791310460051,-0.8609584885164127,0.527619355692124
76,39,-0.7365695948516149,-0.8794687713576747,0.5193133071810109
77,39,-0.6466525466443787,-0.8938777899125017,0.5030561948033141
78,39,-0.5460405696030919,-0.904674140780841,0.4977765482534759
79,39,-0.43679986071097676,-0.9122541340301263,0.4843528553088053
80,39,-0.3212657540352641,-0.9166813145801367,0.4763758258164497
81,39,-0.20165597325268392,-0.9182192838573386,0.4688888597028336
82,39,-0.0801470654630468,-0.9169324890084057,0.4647852322162488
83,39,0.04111974057276665,-0.9129379606912932,0.4571122287005982
84,39,0.160388267876303,-0.9063650601019441,0.44715316123917875
85,39,0.27593707352789903,-0.8976833646793075,0.4315646019730825
86,39,0.38662397514065044,-0.8877323057564362,0.4327710962410494
87,39,0.49152771257381267,-0.8772718031785631,0.4166235549467296
88,39,0.5898448005612669,-0.8671735903995577,0.4066326344252651
89,39,0.6811678190058512,-0.85866370639992,0.39766457088942325
90,39,0.7653833282041248,-0.8528204763428165,0.3947731994250339
91,39,0.8425341238355731,-0.850485353916393,0.3950128563855592
92,39,0.9127736476385357,-0.8522823391501521,0.39887660192952284
93,39,0.9764117387034381,-0.8583292247245504,0.41741967720216305
94,39,1.0337409268611386,-0.8682739083365413,0.43304773573793354
95,39,1.0850996673278586,-0.8818170984620209,0.4553715768907248
96,39,1.130651986804987,-0.8979866427728648,0.4765483666642276
97,39,1.1708647998171227,-0.9159928439099003,0.4895531367021255
98,39,1.2056620220240393,-0.9348800616723945,0.506301187624944
99,39,1.2352877216352347,-0.9539190140134962,0.5141122068182593
100,39,1.2596091793770383,-0.9730079949251486,0.5230508557789244
101,39,1.2788307361882558,-0.9921392716112094,0.5153939611166157
102,39,1.2926860984635338,-1.0118506646159746,0.5106741054936773
103,39,1.3013142026478595,-1.0327940649310996,0.5038940390370601
104,39,1.304717303183547,-1.055694051787323,0.50129931452779
105,39,1.3029164595314302,-1.0811660976739221,0.4899324418856284
106,39,1.2962330673871698,-1.1095451877372549,0.49149666287513494
107,39,1.2850220335123432,-1.1409511564508765,0.49514257920284044
108,39,1.2696477337981502,-1.1748425411122054,0.4966376217158979
109,39,1.2509106184934953,-1.2104215930347038,0.510806786633924
110,39,1.2296183144892259,-1.2464006301090564,0.5135091727464474
111,39,1.2066503617629054,-1.2814828994600085,0.5220658798061621
112,39,1.1831196029647977,-1.3144115995438175,0.5321779014860651
113,39,1.1603110965998282,-1.3442613001180366,0.5349159563135697
114,39,1.1392205444034482,-1.3703910836818156,0.5368468000074639
115,39,1.1210950521914047,-1.3926193564709008,0.5359847241337852
116,39,1.1071947746309474,-1.4110498163982166,0.5230427539145334
117,39,1.0984274765363613,-1.4265140671907863,0.5198867896367039
118,39,1.0957585608396367,-1.4395540615190099,0.521685848945723
119,39,1.0999549941788236,-1.451116156053546,0.5259941886031841
120,39,1.1113540788358862,-1.461585421788806,0.546462324891205
1,40,-1.9838102009249574,0.2902540936021127,0.34245956319814475
2,40,-1.957233933035674,0.2726690009904018,0.37416144514728655
3,40,-1.9231153393502984,0.252943522117635,0.4083571368146058
4,40,-1.8814230535493013,0.23074382065320923,0.4254684962680987
5,40,-1.8323370544603372,0.2052514300781311,0.42813321563989015
6,40,-1.7760532716169868,0.17594879108121037,0.4423506879148124
7,40,-1.7127525419106762,0.14227483179912653,0.4467999477013833
8,40,-1.6427127773679662,0.10386600353422294,0.46916228244626323
9,40,-1.5661502977851862,0.0607323557103583,0.4752411680631716
10,40,-1.4835719959644675,0.013550804868648417,0.4945849154767065
11,40,-1.3952416116372068,-0.036793875368192744,0.512486077188751
12,40,-1.3018583395647336,-0.08892833209898235,0.5297209052336931
13,40,-1.2038675765297802,-0.1411823813439972,0.5531961295953614
14,40,-1.102122492947719,-0.19181664112423147,0.5718400506953988
15,40,-0.9971368764402909,-0.23935470600040987,0.5822912581641749
16,40,-0.8899380323945871,-0.2824974621739844,0.5880503820627612
17,40,-0.7813220906192961,-0.3204005627815705,0.5824005932455779
18,40,-0.6722852296010865,-0.35275291491623867,0.574488030091228
19,40,-0.5638342878954676,-0.37984955421676536,0.5565201989700722
20,40,-0.4569130997098164,-0.40252170500389606,0.5394051026784077
21,40,-0.352599960822769,-0.42180428212437554,0.5158466586946181
22,40,-0.25190401003958657,-0.4391110937405951,0.4915821148378499
23,40,-0.15575925911552593,-0.45539226538940253,0.47948284923451323
24,40,-0.06494608928090492,-0.47180958032303943,0.4601082963113071
25,40,0.019923546317926952,-0.48896264126678424,0.45600348620850495
26,40,0.09812706508110153,-0.5070291773623459,0.45701440011542827
27,40,0.16936999021882948,-0.5258079873064943,0.4601474868248737
28,40,0.23342432977927693,-0.5449335848052304,0.45888070749896653
29,40,0.2901099526818016,-0.5637714320815801,0.4689467181771368
30,40,0.33959831517593203,-0.5815865742810571,0.4717277282326498
31,40,0.3822058177598039,-0.598125661783294,0.48410103324246184
32,40,0.4181455037863944,-0.6131118311348396,0.4799981116067212
33,40,0.44803845487611604,-0.6263851536401173,0.4860662655067425
34,40,0.472333269479259,-0.6382329345848166,0.49102785620170264
35,40,0.4916346617937816,-0.6490028319861256,0.4858253531456734
36,40,0.5066424213764641,-0.6591630682955857,0.4938314951064787
37,40,0.517798816254128,-0.6690600297303844,0.5081642014540041
38,40,0.5256548523383127,-0.6785835438976193,0.5280599856792263
39,40,0.5305670537661658,-0.6874850740004546,0.5494835057360339
40,40,0.5329377334224609,-0.6947526078871252,0.5699894902423247
41,40,0.5328674615740728,-0.6994022111116405,0.6106858297314082
42,40,0.530519627812616,-0.6998832237214416,0.6306556449116587
43,40,0.5257317247454424,-0.6946032062564309,0.6600608405017333
44,40,0.5182816663966799,-0.6819133901906682,0.6813347466473186
45,40,0.508083093766215,-0.6606763314938014,0.6918275242662638
46,40,0.49450337587439924,-0.6303997519297171,0.6920848272990938
47,40,0.4772637403620162,-0.5911834804751396,0.6815497660419189
48,40,0.455787753374639,-0.543890116094988,0.6618058177962031
49,40,0.4296018531044252,-0.49018141026829626,0.6353154778211911
50,40,0.3981384941237679,-0.43259243893944793,0.5841969328526354
51,40,0.36099498843844585,-0.373822270645563,0.5471477614330162
52,40,0.3176848021118215,-0.31693737157887014,0.5089161880066563
53,40,0.2678637262445194,-0.2649326573977196,0.46992644420133567
54,40,0.21147169030053461,-0.22054130665573698,0.4371432231577137
55,40,0.1485441775548412,-0.18580444447157243,0.4101537063502283
56,40,0.07907743355757525,-0.16238398118967,0.3981264572841721
57,40,0.0035764852987820134,-0.1510244539985353,0.3833465506078064
58,40,-0.07724088567295816,-0.15199773169367908,0.3902906691216468
59,40,-0.16255159898315538,-0.1650041645071422,0.40161872108397884
60,40,-0.2509987008355709,-0.18901045052194185,0.4122718499672656
61,40,-0.34135182907400163,-0.22294849152942198,0.4288111755638172
62,40,-0.43184881137627557,-0.2653167893745878,0.4501422683102112
63,40,-0.5206210116371064,-0.31464514886538547,0.467121529120457
64,40,-0.6057342015997015,-0.3691065665221067,0.49560078146828784
65,40,-0.6850361453311024,-0.4269506284111524,0.5187218839184329
66,40,-0.756502393682156,-0.48639798358602543,0.5421094186928405
67,40,-0.8179976183515564,-0.5457614767698727,0.5581956881641928
68,40,-0.8675815317728364,-0.603412960734956,0.5719674401820831
69,40,-0.9036918618471753,-0.6579056391068547,0.583690338095526
70,40,-0.9249177259929164,-0.7082180826808226,0.58798084755595
71,40,-0.9303664674446176,-0.753483996421531,0.5863409187306057
72,40,-0.9193423814290552,-0.7930312800987667,0.5796407323061981
73,40,-0.8918150409170675,-0.8267763216673225,0.5720711277516088
74,40,-0.8480605342592114,-0.8548962433786716,0.5606282233679765
75,40,-0.7889864861756398,-0.8776657046050869,0.5474170551264133
76,40,-0.7157866949126536,-0.895693859884014,0.5323322995892537
77,40,-0.6299801147042375,-0.9092997336761316,0.5228629240493986
78,40,-0.5335022004681199,-0.9190044605707719,0.5126100546682235
79,40,-0.428377822061789,-0.9252131803190534,0.5044741493618036
80,40,-0.31689668135461135,-0.9279774281016665,0.4988691360079095
81,40,-0.20124304334330953,-0.9275237941599668,0.48999352838107846
82,40,-0.08355543314442845,-0.9238586294723115,0.48242573570659464
83,40,0.03405348869902687,-0.9170573287843005,0.47099878212898016
84,40,0.14983034401037643,-0.9072032432811469,0.4653315689547187
85,40,0.2620789745056713,-0.8947661270323375,0.4505903618187792
86,40,0.36965922364202786,-0.8805965642678717,0.43898599897387064
87,40,0.47164471218626686,-0.8655222627903878,0.4216653260772927
88,40,0.5672290039489918,-0.850506068098122,0.40908738306740716
89,40,0.6559858585963544,-0.8369041293011427,0.3997341433696866
90,40,0.7377906350071807,-0.8259267348405627,0.3840440539983742
91,40,0.8126589139398832,-0.8185637284296299,0.38364109396111024
92,40,0.8807000549422184,-0.8155766589306735,0.38764884193454807
93,40,0.9422149284787584,-0.8172162749037888,0.40130544625940684
94,40,0.9974462128787873,-0.8232368207715246,0.4146556832985466
95,40,1.0467141201808352,-0.833431523829949,0.4322881229340917
96,40,1.0901607533135083,-0.8468833541406016,0.44982522307371603
97,40,1.128214909322594,-0.8628336891127254,0.4719674789769083
98,40,1.160793444803485,-0.8803308066467063,0.48532655421521004
99,40,1.1881355986382274,-0.8986009348601359,0.5068412721460596
100,40,1.2101059842525048,-0.9174689009256976,0.508787173706451
101,40,1.226920232623705,-0.93681748622359,0.506222944834852
102,40,1.2383302365164888,-0.9570563409972614,0.5078335577538542
103,40,1.2444898289067865,-0.9786691105074311,0.504662700487797
104,40,1.2454345360130898,-1.002210721220942,0.4999048579163415
105,40,1.2412220024693403,-1.0281220365799837,0.4965219265846496
106,40,1.2322095936910007,-1.0565924155578323,0.4997681431984606
107,40,1.2187719380485176,-1.0875894718224608,0.4979396645581869
108,40,1.2013146605788834,-1.1204893273367809,0.50589888811178
109,40,1.1806641785742196,-1.1544487154568503,0.5132904186667624
110,40,1.157642918301114,-1.1881829520132536,0.5225321571304735
111,40,1.1331406734165244,-1.2204480277950382,0.5300867222532278
112,40,1.1082829522948459,-1.2500907972033806,0.5335205799675332
113,40,1.0843402217937341,-1.2763262464488436,0.5329215172893018
114,40,1.0623136169191851,-1.298688412552135,0.5290295508409131
115,40,1.0434252599701033,-1.3171879643367408,0.5165755660704345
116,40,1.0289303003558936,-1.3321242153753452,0.5111675263245461
117,40,1.0197133968964194,-1.344515959864696,0.49868910530690214
118,40,1.016723156164242,-1.3550663714519395,0.49286330228655834
119,40,1.0207121484222532,-1.3648607841223261,0.5049476079288028
120,40,1.0320151892206448,-1.3743731138566722,0.5258396033579172
1,41,-1.997717064297098,0.33737699810071026,0.36234503571846677
2,41,-1.9712101273693028,0.32007938326078206,0.4000846904611639
3,41,-1.9372189862763673,0.30086234772997417,0.4259223975870964
4,41,-1.895710881817995,0.2792519353169283,0.4355720035152966
5,41,-1.8468412777179488,0.25426247436190175,0.45304489124550545
6,41,-1.7907904321415373,0.22519616363316264,0.4585280855061463
7,41,-1.7277188436972861,0.19136844794828264,0.4625575583748193
8,41,-1.6578690541134307,0.1523287492866309,0.47131868165142526
9,41,-1.581430342961064,0.10808802873479971,0.4980402427822999
10,41,-1.4988736773988387,0.05940848114349225,0.5091925798881971
11,41,-1.4104198882264207,0.007311226634948952,0.5297740486866389
12,41,-1.3167405863531692,-0.04661806517137179,0.553310535147105
13,41,-1.2182340835667618,-0.10051182021877464,0.5667398945427622
14,41,-1.1157278766907246,-0.15242574674026682,0.5935694887895576
15,41,-1.009711601885945,-0.2007485045558881,0.6041886422162137
16,41,-0.9011806517763054,-0.24411340771611947,0.6036780419635894
17,41,-0.7909145525899869,-0.2816760358331857,0.6008225448429415
18,41,-0.6799049030273973,-0.31320286592623536,0.5796882894449256
19,41,-0.569165219671847,-0.33913026489311665,0.5680321837877135
20,41,-0.4596486786257969,-0.3604336380932069,0.5448502789595875
21,41,-0.35247266161507895,-0.37831663018532813,0.5197174630401303
22,41,-0.24868478002375527,-0.3943422008474076,0.487479953971883
23,41,-0.14926577996151025,-0.4095883383903522,0.47079510094881927
24,41,-0.05507439758386687,-0.4252891295769005,0.45535819722936016
25,41,0.03319428678853293,-0.4420961090276774,0.4470521501569931
26,41,0.1147525097791522,-0.4602009884192841,0.4372555211431927
27,41,0.18920213215587994,-0.4794003077013876,0.4484519803136912
28,41,0.25622447416743954,-0.49931916041648333,0.44395015287262757
29,41,0.3155468244093601,-0.519297638188054,0.45406386925668807
30,41,0.3672566060363549,-0.5385835669829645,0.46464927787615234
31,41,0.4115908401748812,-0.5568899917147979,0.46717191785014783
32,41,0.4486996185462766,-0.5739310073216831,0.4760160963463136
33,41,0.4791667319486388,-0.5895065788196464,0.4709732250506089
34,41,0.5034113667289286,-0.6038997808342834,0.48245434222469447
35,41,0.5220329285147285,-0.6174205234769321,0.48395734067267016
36,41,0.5357475208463376,-0.6305249819754655,0.5002139368137035
37,41,0.545051465014705,-0.6435496903236584,0.5129708195968328
38,41,0.5505575257657183,-0.6563599892003844,0.536293681686143
39,41,0.5527055171433375,-0.6686905813403838,0.5540970531444741
40,41,0.5520146847057089,-0.6795028779922291,0.5864188234057817
41,41,0.5487053867777968,-0.6877760873214106,0.6170416791025201
42,41,0.543066220024917,-0.6918933553451172,0.6479476521433828
43,41,0.5350704386713339,-0.690182983436058,0.6829485944542244
44,41,0.5246353622112989,-0.6808761897323802,0.7048740097625343
45,41,0.5118083314836623,-0.6626917612733395,0.7167135967648305
46,41,0.4960716120037584,-0.634986465456309,0.7209839115953095
47,41,0.47724489288577476,-0.5977076782421934,0.7225082999542609
48,41,0.4548333076630024,-0.5515888873443651,0.6931370512529599
49,41,0.4284203723217389,-0.4981950269698274,0.6665858790898406
50,41,0.397462910305142,-0.4400135263228268,0.6206281126204336
51,41,0.3615581320866677,-0.37978544694494987,0.5803581299339929
52,41,0.3202033877355625,-0.3206820732238747,0.5303035383960049
53,41,0.2729790019267474,-0.2658751164656467,0.4902128046267711
54,41,0.21974960104493696,-0.21832544573273746,0.454132868797849
55,41,0.16045247311385535,-0.1803347322051432,0.42217793964818556
56,41,0.0949579938465334,-0.15383270713849884,0.4014958570754245
57,41,0.023640627655172483,-0.13979900199560624,0.3913418039177305
58,41,-0.052923907419747965,-0.1387021930509589,0.39103784169948047
59,41,-0.13403710820824322,-0.15037961885810736,0.39972688212504487
60,41,-0.21848786303209586,-0.17385783023917578,0.4104629198741486
61,41,-0.30517322331250785,-0.20807296847202966,0.4304362551822579
62,41,-0.39242631289263546,-0.25146331170940095,0.45024180564403665
63,41,-0.4784808299068566,-0.3024677583069899,0.474574223398184
64,41,-0.5614808617539665,-0.35912233341425887,0.4995825989006006
65,41,-0.6393058607962447,-0.4195362464474119,0.5195289901396569
66,41,-0.7099716383568722,-0.4817840398521521,0.5469174252579512
67,41,-0.771353911144721,-0.544033461211544,0.5680204557480767
68,41,-0.8214889286804828,-0.6045341214998776,0.5828473561565505
69,41,-0.8587922807821765,-0.6617376369811734,0.6032722810477826
70,41,-0.8818004585979997,-0.7145289913193138,0.6040442107203404
71,41,-0.8895794334302589,-0.7619782681378263,0.6037256180729885
72,41,-0.8813666810876121,-0.8033642820719632,0.5968600305458718
73,41,-0.8570611498809956,-0.8385865006085014,0.5992857193856316
74,41,-0.8168718038943071,-0.8678309705622637,0.5839264963523135
75,41,-0.7616291218786784,-0.8913742540633292,0.5759456782236071
76,41,-0.6924677436092467,-0.9098571119458155,0.5584248632268335
77,41,-0.6108434495196746,-0.9236094011582568,0.5465084243957002
78,41,-0.5186227900050131,-0.9331609133436469,0.5368221084614847
79,41,-0.4177837810920732,-0.938908104478949,0.5256953547453628
80,41,-0.3105658967139081,-0.9408790259539253,0.5127189279225518
81,41,-0.19911409252520745,-0.9392569162794299,0.5097383878877241
82,41,-0.0855233477957446,-0.9339900901157062,0.502283277436836
83,41,0.028128621563397974,-0.9251130205957814,0.4871167750172664
84,41,0.1400970642999659,-0.9126634338286166,0.4841521047080072
85,41,0.24871796488109585,-0.8971047278796769,0.4677417399768286
86,41,0.3528579179759892,-0.8792869362271261,0.4552431666583884
87,41,0.45159229437636345,-0.8600837356725282,0.4375508995672973
88,41,0.5441163440494912,-0.840522813610652,0.4151480153946092
89,41,0.6299915564220517,-0.8220614991818098,0.4002236167245581
90,41,0.7090864609174059,-0.8060144617518011,0.39135375413389556
91,41,0.78139509573039,-0.7934996237341015,0.3859116720726586
92,41,0.8469887252791136,-0.7854111397007528,0.3831067356407049
93,41,0.9061631627033477,-0.7821421062678116,0.3905388988452259
94,41,0.959117422120796,-0.7835792126258809,0.40800005588711086
95,41,1.0061579497967883,-0.7896465929091984,0.41351834192858367
96,41,1.047410466374421,-0.7995355101935083,0.4383204828759812
97,41,1.0832688342690047,-0.8125733076850147,0.45889781340040126
98,41,1.1136472789426168,-0.8278685781011047,0.4718338267257446
99,41,1.1387829621501084,-0.8446518141118471,0.48683902862424805
100,41,1.1585397599220066,-0.8627087214553205,0.49141363000135285
101,41,1.1731448073046795,-0.8818352396031448,0.5003335163587852
102,41,1.1823689036062832,-0.9023180922491532,0.5029000268381658
103,41,1.1863777858070592,-0.9244654885976793,0.5052884622118591
104,41,1.1852372770363973,-0.9486452500466493,0.5031665507844835
105,41,1.179037302655323,-0.9751000527439706,0.5047179569981216
106,41,1.1681635603099856,-1.0038462068653964,0.5071504792270141
107,41,1.15300346809712,-1.0346750081874607,0.5087819826420943
108,41,1.1339949825038975,-1.0668598054983112,0.5196686301260188
109,41,1.1119811032919038,-1.0994975646172565,0.5213665031094259
110,41,1.087787282062795,-1.1312987384683877,0.5307993024379315
111,41,1.06230297271621,-1.1610675435809392,0.5322838153979041
112,41,1.0366560069584414,-1.1877526739827866,0.5318049910859809
113,41,1.0120890149222095,-1.2107081004192672,0.5242207409818473
114,41,0.9895992561252607,-1.2296381011624211,0.5130493812815795
115,41,0.9703747697894635,-1.2447376808283197,0.5038976987930003
116,41,0.9556549158849215,-1.2564911514724435,0.4814253848215578
117,41,0.9462945428768582,-1.2660874499787602,0.4754161489916063
118,41,0.9432183657383741,-1.274376108478818,0.4716618498916885
119,41,0.9471589531715753,-1.2825656126120386,0.4768182609218507
120,41,0.9584469121097855,-1.2912072552859,0.4922860063287941
1,42,-2.0109315668756462,0.39068702200633787,0.3844391831674609
2,42,-1.9844360573204076,0.3738844412406516,0.4166503089174132
3,42,-1.9504598727031002,0.3555695984192835,0.4470010284129338
4,42,-1.908973939727974,0.3350851251823225,0.45288597296607014
5,42,-1.8601167090429815,0.31122397351795017,0.4649185767612898
6,42,-1.8040612073369542,0.28304486731460515,0.4683835451133758
7,42,-1.7409583035437528,0.24967368325135011,0.472153008695582
8,42,-1.6710274708979471,0.2105150229461547,0.48427490109410803
9,42,-1.5944418860545047,0.16553031051717146,0.49135071305690775
10,42,-1.5116485489855687,0.11552796375374658,0.5170892423802443
11,42,-1.4228356371606674,0.06164177519311874,0.5418313685028862
12,42,-1.328655901200809,0.005659726938123727,0.5636835999516215
13,42,-1.2294689411435906,-0.05035414919522548,0.590150972460442
14,42,-1.1260806364148765,-0.1042404974350242,0.6060331326190834
15,42,-1.0189611896548876,-0.15423215664055404,0.6196944625820471
16,42,-0.9090743774292587,-0.19886573392346685,0.6251753965437211
17,42,-0.7971821649318572,-0.2372614816032315,0.6166311313945939
18,42,-0.6842681562819357,-0.2692206016538145,0.594546326969087
19,42,-0.5713481285296927,-0.2952725254057201,0.5798731103271123
20,42,-0.4593789532014523,-0.3164849984159353,0.5530031595663095
21,42,-0.34951080455785155,-0.3341794358850775,0.5217078205915918
22,42,-0.24282200940820373,-0.35002247619266447,0.5018389336291372
23,42,-0.1403339279734735,-0.36518223488476065,0.4774192791536694
24,42,-0.04297722906498502,-0.3809410459903701,0.46045278357349434
25,42,0.04847530740957884,-0.3979932424206214,0.44763488644158445
26,42,0.1331745131504402,-0.4165513861583931,0.44160595693538235
27,42,0.21062198175849584,-0.4364281263744022,0.44190878271632644
28,42,0.280408278105525,-0.4572670623333664,0.4462773948371771
29,42,0.3421686667533085,-0.47841334224738863,0.4527535931105136
30,42,0.3959052859170536,-0.49912151154970913,0.45747005738157215
31,42,0.44177220089856156,-0.5190858377224343,0.4654836879020537
32,42,0.47985414250806674,-0.538010690969308,0.47333673620406413
33,42,0.5106925810109093,-0.5556425877374602,0.4811223688004174
34,42,0.5346728690692979,-0.5722337675641669,0.4914652302563494
35,42,0.5523859462447577,-0.5880259442508975,0.4967430762008783
36,42,0.5645593022173028,-0.6034353243072583,0.5021255279819377
37,42,0.5717421996113046,-0.6187675957881389,0.5192510603329232
38,42,0.5746071862628429,-0.6338664176939495,0.5370395594219888
39,42,0.5736773814755867,-0.6484700024302886,0.5686023639736998
40,42,0.5695903644035358,-0.6615562580805696,0.6035918818948885
41,42,0.5626894436279987,-0.6721267917977591,0.6376032674280884
42,42,0.5533918536970059,-0.6785731682803684,0.6707287908263938
43,42,0.541812906546146,-0.6792179462097255,0.7001636887820515
44,42,0.5280169269778644,-0.6722416906343998,0.730254117259387
45,42,0.5121914896519643,-0.6562706288637716,0.7428720449942805
46,42,0.493943651372094,-0.6305422581991669,0.7527073710642768
47,42,0.47319850346579384,-0.5948584352735113,0.7419861314007186
48,42,0.44955277488623885,-0.549806629734509,0.7234461040107002
49,42,0.42265453195036135,-0.4968177774155878,0.6916426033753521
50,42,0.39199265090606106,-0.43827816986145063,0.6495823001896337
51,42,0.35717016871763546,-0.3769124355235555,0.6035263213304203
52,42,0.3176743414964939,-0.31593610728167504,0.5579757068437678
53,42,0.27301291609008765,-0.25864495448469454,0.5116032923199443
54,42,0.2229782675809884,-0.2081863740907982,0.4689580596548307
55,42,0.16740952002565376,-0.16709697171200336,0.43132010446968094
56,42,0.10605148769519684,-0.1375615256508796,0.4055177374814417
57,42,0.03914372388002436,-0.12080022830422801,0.3960202017041255
58,42,-0.03288366088581967,-0.11749463000637364,0.3841971976372698
59,42,-0.10946258755995524,-0.12764194376359278,0.39494532381116476
60,42,-0.18953586552411714,-0.15035896230749138,0.4043890334584923
61,42,-0.2721345447481445,-0.18461497991979656,0.4247593829270754
62,42,-0.35569657947909983,-0.22881369763654466,0.4458310574240572
63,42,-0.43856816224883954,-0.2813249381581319,0.4751926066912757
64,42,-0.5189813863107544,-0.34006669230664605,0.494943509413639
65,42,-0.5948578957226706,-0.40301889359191606,0.5243777404973041
66,42,-0.664262959437232,-0.4681204760630787,0.5519667272679206
67,42,-0.7250931000313361,-0.5334009180748628,0.5671047809670733
68,42,-0.7753700550126408,-0.5969928844029204,0.5914349991210549
69,42,-0.8134945210426034,-0.6572531187411798,0.6060242396468856
70,42,-0.837957949234738,-0.7129748567862513,0.6170634479423255
71,42,-0.8477890749438356,-0.7631647982533863,0.6152920497047116
72,42,-0.8421629778595513,-0.8070484660095179,0.6145370444938882
73,42,-0.8209114643416351,-0.8444988087108662,0.608867465995586
74,42,-0.7841757327810664,-0.875693721289951,0.6003788549674726
75,42,-0.7327106194154922,-0.9008910932215095,0.5907355286437052
76,42,-0.6675883874148666,-0.9207390119623794,0.5776638925097543
77,42,-0.5902002368963077,-0.935556689570838,0.566406110078616
78,42,-0.5023400253721247,-0.9458621924630125,0.5605496430164421
79,42,-0.40593323207775495,-0.9520308415668005,0.549577547772606
80,42,-0.3031647796744418,-0.9540618863278899,0.5359531356566825
81,42,-0.1961344989947653,-0.952095771163222,0.5257087062383407
82,42,-0.08688853204927734,-0.9460290623214547,0.52443403516646
83,42,0.022536297345595195,-0.9358613282218146,0.5133702742700722
84,42,0.13040963931018093,-0.9215875301047606,0.5020227269757908
85,42,0.23510592550334294,-0.9036584012529588,0.4864989378049853
86,42,0.3355029388280919,-0.8829087498003165,0.47318525044911997
87,42,0.43068445374302206,-0.8602305942896126,0.4572118920405151
88,42,0.5198515359547822,-0.8366827198783678,0.4328192405983683
89,42,0.6025598204592213,-0.8137851690640686,0.4133094442902634
90,42,0.6786753027081743,-0.7929201053812636,0.3992050646966287
91,42,0.7481759618945288,-0.7753045349813542,0.3897249283697052
92,42,0.8111014235759477,-0.7619523132066218,0.38627950042359777
93,42,0.8677462724290408,-0.7534015221932715,0.390361789168278
94,42,0.9182727068656519,-0.7496928184354583,0.39792652973012255
95,42,0.9629781356443067,-0.7509160581964511,0.4143662280637634
96,42,1.0019778870694542,-0.7564219862368095,0.42185509987949193
97,42,1.0356348830009205,-0.7656785497396944,0.446108841655322
98,42,1.063865597772708,-0.7779120678231084,0.4547438860607635
99,42,1.0869082279310363,-0.7924099071071339,0.4780754822881201
100,42,1.104628335315977,-0.8089583849319247,0.48295974127291263
101,42,1.117264999877485,-0.8272975057036468,0.4917421846746685
102,42,1.1246086863754616,-0.8476058893026561,0.4952668853996488
103,42,1.1268340240327506,-0.8700210727721057,0.49963033780459365
104,42,1.1240338993317764,-0.8947183865971579,0.4982862995335921
105,42,1.116325754664565,-0.9217302782800202,0.510621363830623
106,42,1.1041152235213074,-0.9508824970408384,0.5134513361620798
107,42,1.0877950822267077,-0.9817735830241077,0.5167130634540529
108,42,1.067825715023681,-1.0135578639044451,0.5172344545437207
109,42,1.0450563941447484,-1.0452586357909202,0.5292269772904793
110,42,1.020303038516413,-1.0755708305910059,0.5290592336264069
111,42,0.994443307233033,-1.1033365242907516,0.5348816603307786
112,42,0.9685959641512881,-1.1275955158643893,0.5290670878616823
113,42,0.9439620677755225,-1.1478290562757356,0.5237332622886471
114,42,0.9215248454908493,-1.1638950262728744,0.5073576699552859
115,42,0.9024286475934152,-1.176152857534628,0.48834330451799174
116,42,0.8878857108652876,-1.1852489986857415,0.4738095391988514
117,42,0.8787139757702686,-1.1925137836609916,0.4548244095819854
118,42,0.8758069766628798,-1.1989186170446509,0.44707258556828033
119,42,0.879871564659193,-1.2057709385862916,0.45128889811259154
120,42,0.891232014124759,-1.2136820795556078,0.4720395357850612
1,43,-2.023258844822024,0.4515280075036078,0.3983497560083551
2,43,-1.996725048382426,0.4354042553400907,0.4314168940194588
3,43,-1.9626675267428764,0.41834177530661504,0.45406591716240263
4,43,-1.9210653472118628,0.3994639215701648,0.45936758352218027
5,43,-1.872046920890432,0.3772970333140433,0.45739978177810975
6,43,-1.8157856841342606,0.3506030801927866,0.4579981357430822
7,43,-1.7524324444037265,0.3182598496764901,0.46390909758601584
8,43,-1.6821950194456288,0.27947435783843166,0.4755113065058137
9,43,-1.6052404905319115,0.23410935401925248,0.4871540319850433
10,43,-1.5220029345888868,0.18297743865709998,0.5098744247899247
11,43,-1.4326474058017626,0.12729610334196265,0.536089542177768
12,43,-1.3378157065224616,0.06903684364950526,0.5686538511400482
13,43,-1.237836876192882,0.010451373025485326,0.5920865014004983
14,43,-1.1334988686366376,-0.0460839721496368,0.6160240598680727
15,43,-1.0252569171091357,-0.09863074376147855,0.630331854811122
16,43,-0.9140436460817425,-0.1456024465429653,0.638426751760221
17,43,-0.8006028008154784,-0.18604933136409285,0.6292812993354308
18,43,-0.6859067513100588,-0.219762169427426,0.6131993018523919
19,43,-0.5709693319588696,-0.24731179313969795,0.5919320777519956
20,43,-0.456745895758866,-0.26980259589097144,0.5638073161275264
21,43,-0.344413035097306,-0.28861871253603383,0.5377357883886913
22,43,-0.23507199067266515,-0.30548140255513856,0.5092334280953393
23,43,-0.12977867695356626,-0.321607527932529,0.48188729093471766
24,43,-0.02952872919991648,-0.3383004694979834,0.4688890873658834
25,43,0.06483347797934373,-0.35628457313974343,0.45839790526719565
26,43,0.15240183414807035,-0.3757958009461282,0.4471325465075123
27,43,0.2325821051250582,-0.39667591213007514,0.4487090938567873
28,43,0.30487522963072367,-0.418609618259477,0.454792273038173
29,43,0.3688262911793708,-0.44097242828288913,0.46219254909620755
30,43,0.4243521083170128,-0.46304554087991384,0.4707487286641194
31,43,0.47152152989663837,-0.48451760594496257,0.4823981954601299
32,43,0.5103527108492356,-0.505082730617201,0.48831727980260753
33,43,0.5413406189186049,-0.5244249036209822,0.4953835269075075
34,43,0.5648331906104942,-0.5427439710324552,0.5004545289711108
35,43,0.581410186175954,-0.5601912840438334,0.5103928694904046
36,43,0.591805750861828,-0.5771229665417461,0.5218713169380049
37,43,0.5966204748483763,-0.5938004591944387,0.5355888562709463
38,43,0.5965841172277063,-0.6100548770525627,0.5607949709062745
39,43,0.5923022896631752,-0.625651980846642,0.5863758199918729
40,43,0.584530791212076,-0.6396311571182396,0.6194544732050112
41,43,0.5737373984726757,-0.651076042241359,0.6557222506958998
42,43,0.5604697936494348,-0.658460080126449,0.6911098031929118
43,43,0.5449896096120947,-0.6601734261738419,0.7233633678672751
44,43,0.5275137360565332,-0.6544159535187606,0.739078397896649
45,43,0.5083745302140736,-0.6397750398327009,0.7629245759352621
46,43,0.48731192944762386,-0.6154044165412033,0.7674181984135402
47,43,0.46436191314999775,-0.5809727312086036,0.761036717531097
48,43,0.43922130469674514,-0.5369098099128535,0.7435214489488349
49,43,0.4116091862259505,-0.48447962660472516,0.7193494641696399
50,43,0.3810536630066848,-0.42591567109554407,0.6796808352490123
51,43,0.34716926623593786,-0.36386536760050836,0.6218486970921895
52,43,0.3094391522929835,-0.30152205195094955,0.5742292505443883
53,43,0.2673023139131983,-0.24224321953253816,0.5229638363221861
54,43,0.22048253569663628,-0.18930900131939168,0.48051933559035787
55,43,0.16872189390492462,-0.14545180552813342,0.4361977192866666
56,43,0.11164142654669869,-0.11308567169222972,0.4043365070993463
57,43,0.04934288019978855,-0.09366618927487981,0.3917399377883609
58,43,-0.017891285267158368,-0.08809747840005228,0.37959887700850425
59,43,-0.08962783215025019,-0.09655702653394119,0.3856481257573233
60,43,-0.16497006710670506,-0.11828471717495044,0.3962650640456935
61,43,-0.24308842575936165,-0.15231744677313588,0.41388889000330187
62,43,-0.322534416465809,-0.19705882001477937,0.4388616753959159
63,43,-0.4017757980606772,-0.25084030082626396,0.4610959084641036
64,43,-0.4791417561121788,-0.31148964667914986,0.49059520157293196
65,43,-0.5526066797872496,-0.3768755481784301,0.5233146511859113
66,43,-0.6202942091727455,-0.4448155537444627,0.5425146760958762
67,43,-0.6801314308693943,-0.5132092225291468,0.5689537057383625
68,43,-0.7301349977061866,-0.5800760981337303,0.5986363701149751
69,43,-0.7686982953201982,-0.6436812145683108,0.6106427914350906
70,43,-0.7942757916843359,-0.7027237967135651,0.6223417847025839
71,43,-0.8058633665087822,-0.7561435966941502,0.6306390745630635
72,43,-0.8025786606697848,-0.803105712993811,0.6240773549682719
73,43,-0.7841902358712237,-0.8434450760298196,0.6246214826585335
74,43,-0.7507710303343217,-0.8773145473148938,0.6143168015193684
75,43,-0.7030021701507823,-0.9049352912936436,0.6066960381513031
76,43,-0.6418903464607523,-0.9269423659294762,0.5924371256210383
77,43,-0.5687608684514671,-0.9436278521173916,0.5852107771939613
78,43,-0.48533122413349467,-0.9554839668857188,0.5723948426205157
79,43,-0.39346863880759997,-0.9628588699028313,0.5695304033572265
80,43,-0.2952993315997627,-0.9657242130446543,0.5614500965180116
81,43,-0.19287219230054176,-0.9641842928740877,0.5636174706138218
82,43,-0.08817948355303924,-0.9580950670653775,0.5548470873111897
83,43,0.01678846699027228,-0.9474308094389848,0.5374048574761351
84,43,0.1203213520765903,-0.9321478765129719,0.528984458705454
85,43,0.2208377557975406,-0.9126777045468256,0.5121838233366076
86,43,0.31723065845984627,-0.8898225418413526,0.49871615029835614
87,43,0.40859850177993023,-0.8644607045635685,0.4725354560502165
88,43,0.49415155841417896,-0.8376428567155502,0.4493264777010171
89,43,0.5734456066940071,-0.8109060100041314,0.4315598239071049
90,43,0.646348011417053,-0.7856557964867706,0.41489597044045007
91,43,0.7128256486593189,-0.7631721710091443,0.4060152283317561
92,43,0.772892985838144,-0.7445683660690434,0.39735519997782665
93,43,0.8268467874210496,-0.7305230001669851,0.3903830173890652
94,43,0.8748195172220591,-0.721246257704402,0.40167310999792993
95,43,0.9171042060604419,-0.7170228702323264,0.4117866082408705
96,43,0.9538119276475517,-0.7174097784338493,0.41681444050497535
97,43,0.9852792562324201,-0.722067173403367,0.4345413760130921
98,43,1.0114300912541356,-0.7303948861739425,0.44450297468227873
99,43,1.03250712957705,-0.7417911779422807,0.45940223094307625
100,43,1.0483805877315704,-0.7560863515441204,0.47037655906268283
101,43,1.0593023291315529,-0.7730021216839755,0.4795651619585528
102,43,1.0650835415276607,-0.7926323446242007,0.48445291100658283
103,43,1.0659051275843914,-0.8149597564758058,0.4887981456277214
104,43,1.0618840266544498,-0.8399732635263284,0.49855130599643294
105,43,1.0531604662928968,-0.8674940621617063,0.5012364449916643
106,43,1.040151565877801,-0.8971495179356501,0.5103743345323087
107,43,1.0232481144061505,-0.9283363651885453,0.5201468987065228
108,43,1.002922765537331,-0.9600776080820592,0.5255478074361855
109,43,0.9800204666993322,-0.9913094745268455,0.5348588198375416
110,43,0.9553349401805119,-1.0206980683669273,0.5356390593624016
111,43,0.929720384612089,-1.0471078346531772,0.5366085308616367
112,43,0.9042746188138381,-1.0696508780060294,0.525873254175124
113,43,0.8801434426224845,-1.0879150428159632,0.5182942911470704
114,43,0.858285545625651,-1.1018849124075596,0.4976164510121126
115,43,0.8397918237549297,-1.1120544805076011,0.48399735736621596
116,43,0.8258359225927724,-1.1191993874787216,0.46051652982046665
117,43,0.8171916008276954,-1.1247532941063934,0.44676150918440444
118,43,0.8147139352008697,-1.1297773851228936,0.4316711146755048
119,43,0.8190784536053173,-1.1356473802924925,0.4368606342635453
120,43,0.8306006145279573,-1.1430128755286106,0.4494557734763483
1,44,-2.0346086361449918,0.5199734730744895,0.40311696900016614
2,44,-2.0079952037352475,0.504675068994805,0.4404728140182961
3,44,-1.9737765835960914,0.48914630975105755,0.4531888780007182
4,44,-1.9319437913066129,0.4722663714031762,0.4539042351693557
5,44,-1.8826217113649184,0.45226329212280497,0.45304642865344624
6,44,-1.82599098841186,0.42756419144115215,0.4532735679922114
7,44,-1.7622108623388584,0.3967535416047726,0.4504433280674511
8,44,-1.6914880016293528,0.35879819974682653,0.45940958950533345
9,44,-1.6139924915328554,0.31341893072976085,0.47764093044595424
10,44,-1.5301555650619498,0.26139103524746926,0.4954450803451253
11,44,-1.4401279522967851,0.20398359913963066,0.5264424155259368
12,44,-1.344547580428245,0.14332488173534427,0.5521126041614458
13,44,-1.2437207559560095,0.08183717792854367,0.5850209211146215
14,44,-1.1384208718901885,0.022105754623352465,0.6033270001537381
15,44,-1.0290922495894848,-0.033752388213119475,0.6265182799044804
16,44,-0.9166369463509512,-0.08400798908368201,0.638366417381256
17,44,-0.8017800489193126,-0.12761164214303738,0.6390836052919584
18,44,-0.6854795793061241,-0.16430128983804881,0.6221019238126388
19,44,-0.5687432988064052,-0.1946393519566297,0.6009831083451279
20,44,-0.4525201969141528,-0.21971237804555352,0.5812751911271525
21,44,-0.3380067234306661,-0.24091250095490094,0.5481526008211413
22,44,-0.22631914975173142,-0.2599666599764617,0.5291352488421531
23,44,-0.11854186084995484,-0.2780980288253513,0.5075805598377098
24,44,-0.015727903075050866,-0.2966018874482775,0.49008415652057247
25,44,0.08121361577258701,-0.3162160635542667,0.4742906191265983
26,44,0.17132482110984884,-0.3371969377134933,0.4727673669911885
27,44,0.25392112037934644,-0.3594211424416197,0.4717637944224389
28,44,0.32841622967579254,-0.3826292318981731,0.47447309894689926
29,44,0.3942681548176447,-0.4062447194615439,0.48538232891668504
30,44,0.4513095254587786,-0.4295895165548679,0.47992061683533616
31,44,0.4995230202654812,-0.45235689569927684,0.49447299177258547
32,44,0.5388600811411477,-0.4742301869160646,0.5019526360903431
33,44,0.569765799644021,-0.49482672452987425,0.5177566626175518
34,44,0.5925479244185391,-0.5142791092145881,0.523193527154432
35,44,0.6077725572541595,-0.5326361946584907,0.5344274733968437
36,44,0.6161760094030738,-0.5501833596015692,0.5460386562570991
37,44,0.618407890450955,-0.5671334738820967,0.5574949732528715
38,44,0.6152519421030039,-0.5833204521021896,0.5810335065819431
39,44,0.6073945564897932,-0.5985645396431605,0.6128089299683186
40,44,0.5957080827988773,-0.6120112913168896,0.6356658408823387
41,44,0.5807846292294111,-0.6228832525384298,0.6701070828228338
42,44,0.5633025084580453,-0.6298040933873881,0.6992926612638803
43,44,0.5436718770505009,-0.6313008445367697,0.7293293334737909
44,44,0.5222657475450262,-0.6256592723911809,0.755223638657397
45,44,0.4995638403407683,-0.6114812215930125,0.7748326560673335
46,44,0.47544524807698335,-0.5878736169567568,0.7795986513195194
47,44,0.45006091220270344,-0.5543883884619071,0.7764245218163985
48,44,0.42321463881683036,-0.511291372116997,0.7610693868955951
49,44,0.39470200803305294,-0.45965167676921975,0.7249301419512009
50,44,0.36409693012579375,-0.4015019886036969,0.6878947814127989
51,44,0.33103074744156336,-0.3393516635042298,0.6425490611743595
52,44,0.29498831550405086,-0.2763023356943374,0.5854894560479594
53,44,0.25534448183420344,-0.21570403160102336,0.5347801836011582
54,44,0.21175851069690138,-0.1609056938348189,0.4877335605460218
55,44,0.1638773990148162,-0.11478507757928504,0.437660531032224
56,44,0.11120136491705002,-0.07994850363450345,0.40907252157537566
57,44,0.053692677647364566,-0.058072215943605725,0.38578243103516774
58,44,-0.008514642955985719,-0.05028606679288087,0.37270496926087926
59,44,-0.0751254109362118,-0.056965646660657274,0.3727257296802408
60,44,-0.14540872214234116,-0.0775083521358805,0.3836411016395582
61,44,-0.21867876332400912,-0.11105732707831842,0.39429971019890325
62,44,-0.29360863377271207,-0.15605792967092805,0.4168868982648019
63,44,-0.3687957110395227,-0.21084120563826084,0.4430940813437658
64,44,-0.44267476647799564,-0.27317955707494496,0.4755096730471372
65,44,-0.513283488296345,-0.34085375607142404,0.5090148139912583
66,44,-0.5788124115967395,-0.4115763954513804,0.5344866227188763
67,44,-0.6372287738929567,-0.4831255182382177,0.5673950031000503
68,44,-0.6865538188573291,-0.5534088754402727,0.5857059981372685
69,44,-0.7251813012841121,-0.6205985689204037,0.6120614532159416
70,44,-0.7515368398738688,-0.6832931948411956,0.6129976799880381
71,44,-0.7645878130914243,-0.7403583934257676,0.6245227146175989
72,44,-0.7633994710381907,-0.7908897163204378,0.6335988180884348
73,44,-0.7476810064997438,-0.8346720767932021,0.6282153652938599
74,44,-0.7174363971892904,-0.8718186794380665,0.6183168341550678
75,44,-0.6732749133414374,-0.9025004519435261,0.6063415985728355
76,44,-0.6161341660973497,-0.9273249472254653,0.6117487320873911
77,44,-0.5472718750610475,-0.9465470270981492,0.5960933210994025
78,44,-0.46832531781834763,-0.9606257404056897,0.5966631477253326
79,44,-0.3810973388846893,-0.9698820388950794,0.586246138792439
80,44,-0.2876511992650406,-0.9742662979483546,0.5784733794597232
81,44,-0.18997878367354074,-0.9738571345269993,0.5763219134986732
82,44,-0.09001349948354496,-0.9684834094133664,0.5711849355713465
83,44,0.010306159451785991,-0.9581049000175563,0.5618858042703183
84,44,0.10929551679775867,-0.9426432439767067,0.5450049000118811
85,44,0.205422308528699,-0.9225030706643709,0.5351232851216761
86,44,0.29759828009943323,-0.8984348696791449,0.5191263917672415
87,44,0.38494215183586045,-0.8712691209875802,0.5018993435990594
88,44,0.4666758979978898,-0.8420067647696509,0.4781700120782406
89,44,0.5423607073986682,-0.8121527469299176,0.4581508096059884
90,44,0.6118684675157741,-0.7830890488515283,0.4383855714762797
91,44,0.6751590385266877,-0.7561187958602844,0.41893089984641113
92,44,0.7322277588617102,-0.732429349197596,0.4093416194794578
93,44,0.7833761847272672,-0.7128298059025971,0.40197644174935
94,44,0.828713866854789,-0.6977097414934788,0.4028057815317392
95,44,0.8685336623430531,-0.6875713570872194,0.4093548113577234
96,44,0.9029481994706654,-0.6822179720024859,0.41141388762585
97,44,0.9322725061733202,-0.6815479690866872,0.4311729421814018
98,44,0.9564430212956467,-0.6851857428964331,0.43382139658526475
99,44,0.975710450071301,-0.6926925037187089,0.44119266963238407
100,44,0.9899528712488833,-0.7039862415150834,0.4554213106955127
101,44,0.9994359780345616,-0.7188115932365698,0.46504691349060795
102,44,1.0039928632443422,-0.7372066750945551,0.4774152623673021
103,44,1.003808408280529,-0.7590239848936644,0.4754439918008791
104,44,0.9990207903289244,-0.7840815955531477,0.4904284832637117
105,44,0.989788382624031,-0.8119980389557626,0.4986729553459701
106,44,0.9765313982772398,-0.8422037511824605,0.5067161178246119
107,44,0.9596315314409447,-0.8738920107328719,0.5158477449589913
108,44,0.9395635678122459,-0.9059468729297967,0.5228083276761452
109,44,0.9171574306015886,-0.9372060297237192,0.5319254463167223
110,44,0.8931722934863326,-0.9662924789383325,0.5337786176411856
111,44,0.8684273650075558,-0.9920747249583035,0.5346070618196347
112,44,0.84398753148589,-1.0137127295150024,0.527707732222502
113,44,0.8209301729574014,-1.030873952574404,0.5065172253954532
114,44,0.8001789336378264,-1.0436354221912238,0.49473244792346294
115,44,0.782761687972449,-1.0525888669415684,0.4786819387996056
116,44,0.769802347148564,-1.0585991659051532,0.45101694133135417
117,44,0.7620233074000557,-1.0631589426212122,0.43805212199709065
118,44,0.7602342412818806,-1.0673822365684948,0.4175991363667204
119,44,0.7650740868237043,-1.0726782159237611,0.42721391738359776
120,44,0.7768467706967455,-1.0797103072642926,0.4389964854063823
1,45,-2.044697275819769,0.5954835468917336,0.40330997090767173
2,45,-2.0179719502964533,0.5811105019645478,0.4378303388165408
3,45,-1.9835304000794718,0.5673110282226207,0.44783785169369644
4,45,-1.9413787557949918,0.5527088851907302,0.4529343778895437
5,45,-1.8916443154323221,0.5352191269781784,0.4372578642905263
6,45,-1.8345208823723655,0.5129150762513727,0.43626822456093406
7,45,-1.770183491202567,0.484060180621611,0.42987026610230483
8,45,-1.698847124340705,0.4473523743025114,0.43269697608293656
9,45,-1.6206930789020095,0.40233613558732445,0.448889307010021
10,45,-1.5361587996004373,0.3497109373106749,0.47058003672053333
11,45,-1.4453887869680548,0.29076347819298015,0.5010201870590748
12,45,-1.3490233546321149,0.22774453448323506,0.5325213380508689
13,45,-1.2473535730623504,0.16322115437082538,0.5740139137152273
14,45,-1.1411414341227069,0.09996837509394006,0.6064009557720772
15,45,-1.0308240363186183,0.04027881905493863,0.6264287590086306
16,45,-0.9172736556435201,-0.013965196783017709,0.6390921021201685
17,45,-0.8011965290792813,-0.06159318167791343,0.6419662943545917
18,45,-0.6835334537481967,-0.102254397809585,0.6310071637132406
19,45,-0.5652820941970566,-0.1364590953808714,0.6177508550957237
20,45,-0.4473805594250799,-0.16522705188355083,0.5921463079104632
21,45,-0.33103833770027274,-0.18990835483324914,0.575010210964753
22,45,-0.21737872339988495,-0.2121907408084359,0.5477550461079225
23,45,-0.10750826713705855,-0.23326368963081268,0.5312513203695466
24,45,-0.0025290757295741823,-0.25438573051459873,0.5114991145252138
25,45,0.09659283997249651,-0.2762893357920953,0.5044977654110054
26,45,0.18885399215651918,-0.2992431161852673,0.49588292272499185
27,45,0.2734862554879077,-0.3231565990407302,0.4942328987543821
28,45,0.3498201474678605,-0.34783171861209894,0.49704965836868226
29,45,0.41723126888608164,-0.3727480745537534,0.5073671672379623
30,45,0.4754706705780723,-0.39727469935372267,0.5183131316958729
31,45,0.5244354869192509,-0.42111517297126255,0.5238350709896636
32,45,0.5640116760075629,-0.4439404706752059,0.5316649768293268
33,45,0.5945920436918413,-0.4653011095686368,0.5384088338135679
34,45,0.6164423263615144,-0.48525402525637606,0.548907862819236
35,45,0.6301128136250025,-0.5037430326546697,0.5597414570975768
36,45,0.63633761812301,-0.5209808739777843,0.571274566402885
37,45,0.6358123223985892,-0.5371355921538802,0.5833971987930916
38,45,0.6293705590854974,-0.5520633239059731,0.5995904485552638
39,45,0.6177765423593605,-0.5656660253505786,0.6210653819660449
40,45,0.6020156229059764,-0.5772362499474953,0.6531517005160493
41,45,0.5828019620252849,-0.5861855321287329,0.680260218186047
42,45,0.5609425872929612,-0.5913466872688883,0.7051777671868498
43,45,0.5369957797097428,-0.5914446527720555,0.7371296376526735
44,45,0.5114916666404273,-0.5849105941112669,0.7553443159038092
45,45,0.48505742852430245,-0.5704109717606669,0.7750209084551501
46,45,0.4577152607461622,-0.5470424700164119,0.7807366617223261
47,45,0.42973327534604655,-0.5142604286215225,0.7709401287052966
48,45,0.4010272114530018,-0.4721662508912352,0.7644034311437663
49,45,0.3714732947341036,-0.4216132702415061,0.7359789574034755
50,45,0.3406970109848915,-0.36439212246812636,0.6913460061585244
51,45,0.30835147073945,-0.30281710231724934,0.6477832964041036
52,45,0.2739288776346978,-0.23983022410820942,0.593179001874329
53,45,0.2367454628271986,-0.17870279342295217,0.5356235760054617
54,45,0.19640066620528496,-0.122783226330766,0.4897794129214014
55,45,0.15244964681930398,-0.07503682604076929,0.4440909753069024
56,45,0.10427634504097226,-0.03821758461187928,0.406401422494485
57,45,0.05170369031870514,-0.014199916307919072,0.37811473376296567
58,45,-0.005281793378647537,-0.004336836422722479,0.3575096170815702
59,45,-0.0665244436006094,-0.009216836360725395,0.3555462231504495
60,45,-0.13146254470728544,-0.028428800181203674,0.3610055711557082
61,45,-0.199556858957571,-0.06126249307706981,0.3736976256740034
62,45,-0.2696089230478543,-0.10625097439974684,0.39592443614434797
63,45,-0.3403523402451381,-0.1617666795325379,0.4191703491439052
64,45,-0.410335053085064,-0.22556544221259753,0.4499496540960766
65,45,-0.477668233204163,-0.295365936976693,0.48323440721582894
66,45,-0.5406173140736948,-0.36879219681591513,0.5137337428617325
67,45,-0.597198982832702,-0.4435076632319831,0.544238656403817
68,45,-0.6454489620222363,-0.5173062851680882,0.5746115734639133
69,45,-0.683769204530184,-0.5882612518275979,0.5945198239638482
70,45,-0.7105648084200423,-0.6548602181489648,0.6079057378765591
71,45,-0.7247792046647235,-0.71588470831301,0.6136061056029937
72,45,-0.7254306753438717,-0.7703513128463385,0.6212827433743144
73,45,-0.7121732017999595,-0.8179846243194893,0.6276412443217592
74,45,-0.6849413143690865,-0.8588481993234155,0.6212140415506263
75,45,-0.6442745651527001,-0.8930563758189185,0.6184691603845656
76,45,-0.5910381298819245,-0.9211828789894816,0.608133779369401
77,45,-0.5264204501193014,-0.9434434528075537,0.6082580272990511
78,45,-0.45197500635068266,-0.9602645639249632,0.60416134879533
79,45,-0.36943417937402484,-0.9719457835875192,0.5994923518685348
80,45,-0.28079425667028074,-0.9784266236960993,0.594774866108423
81,45,-0.18798415916917566,-0.9797724150492387,0.5961547487427574
82,45,-0.09287381807349301,-0.9757985764199153,0.5845668522007318
83,45,0.002654989393427765,-0.9664599452130915,0.5757659144054129
84,45,0.09694851987918704,-0.9516454679707642,0.5689325786126909
85,45,0.18852792011931094,-0.9317237500583817,0.5519011916364489
86,45,0.2763267336149953,-0.9073728548527754,0.5393299017388457
87,45,0.3594889572801586,-0.8793409176125347,0.5185785222674577
88,45,0.4372499283142272,-0.848537706349036,0.4988613346014593
89,45,0.5091808172641149,-0.8163870324543377,0.47948056850868465
90,45,0.5751606350636757,-0.7842003857006179,0.4513066595783063
91,45,0.6351455041144672,-0.7532635728110288,0.44312214818708334
92,45,0.6891173785608801,-0.7248101085900225,0.4280694692782581
93,45,0.7373845656651068,-0.6997652767519248,0.42122372437777483
94,45,0.7800403458871128,-0.6787025402545293,0.4102956582504723
95,45,0.8173812735930559,-0.6623571071150643,0.4113865117726239
96,45,0.849527122319927,-0.6508109991235901,0.4114062409538696
97,45,0.8767764421326387,-0.6442393007295116,0.4234521693210969
98,45,0.8990833263537977,-0.6425351593823591,0.4238380766298447
99,45,0.9167101295959413,-0.645470158522413,0.4274016531148552
100,45,0.9295463175347662,-0.6530913287383472,0.43814615649400607
101,45,0.9378727670856278,-0.6652078734531955,0.4490414159317575
102,45,0.9415458811003372,-0.6818337984496635,0.4542120466060561
103,45,0.940752743231655,-0.7027211885629914,0.4709248696036342
104,45,0.9356503000915863,-0.7275391783199959,0.4777300510694922
105,45,0.9264106830214108,-0.755718819549761,0.4889178526330063
106,45,0.9134491774643035,-0.7865021000268195,0.5002376027898027
107,45,0.8971316911126348,-0.8188829399494605,0.5140459167054684
108,45,0.877925236267564,-0.8516029207168523,0.5193550227504903
109,45,0.8566342217612325,-0.8833922511483271,0.5263311288005658
110,45,0.8339713679872633,-0.9128169597027731,0.5333143024184884
111,45,0.8107096906326968,-0.9387308351570799,0.5321014296490197
112,45,0.7878692013250491,-0.9603148694944473,0.5204295154949732
113,45,0.7664463226543261,-0.9772863833997055,0.5102374077467413
114,45,0.7473192318771771,-0.989777153253212,0.4920936722353222
115,45,0.7314434190168617,-0.9984366558261989,0.46815720275611405
116,45,0.7198822265911423,-1.004175768108223,0.4459340017167514
117,45,0.7132996518809451,-1.0084989266784932,0.42778495518029325
118,45,0.7124532360853113,-1.0125339628553571,0.41865386283830924
119,45,0.717940414452396,-1.0176868200345917,0.42297639659213027
120,45,0.7300506078149726,-1.024609327516058,0.4338529774548661
1,46,-2.0531250027984362,0.6771724405850857,0.40165279466487086
2,46,-2.0262682734797846,0.6637680287201748,0.4354659493775399
3,46,-1.9915670469948523,0.6517881651167591,0.4446904461782238
4,46,-1.9490449359908446,0.6396055034139475,0.43892728014053645
5,46,-1.8988367115138913,0.6248270895942211,0.4236086330885145
6,46,-1.8411540872767547,0.6051755167071021,0.4174269238323055
7,46,-1.776193634087144,0.5785865085993148,0.4022085296638221
8,46,-1.704186566953456,0.5434774931376835,0.398066558684863
9,46,-1.6253321263044673,0.4991944075402502,0.41767490322045747
10,46,-1.540081358732414,0.4463281942145847,0.44006958678352964
11,46,-1.448579290733648,0.3861492376037025,0.4659179518550339
12,46,-1.3514734223861316,0.32099047655646795,0.5078806439537696
13,46,-1.2490461468429717,0.25352943037694164,0.5464571269739037
14,46,-1.142050426499196,0.18670009079610067,0.5813831168545655
15,46,-1.0309188766983974,0.12295594324962399,0.6142586537921676
16,46,-0.9164944980972966,0.06433053993254764,0.6306979664228136
17,46,-0.7994643679514174,0.012125473000502228,0.6365584185862871
18,46,-0.6807490976743623,-0.03319452462652662,0.6375144620865159
19,46,-0.5613321100219935,-0.07205384758876342,0.626397718551406
20,46,-0.44213642297578104,-0.1053660237422155,0.6089915184851787
21,46,-0.3243774532440158,-0.13439708015929705,0.5915756018751238
22,46,-0.20917759950861106,-0.16075736684058423,0.5668054445138158
23,46,-0.0976592613828871,-0.18556661119971152,0.5489796733428762
24,46,0.009035181912314717,-0.21001881003181966,0.5358345196903694
25,46,0.10989114678351622,-0.23481934112076996,0.5268203587099689
26,46,0.20386623600347728,-0.2602342166216828,0.5284668689999262
27,46,0.29011630107102654,-0.28619425002427523,0.5269045395280672
28,46,0.3678937807605733,-0.31255683236743287,0.5312822108360835
29,46,0.4364975157233671,-0.33885410610912003,0.5347335658324086
30,46,0.49560042468027377,-0.3644994483931624,0.5408254879711724
31,46,0.5450158114816038,-0.38920682730766426,0.5455595442108023
32,46,0.5845661737113694,-0.4126320910651499,0.5554631306493035
33,46,0.6145901894084976,-0.43426285840127754,0.5652151813567853
34,46,0.635310358343286,-0.45407956372829106,0.5746709457931611
35,46,0.6472590261233152,-0.4719288446051386,0.5844244182316285
36,46,0.6511637639783266,-0.4879586566716649,0.5962373550919436
37,46,0.6477622237516732,-0.5023047304475957,0.6055477980101786
38,46,0.6379330594496745,-0.5148686561830091,0.6268435305671078
39,46,0.6225142380992008,-0.5256610113218204,0.6457048155133034
40,46,0.6025989079827521,-0.5341567615122157,0.6656711362908851
41,46,0.5790192027389787,-0.5399974357849915,0.6833270716921651
42,46,0.552707243191204,-0.5422717537199957,0.7047865301450537
43,46,0.5243668286493796,-0.539952171920376,0.7271240500745766
44,46,0.4946840847370962,-0.5316644006730431,0.7503169201464309
45,46,0.4644317146563749,-0.5161836554272193,0.7647222102156077
46,46,0.4337769861181813,-0.4926301523544833,0.7756449732625105
47,46,0.4031059517038707,-0.4603848367829216,0.7664974129212362
48,46,0.37244953174279627,-0.4193898087893014,0.7473599504358988
49,46,0.34176767479364106,-0.3702694803784575,0.7231968853990628
50,46,0.3107425401383329,-0.3145402389697574,0.6920731354593931
51,46,0.2790536399261472,-0.2542716774588695,0.6413081831703129
52,46,0.24620592916558534,-0.19218425515963083,0.5940346716698518
53,46,0.2114632995881301,-0.13140210673929392,0.5436428329147296
54,46,0.17437046378624738,-0.07520316107834962,0.4839543715791478
55,46,0.13439484789712197,-0.02657917795499524,0.4341220852442308
56,46,0.09080980701623227,0.011617510417710222,0.3961305461704929
57,46,0.04330041679753312,0.03734322500926815,0.36571306186464336
58,46,-0.008292182524995423,0.049030690488197616,0.34675582742157224
59,46,-0.06395205177096852,0.04586878774276594,0.3341278382597647
60,46,-0.12328869636563296,0.028047369303416787,0.3333108786902974
61,46,-0.18591131171635417,-0.003907619090985992,0.3489312406618178
62,46,-0.25075589238176754,-0.04866209690778077,0.3649559071902673
63,46,-0.3166978772058782,-0.10467115509580323,0.3863972751209296
64,46,-0.38240531075840983,-0.16971292827841952,0.4262526058422544
65,46,-0.44607289358806423,-0.24146967598159033,0.44974504984210456
66,46,-0.5060485423769574,-0.3174919687842817,0.48762328439277264
67,46,-0.5604074529746961,-0.39533389680723074,0.5150462860239553
68,46,-0.6072097552017013,-0.4726712571044443,0.5494594467507868
69,46,-0.6448734062136855,-0.5474694428992257,0.5737013740904345
70,46,-0.6717911760659427,-0.6180936718482642,0.5918488535239596
71,46,-0.6868869416880655,-0.6832312245946501,0.6002957423015831
72,46,-0.6891372811761156,-0.7418129646403813,0.6117244993240195
73,46,-0.6781448466568161,-0.7934975235327064,0.6171402749366495
74,46,-0.6537738522354135,-0.8382961851693808,0.6159786401946055
75,46,-0.6164958227316742,-0.8762695323392006,0.6143540056571837
76,46,-0.5670996811041538,-0.9079607481768809,0.6148276569234435
77,46,-0.5067021904052391,-0.9335533169532422,0.6132597010963406
78,46,-0.4367690000904761,-0.9534491043790335,0.6073210265123233
79,46,-0.35895540139872745,-0.967936461352119,0.607170045065605
80,46,-0.2751863207737246,-0.9769559370638438,0.5957058596540321
81,46,-0.18732136195005575,-0.9805706723335802,0.6017182332475003
82,46,-0.09716223287608114,-0.9785931084156873,0.5990161073774631
83,46,-0.006529197864325784,-0.9709784423530062,0.5892047843256447
84,46,0.08296017225180695,-0.9575811532540762,0.5818571131640486
85,46,0.1698840676127835,-0.9387221529221009,0.5769449997428017
86,46,0.2532004030022326,-0.9149859277112796,0.5569559256157596
87,46,0.3320826963463925,-0.8870059416742668,0.5417212530508311
88,46,0.4057803340587704,-0.855563129609392,0.5189504966849346
89,46,0.4738780573781964,-0.8219557965798284,0.4968781943427529
90,46,0.5362635591516905,-0.7873831186720733,0.4792919618412613
91,46,0.5928912910016544,-0.7530767111168729,0.4588969329414362
92,46,0.6437346679199638,-0.720289114871087,0.4413456780661921
93,46,0.6891095082501639,-0.6900456667079978,0.43019919047093713
94,46,0.7290985500674941,-0.6631037683033707,0.4212209246047065
95,46,0.7640049734738399,-0.6404401112334088,0.4157024938261894
96,46,0.7939603206061601,-0.6224385076822866,0.4111867685473643
97,46,0.819251316763478,-0.6095797245940198,0.4135636603273091
98,46,0.8398542332637916,-0.60206041287374,0.4144946175929246
99,46,0.8560461892311436,-0.5999020853197353,0.41531970524417633
100,46,0.8677313502554459,-0.6033166511764574,0.4184288758959049
101,46,0.8752070536071785,-0.6122165721222153,0.4312394896436595
102,46,0.8783542114796421,-0.6266228139421779,0.4322650075689804
103,46,0.8773605922774972,-0.6462190115383425,0.4505160031662384
104,46,0.872399687496495,-0.6705507674127669,0.46163123972527687
105,46,0.863653162090909,-0.6988809921234752,0.47100193561371734
106,46,0.851523853641277,-0.7302770811443497,0.48681407536047683
107,46,0.8363557836039373,-0.7635421851543057,0.48973150249751674
108,46,0.8185988925941666,-0.7972754485577933,0.5042612821370593
109,46,0.7990220995402388,-0.8300933318495667,0.5182299059432154
110,46,0.7782807964124568,-0.8604920350264792,0.5236779308071202
111,46,0.7570914662774739,-0.8872927024331241,0.5226015829597815
112,46,0.7364179516971127,-0.9096698985073699,0.5127235102890388
113,46,0.7171644637026596,-0.927360516377843,0.5007727459854459
114,46,0.700154037214822,-0.9405126788122912,0.484501093333444
115,46,0.6862611800704221,-0.9497934519634943,0.4688427361005882
116,46,0.6764788138804275,-0.9561166161181672,0.44267966666342556
117,46,0.6714061106364279,-0.9609520619322016,0.42561978123188576
118,46,0.6717424660238794,-0.9654034217596222,0.4202265214450463
119,46,0.6780395771981349,-0.9708378051626471,0.41731007266930603
120,46,0.6905693470069286,-0.977871199169691,0.432733592817876
1,47,-2.05939972301639,0.7637856276329268,0.40333939227720544
2,47,-2.0324036001598547,0.7513368829392675,0.42599559898858885
3,47,-1.9974285844957842,0.741162549949974,0.4322800132291052
4,47,-1.954517333170309,0.7314038617064575,0.42877688128336544
5,47,-1.9038162487191965,0.7193842712008283,0.4056444525770987
6,47,-1.845558565936366,0.702500570284503,0.38368078361067876
7,47,-1.7799665271573784,0.6783754839204718,0.3719583368079768
8,47,-1.7072939688353506,0.6451521638531155,0.3656403459674252
9,47,-1.6277633521675088,0.6019689243209722,0.3800642248325594
10,47,-1.5418451220763927,0.5492828941557474,0.4027192777252664
11,47,-1.449690347888508,0.48831589952883425,0.43179344170614914
12,47,-1.3519571738264908,0.42143854380872925,0.47319554757719495
13,47,-1.2489249590997875,0.3513974889879054,0.5190043645466254
14,47,-1.1413394031910684,0.2812444489700566,0.5551334202850533
15,47,-1.0296305823673277,0.21356753932460315,0.5992067699754188
16,47,-0.9146126637792897,0.1505372256780936,0.6191936363081533
17,47,-0.79695324172254,0.0935836961849351,0.6303851793913497
18,47,-0.6775499709057484,0.0432985072915705,0.6352312938835559
19,47,-0.5573679551114372,-0.0006356214558239293,0.6278427289808735
20,47,-0.4373113336665842,-0.038998736476175015,0.6152994255855533
21,47,-0.3185943201174589,-0.07294163044783834,0.6052135015123162
22,47,-0.20233080301613662,-0.10396845685273448,0.590794931616277
23,47,-0.08965278296128848,-0.13309975295981913,0.5754633641466156
24,47,0.018266131345960744,-0.16144021679243178,0.564049000128833
25,47,0.12037151307172808,-0.1896451975916842,0.5573133713205338
26,47,0.2155891975392008,-0.21795806304534288,0.5521949031599015
27,47,0.30300719098888146,-0.24631090391323732,0.5519066492854747
28,47,0.38180608855561976,-0.2746000044463692,0.558435651902737
29,47,0.4512145714543866,-0.30239529171235047,0.5550223108368573
30,47,0.510831807809932,-0.32914286649298047,0.5716821018834196
31,47,0.5603900852339948,-0.35456136298330465,0.5799464020310171
32,47,0.5996514058468501,-0.37828720580913217,0.5850903209840963
33,47,0.6288991399809306,-0.39975197619411035,0.5949987192265472
34,47,0.6483121139282697,-0.41886513347306936,0.6012931663083643
35,47,0.658402654419743,-0.4353924046013061,0.6089816112479812
36,47,0.6598876259281737,-0.44943223558242246,0.6175156752006845
37,47,0.6535420959359443,-0.4611068176115867,0.6251374315723087
38,47,0.6402841767694629,-0.47038721137545053,0.6362219209444997
39,47,0.6210204131507862,-0.4774164823509555,0.6476802862698288
40,47,0.5969449218463754,-0.48187920417086777,0.6644299720875249
41,47,0.5690019142631438,-0.4836763259515164,0.685793804057819
42,47,0.5382432123638096,-0.48218502468802554,0.6972560445912194
43,47,0.5055132586634573,-0.47666159384515594,0.7138232065165928
44,47,0.4716508565659989,-0.4659635481615204,0.7342997629987563
45,47,0.43757010454438705,-0.44901186553051536,0.7446789182828132
46,47,0.40358326093238117,-0.42498053346040204,0.7512138684347767
47,47,0.37019343584539277,-0.393200129456305,0.7479720675580477
48,47,0.33754822084897795,-0.35346450826183806,0.7327208330894537
49,47,0.30569321281233147,-0.3061647301805872,0.7099604333358609
50,47,0.27437153929226205,-0.25252163049170206,0.6759359157734394
51,47,0.24329349230767516,-0.19432050556007438,0.63454909578066
52,47,0.2119819197732641,-0.13400772057055751,0.5780386533731974
53,47,0.17965550766533367,-0.0744982859307802,0.530261118755105
54,47,0.14580981739116713,-0.018932951221539745,0.475132060954985
55,47,0.10982975847346002,0.02973107252669421,0.430288631562124
56,47,0.07088511226482608,0.06859439432348599,0.3889372882480023
57,47,0.028526301338581077,0.09547807161648457,0.3526053058452164
58,47,-0.017547314569080995,0.10861576992353647,0.3269744376639716
59,47,-0.06745811079595648,0.10697033779490198,0.31285651588597546
60,47,-0.12098710053902838,0.0904874248890909,0.30750249737213603
61,47,-0.17789237398164254,0.059476746487180765,0.31340625651651516
62,47,-0.23724920866861443,0.015098713501960022,0.334462964911971
63,47,-0.29807912323849345,-0.041222242475900846,0.35307845229517565
64,47,-0.3591762816793423,-0.10732309242443197,0.38548943584360845
65,47,-0.41882841552343764,-0.18087404406901644,0.4135079590447111
66,47,-0.4754729203378201,-0.25936589480869643,0.4521899865195467
67,47,-0.5272521325887429,-0.3402478971461784,0.48049504244221697
68,47,-0.5722604685256341,-0.42107287916857133,0.5147176939586374
69,47,-0.6089396893352602,-0.4996888020226162,0.548553666776193
70,47,-0.6356782972139011,-0.574328198032479,0.5625635924136171
71,47,-0.6513850571877319,-0.6435758792281738,0.5812381080371579
72,47,-0.6550001466016897,-0.7062745330191845,0.5938616192485427
73,47,-0.6460787443437127,-0.7620169598421617,0.603759107478202
74,47,-0.6244139282799049,-0.8107673400018011,0.6037216288456496
75,47,-0.5904108123854128,-0.8525442541421077,0.6068961683328661
76,47,-0.5447782592738669,-0.8878723425538227,0.6061670922627077
77,47,-0.4885586530824916,-0.9169169361209554,0.6055593003863579
78,47,-0.42312580446497183,-0.9400687317240846,0.6034089971924391
79,47,-0.35005129541231245,-0.9576169504434157,0.6077260194217262
80,47,-0.2711842893779361,-0.9695138580868162,0.6039997662386039
81,47,-0.188308765000024,-0.9758274408966015,0.6034609676366429
82,47,-0.10315372229746989,-0.9763718648311037,0.598126827413088
83,47,-0.017473509421244753,-0.9711016520697399,0.5933880387434407
84,47,0.06715533090306987,-0.959830088273823,0.5898473716325482
85,47,0.14937084959291014,-0.9428158858573216,0.5863444469417944
86,47,0.22815728892495274,-0.9205291955866116,0.567465582406165
87,47,0.3027210727919144,-0.8934605404618677,0.5568162324103603
88,47,0.3723252273899425,-0.8622306614596383,0.5394004839964037
89,47,0.43657066458927296,-0.8279760143664754,0.5250818451815933
90,47,0.49535428895448136,-0.7917498919946222,0.5076034846122461
91,47,0.5486298067237815,-0.7546994930336448,0.4861649687996071
92,47,0.5963660324719238,-0.7180726655641875,0.460861841616101
93,47,0.638886023442962,-0.6829788411124732,0.45055042068040846
94,47,0.6762668578718232,-0.6503561571601033,0.43299538302694535
95,47,0.708820494958899,-0.6214248537641212,0.42409803430766907
96,47,0.7366941348055127,-0.5968843892844106,0.40687778846612754
97,47,0.7601671008058559,-0.5775402880281402,0.41250277838237365
98,47,0.7792419550413353,-0.5639174468316646,0.40400854905251615
99,47,0.7942135527882076,-0.5563178051572575,0.40044956429698036
100,47,0.8050041286108855,-0.5551471754763804,0.4053101888748748
101,47,0.8119289850123432,-0.5604551200062811,0.40875714004594177
102,47,0.8148949088855623,-0.5722979796789308,0.41330134483544845
103,47,0.8140895263956418,-0.590322421677311,0.42539655518271535
104,47,0.8097011732287799,-0.6139767686043732,0.43874565519346886
105,47,0.8019174134395494,-0.6423765260736494,0.4510318871822568
106,47,0.791122005412782,-0.674431279776531,0.46535558412873873
107,47,0.777631862529073,-0.7087644168801445,0.4793236652534145
108,47,0.7618714052346514,-0.7438350411623622,0.4955547823297221
109,47,0.7445648430149702,-0.7781420322459733,0.5021262736466678
110,47,0.7263005757240918,-0.8101003079917634,0.5128453204677305
111,47,0.707729143472995,-0.8384826176688415,0.5206128501462227
112,47,0.6897476833270267,-0.8624314072140173,0.5080584276272414
113,47,0.673158202278008,-0.881675052631611,0.5023345891399227
114,47,0.6587195893630696,-0.8963423393327339,0.4875542435888873
115,47,0.6472174792568031,-0.9070810863936588,0.4659887816794714
116,47,0.6395653797384708,-0.9147686436525875,0.4497109790585762
117,47,0.6362917442616316,-0.9207984368921962,0.4326782440485661
118,47,0.6380323376597083,-0.9262159490315492,0.4193271083801183
119,47,0.6452894547344266,-0.9323175509975649,0.424256251669891
120,47,0.6583144245088004,-0.9396621164107539,0.4386631817783778
1,48,-2.063107778352496,0.8539489388274536,0.3968050891409635
2,48,-2.0359765329097494,0.8423852335571035,0.4193408577604125
3,48,-2.000737682968679,0.8338943650670894,0.4176026863090228
4,48,-1.9574537710291189,0.8264199627923047,0.405108628561396
5,48,-1.906286160406411,0.8170442688439635,0.3827083344495395
6,48,-1.8474920794374858,0.8028835187580701,0.3622806519687924
7,48,-1.7813220930968916,0.7812825578039174,0.3404007298970831
8,48,-1.708057513644984,0.7501338901998066,0.3355134982726483
9,48,-1.6279478980187212,0.7083728012565058,0.3468917083823705
10,48,-1.5414872428906994,0.6563061828076259,0.3604665139883861
11,48,-1.4488368590682348,0.5950786664674691,0.3981315167316421
12,48,-1.3506675811708582,0.5270527562128794,0.44274979479942345
13,48,-1.2472602677053672,0.4549984714953713,0.4902385521188016
14,48,-1.1393543646393482,0.38203647724266065,0.5249337818339643
15,48,-1.0273782763196768,0.3108539154690352,0.5653871256822455
16,48,-0.9121173914646705,0.24373291145625428,0.6009683750982612
17,48,-0.7942191660046523,0.18221819750214607,0.6168524562106082
18,48,-0.6745553919752668,0.12702852434969567,0.6256535263392055
19,48,-0.5540685156135674,0.07796230386158182,0.6209397538600567
20,48,-0.43364007909954705,0.034387071419073545,0.6159752570204164
21,48,-0.3144756140744121,-0.004713508905168127,0.6153858009891248
22,48,-0.1976728846415119,-0.040719128648091255,0.5944434725948816
23,48,-0.08436706241342878,-0.07452975875173312,0.5891720567337837
24,48,0.024246567951896336,-0.10714038492846016,0.5789088578246939
25,48,0.12708300852095958,-0.1391337118245043,0.578648595823444
26,48,0.22304406847022193,-0.17070668980290876,0.5719221759200992
27,48,0.3111587738612784,-0.20176601758172205,0.5750523956492636
28,48,0.39054321634270117,-0.2322211605317482,0.5829468091176414
29,48,0.46036344995921363,-0.2616552668378005,0.5883947481257396
30,48,0.5201499759666598,-0.28952785658556174,0.5906826437901741
31,48,0.5695578842762726,-0.31555119714781543,0.5949737989841194
32,48,0.6082922629951507,-0.3393367146694295,0.6090937526165099
33,48,0.6365803694051564,-0.3602689368132139,0.6145303899640648
34,48,0.654557303496948,-0.37819729932010926,0.6244087352029386
35,48,0.6627130149004038,-0.39282954133270015,0.6216565077897706
36,48,0.6617491938257865,-0.4042355980178229,0.6296462530369245
37,48,0.6524725472567978,-0.41254729484534214,0.6413440353333096
38,48,0.6358339490190366,-0.4178281892771799,0.6421943222443157
39,48,0.6128017998753903,-0.4203732654556557,0.6523438348928875
40,48,0.5846623954563325,-0.4200946407783605,0.6598891498949171
41,48,0.5524640071658488,-0.41716958458949344,0.6722538160673106
42,48,0.5173706674006221,-0.4112815790330204,0.6815566108067548
43,48,0.48036004912942104,-0.401993108295758,0.6974345964700654
44,48,0.44241792489307435,-0.38841835359504895,0.7110187792260838
45,48,0.4045933987659093,-0.369653435817631,0.7134146430572479
46,48,0.36734142143836895,-0.3449526002774862,0.7223215678985868
47,48,0.3312796868330118,-0.31362185989538677,0.7173743460746292
48,48,0.2966721973914642,-0.2753244417908963,0.709736913005623
49,48,0.26365096628237517,-0.23022375162312012,0.6899292244375852
50,48,0.23202368921544503,-0.17923689645707833,0.6575692486879648
51,48,0.20153558319486728,-0.12383862439532069,0.62218006466301
52,48,0.1717323953885446,-0.06616177141434512,0.567296355885218
53,48,0.14179562184610672,-0.008860783323578585,0.518295240016635
54,48,0.11117786469032297,0.04512026606154495,0.4636450382200717
55,48,0.07918789096931668,0.0929167012241688,0.4120209663409418
56,48,0.04490030678571828,0.13163360898213908,0.36655997916191385
57,48,0.007735914789916822,0.15899569799312607,0.3330180817904928
58,48,-0.03274258733736865,0.17306066853441324,0.30415138910581063
59,48,-0.07679274629378517,0.17257134169634433,0.2889106251428198
60,48,-0.12436549378789535,0.15721744849584388,0.2846589531222001
61,48,-0.1753667635827347,0.12707096346786673,0.2782140824693261
62,48,-0.22901457422779248,0.08308711785135924,0.29096367030029774
63,48,-0.28447922784276614,0.026539433085893863,0.3161322033342485
64,48,-0.3406858658615904,-0.0404990369606785,0.34450920460010204
65,48,-0.3960239590859586,-0.11570813385463263,0.3761353484203924
66,48,-0.4490265588432065,-0.19653140329912017,0.4157219381683454
67,48,-0.49791109427088076,-0.2803184481762233,0.4477712138456411
68,48,-0.5408157717671092,-0.36449636386721984,0.4802040790650002
69,48,-0.5762136805965195,-0.4467883020139878,0.509971860464745
70,48,-0.6024967634938975,-0.525288152462402,0.5378351405438424
71,48,-0.6185630182144602,-0.5984743578792651,0.5609813271957099
72,48,-0.623321362653971,-0.665104960492973,0.573216117503052
73,48,-0.6162832526764453,-0.7247138526567412,0.5847006471270716
74,48,-0.5971698533552536,-0.7772309583323228,0.5899768066875557
75,48,-0.5663213467490817,-0.8226525399289325,0.5851467820802385
76,48,-0.5243628229678667,-0.8615037828867904,0.5926672331142459
77,48,-0.4722594674566565,-0.893951357757389,0.5929744268139933
78,48,-0.41128940227743216,-0.9203914258496237,0.5938401545335763
79,48,-0.3429340538798672,-0.9411258782936854,0.5910741096940544
80,48,-0.2689626424807475,-0.9561259331911562,0.5939123905247055
81,48,-0.1910774718928471,-0.9654654359234685,0.5955628107494229
82,48,-0.11093073599116399,-0.9689576759846742,0.5929887918820174
83,48,-0.030207020920901377,-0.9665480785253082,0.5899185100852896
84,48,0.04956247861837102,-0.9579969494797882,0.5859450688024627
85,48,0.12707762841845027,-0.9434840903889603,0.5810033060558158
86,48,0.20135028609481279,-0.9233466549351108,0.5838063987577378
87,48,0.271622245814462,-0.8979105745018183,0.5676796556842241
88,48,0.3371688622060262,-0.8676144644387013,0.5490006877494151
89,48,0.39760877764677605,-0.8334084815233028,0.53811243136053
90,48,0.4528477070613278,-0.7961783916336627,0.5193417437519229
91,48,0.5028384773703839,-0.7569668372447118,0.5057072810480426
92,48,0.5475483659543308,-0.7169996025993375,0.4848827366362923
93,48,0.5873063790442713,-0.6774564895117123,0.4712799341029126
94,48,0.6221878798095507,-0.6394508281663375,0.4466480195372056
95,48,0.6525149297104265,-0.6044422566104,0.43716386415425956
96,48,0.6784533584364753,-0.5734496132367075,0.41791021693640773
97,48,0.7002790210714245,-0.5476109259658927,0.40495901250052935
98,48,0.718024239543777,-0.5277921541163215,0.40256647629368264
99,48,0.7320040921052497,-0.5145946341143595,0.38883750579250487
100,48,0.7421619929724083,-0.5086379085856794,0.38726650278192015
101,48,0.7488326075558069,-0.5101350335519345,0.38625912155944003
102,48,0.7519498180521043,-0.5192012884822097,0.39635195271114965
103,48,0.7517006800322401,-0.5354750859746688,0.4010419836483849
104,48,0.7482870517246174,-0.5583327770149943,0.4140754273673969
105,48,0.7418991596717305,-0.5867631079138016,0.4294858242143114
106,48,0.7328959717182993,-0.6195365380662112,0.45149988384415773
107,48,0.7215629908299134,-0.6551095238559383,0.4692325629324375
108,48,0.7082917644057335,-0.6918057791785344,0.4790886014102643
109,48,0.6937536183261942,-0.728005483146766,0.4986705776013516
110,48,0.6784618510770286,-0.7620328937479832,0.5119011433748526
111,48,0.6629930892375925,-0.79259962105303,0.5092380196431538
112,48,0.6481684615468989,-0.8187934458426052,0.5043227948258558
113,48,0.6346796225868876,-0.840309697583818,0.5000829785809752
114,48,0.6232135653402681,-0.8572266668569722,0.4861925070516486
115,48,0.6144603596029939,-0.8701410939992578,0.46837851390632845
116,48,0.6092465575163077,-0.8798604154929265,0.45351966045932046
117,48,0.6080250059681018,-0.8876662287022321,0.44092466436493905
118,48,0.6113633025369739,-0.8945177756356291,0.4273914491945762
119,48,0.6197115912296279,-0.9016141693200561,0.44149496331475885
120,48,0.633297714612896,-0.9094401401023144,0.4497362067245678
1,49,-2.063607981613179,0.9460787544132395,0.38644684846492094
2,49,-2.0363580858807477,0.9352833725471297,0.40203954528825747
3,49,-2.000889363915028,0.9282675330227677,0.4031539647004133
4,49,-1.957284449075929,0.9228223802245061,0.38761628086660166
5,49,-1.9057222493652528,0.9158458608968371,0.3650643668786328
6,49,-1.8464854248729303,0.9042351273431676,0.33301355404395305
7,49,-1.7798541527113183,0.8851091958052791,0.3186059665349336
8,49,-1.7061406707409714,0.8561480580211632,0.3034907231270381
9,49,-1.6256242201355007,0.8161002054939756,0.31449307168494856
10,49,-1.5388249655042974,0.7651140668459707,0.3302389484374637
11,49,-1.4459174252290838,0.7042321072482833,0.3626281410808413
12,49,-1.3475857718829956,0.6357629501280296,0.4044321517956419
13,49,-1.244115789627825,0.5624510048256685,0.45107286145489367
14,49,-1.1362408584941015,0.4874314528802017,0.498090538481423
15,49,-1.0243874332968301,0.41344697440090833,0.5383736352801826
16,49,-0.9093116252123598,0.3428567276970621,0.5717687366479556
17,49,-0.7916395694063966,0.2772957627948279,0.5969686091369543
18,49,-0.6722139665767646,0.21759908665352495,0.603231771675219
19,49,-0.5519497643826441,0.16367791664458842,0.6148492096178295
20,49,-0.4317019479598231,0.11504951214238177,0.6139940081718636
21,49,-0.31265938752267713,0.07084016841819307,0.6085887534426455
22,49,-0.19589592038658094,0.029803202991057872,0.6093509175044898
23,49,-0.08254303986141666,-0.008827187600702606,0.5934391842678192
24,49,0.026192401610758094,-0.04592038884751699,0.5878737152882589
25,49,0.12920470872625509,-0.08196502590975728,0.5914378448837855
26,49,0.22537999050538543,-0.11708561554434153,0.5918304264287078
27,49,0.31369774327227345,-0.1511321907799758,0.5917275503479863
28,49,0.3932179097461487,-0.183994808880844,0.5966430439099556
29,49,0.4630521051418227,-0.21523765756179072,0.5989023067579023
30,49,0.522667843976858,-0.24430850555709593,0.6082673455079922
31,49,0.5716474898509181,-0.27089780361012555,0.6163928864978766
32,49,0.6096431988474686,-0.2945852609393022,0.6232812153068488
33,49,0.6368253957468053,-0.3147183372610023,0.6347817568900689
34,49,0.6532856060015612,-0.33110126040462323,0.6356251839601573
35,49,0.6594885088320049,-0.3434109278815614,0.644986475092095
36,49,0.656115764008826,-0.35171310140379675,0.6366944568660388
37,49,0.6439986973571594,-0.3561745422772868,0.649114063578116
38,49,0.6241131320213883,-0.3569714874902574,0.6399544107202001
39,49,0.5974810198303729,-0.35456480809041035,0.6450851726462168
40,49,0.5654701291188841,-0.3491024276360023,0.6456074188001241
41,49,0.5292228013867621,-0.34104255425990115,0.650992659357753
42,49,0.4900058222470558,-0.33037891529944446,0.6537901708579663
43,49,0.4489203141019044,-0.3169891355920604,0.6662170951498362
44,49,0.4070911633546698,-0.3002571896542089,0.6686487783652759
45,49,0.36569394382911663,-0.27947631951920887,0.6831270011724178
46,49,0.3253219456606026,-0.25400385178283597,0.6803592621119945
47,49,0.2867034688991962,-0.22314870346827978,0.6805938535535314
48,49,0.25021702402949,-0.18646748532905352,0.6738130148709517
49,49,0.21608078809566728,-0.1439119006443775,0.6548548796283534
50,49,0.1841698815820612,-0.09610084299816718,0.6300499687698033
51,49,0.1542684431634953,-0.04418688911012129,0.5960059831136446
52,49,0.12594990346149593,0.010035322003463028,0.5515744765843531
53,49,0.09836734853989365,0.06421072618922348,0.5031266359113349
54,49,0.07093718345132895,0.11564200358992831,0.4570601514745325
55,49,0.04289951387501535,0.161610144561326,0.4045352049092105
56,49,0.013243399027630704,0.19927537985820404,0.3564473432580055
57,49,-0.01873319825911053,0.22630960981060627,0.31733243078523365
58,49,-0.05359765503046044,0.24062646461672724,0.2858521514811264
59,49,-0.09173790557161035,0.24076597532451352,0.26363997091792285
60,49,-0.13327134541313052,0.22616422818609375,0.24603270971135124
61,49,-0.17824919437171802,0.19664738120473096,0.25226988886126284
62,49,-0.2260342657071396,0.15294653626603014,0.2616690591028026
63,49,-0.2759467759923382,0.09616361356261502,0.27966716381820983
64,49,-0.32704653258013416,0.02825766058769076,0.30239463714056186
65,49,-0.3778324253586572,-0.04847942168788225,0.3294903024574772
66,49,-0.4269384926624476,-0.13145627734930723,0.37187498498277216
67,49,-0.47266441418617644,-0.21793084846647753,0.4073529190443394
68,49,-0.5132011936389691,-0.30520696788529056,0.4423809163812555
69,49,-0.5470603095977594,-0.3908814685438786,0.4754284703135156
70,49,-0.5726444001483457,-0.472911705898618,0.5070042852896747
71,49,-0.5888448079910268,-0.5496734166480561,0.5360062304432577
72,49,-0.594544106496481,-0.619852063653476,0.5485047808985485
73,49,-0.5892134288150769,-0.6829377906386921,0.5552484534939259
74,49,-0.5725012360510084,-0.7388471244422532,0.5630050135699705
75,49,-0.5446839530987501,-0.787580742370905,0.5707739930805158
76,49,-0.5062992159016345,-0.8296887940107409,0.5701785871225591
77,49,-0.4582318213776567,-0.8653616359963738,0.5769639267413118
78,49,-0.401660373542277,-0.8950178682221482,0.5748235307157694
79,49,-0.3379697442164607,-0.9189805484115535,0.5724128759659328
80,49,-0.268845062832805,-0.9372405883790536,0.5777771537901739
81,49,-0.1959010477359501,-0.9498700251519965,0.5814173371082721
82,49,-0.12070926732274584,-0.9566690327339173,0.5806409339075743
83,49,-0.0448811136494243,-0.9575564234983416,0.5832396365738074
84,49,0.030101379706035887,-0.9522215209106271,0.5795893849390252
85,49,0.10300097177695229,-0.9407457015157564,0.5861896495026246
86,49,0.17285774219834374,-0.9233168698393762,0.5783172770239464
87,49,0.2389502026121069,-0.9000821360850081,0.5733682612772464
88,49,0.3005635976354267,-0.8712868088723902,0.5589391969164287
89,49,0.35733454537541426,-0.8376842242142437,0.5492062028428613
90,49,0.40917584547945246,-0.7999850411758885,0.5370596070560792
91,49,0.456037801642801,-0.759119752022156,0.5226809354894772
92,49,0.49788776888259983,-0.7162836843107444,0.495948349088035
93,49,0.5350578898550047,-0.6727179888284734,0.482660524352763
94,49,0.5676242287020583,-0.6297053189937151,0.46162716123654657
95,49,0.5959188815786015,-0.5889361350681678,0.4423894927869793
96,49,0.620127806558615,-0.551743496108963,0.42627040510501873
97,49,0.6405262809654326,-0.5195949025261891,0.4056043077800077
98,49,0.6571787860648004,-0.493698374829605,0.3879004789873546
99,49,0.6704222970360779,-0.4749612567860335,0.374777534697635
100,49,0.6802239814291292,-0.46422621675133796,0.37149595354926657
101,49,0.6869390145429976,-0.46188674155240217,0.360867983545637
102,49,0.6905294391197271,-0.4681336261292448,0.3748558657251419
103,49,0.6911818398741001,-0.48262027446650085,0.38795672884124127
104,49,0.6891107856258947,-0.5046729904690023,0.39499230680863323
105,49,0.6845067116966607,-0.5331720217702396,0.41237322315294606
106,49,0.6776993931146945,-0.5667672714012454,0.42999826404895725
107,49,0.6689400069246022,-0.6037615298172629,0.44810893411729114
108,49,0.6585814343130706,-0.6423493154183808,0.46720578470254476
109,49,0.6472355467534986,-0.6807935383990097,0.4873190385420493
110,49,0.6353345366673334,-0.7173209880680418,0.4972976847510301
111,49,0.62337503270446,-0.7505731321045256,0.5019548916135089
112,49,0.6120946937095565,-0.7795650939240922,0.5044960014829609
113,49,0.6020688648726344,-0.8039396132720341,0.49755373463144603
114,49,0.5939066166954942,-0.8236996120665797,0.4943634806860996
115,49,0.5881973024184903,-0.83936541358591,0.47221200184802503
116,49,0.5856747390630969,-0.8516486303783879,0.46368577282280643
117,49,0.5867125100493302,-0.8616918270970815,0.4570624266320026
118,49,0.591806597076114,-0.8703470716200908,0.4449084265583385
119,49,0.601353265065301,-0.8786962289238924,0.4532047456318467
120,49,0.6155542754445268,-0.8871378895174525,0.47091065746388405
1,50,-2.0602300204366535,1.0385850120878144,0.3638094819648262
2,50,-2.0328892495769284,1.0284010464476172,0.3962983985231317
3,50,-1.9972466806201674,1.0225751288370895,0.3921654306336498
4,50,-1.9534045055050673,1.018798702456437,0.3731674425010318
5,50,-1.9015606871379465,1.0138523039880003,0.3453205029254685
6,50,-1.8420234922534107,1.0044869063192952,0.3166715218562972
7,50,-1.7751023605179284,0.9876603553884552,0.29144665302291467
8,50,-1.701142134913189,0.9608899235346526,0.28044871132096916
9,50,-1.6204527224740064,0.9227639821119653,0.28047934627625776
10,50,-1.5335812653150689,0.8732731130811939,0.29728233100256957
11,50,-1.440717001959817,0.8133382651463329,0.3309438233987135
12,50,-1.3425566933349335,0.7451720426579144,0.3686946218038001
13,50,-1.2393932607851266,0.6714449716174457,0.4162606887105824
14,50,-1.1319536039190923,0.5952510429787323,0.4674475645911549
15,50,-1.0206610379152052,0.519340910342764,0.5060928339229493
16,50,-0.9062417445811188,0.44611012780902376,0.5382600644149654
17,50,-0.789299298226995,0.377252527172602,0.5667581482372166
18,50,-0.6706444026461277,0.3136991668676719,0.5819607863675308
19,50,-0.5511598962925841,0.2554615301179964,0.595519408820259
20,50,-0.431670759626408,0.20219802635952744,0.5971141985531723
21,50,-0.31334154541573134,0.15317578922243436,0.5938270089903288
22,50,-0.1972150252813388,0.1072807195733306,0.5945987249631761
23,50,-0.08441249645271075,0.06388703135312157,0.5938587244975488
24,50,0.023857617689958595,0.022261807544467722,0.5892143274189542
25,50,0.126478691376845,-0.01797050450396244,0.5894772007709097
26,50,0.22232960211262415,-0.056835903808947104,0.5919889755400474
27,50,0.31034996379216967,-0.09409472299268382,0.5978300099749303
28,50,0.389552702228002,-0.12958138192236393,0.6050088227029861
29,50,0.45900382937601386,-0.1628046684668521,0.6085728198301374
30,50,0.5181141230988741,-0.19317238538765966,0.6176260954484067
31,50,0.5663986609280675,-0.22033524954569841,0.6265874227961611
32,50,0.6034613218952407,-0.24383444968257587,0.6337085273149367
33,50,0.6294156263868917,-0.26299091704950767,0.6367409240602226
34,50,0.6443103406380581,-0.2775811278496158,0.6510983634619453
35,50,0.6485820644907144,-0.2872803271704652,0.6448441786249984
36,50,0.6428877324316082,-0.29217556734668804,0.645355475480845
37,50,0.628075712399451,-0.2924937284012627,0.6458289926461165
38,50,0.6051384019894985,-0.2885395620944932,0.6470534248326666
39,50,0.5751419607828622,-0.28094735747337546,0.6304675806107578
40,50,0.5395235477327026,-0.2700994566725593,0.6311052186310021
41,50,0.49950798378689304,-0.2567278678909881,0.6317306347910466
42,50,0.4564537055833621,-0.24112778613009245,0.6241484535998688
43,50,0.4115734125034194,-0.22348840349867266,0.6280649031091482
44,50,0.36612120910197926,-0.20346574289177163,0.6332269057919231
45,50,0.32138862621153197,-0.18056513729943482,0.6357089830762077
46,50,0.27810094761956833,-0.15426648664912193,0.6407465622602948
47,50,0.23709155081192004,-0.12391057229934438,0.6401924138830161
48,50,0.1988499723316054,-0.08897784078641259,0.6326256880883455
49,50,0.16367914377339693,-0.04923479267235882,0.6151199815711291
50,50,0.13152370789583842,-0.005021907442555004,0.6001762007712668
51,50,0.10221049063223134,0.04282591367765098,0.5700089126024667
52,50,0.07534521377015399,0.09286044582875429,0.5322391657435219
53,50,0.05006202802181149,0.1430502068202319,0.49530985678688905
54,50,0.02574850018951349,0.1909829905303254,0.43557801920286066
55,50,0.0015846392645047338,0.23413195577624266,0.38358075002203007
56,50,-0.023515130962924503,0.26976123168192984,0.3381875931492321
57,50,-0.05036708167094425,0.29553778908038936,0.30152623922693067
58,50,-0.07966056888325615,0.3092724725023049,0.26253927059014415
59,50,-0.11190735697814357,0.3093327071855433,0.2347794198246579
60,50,-0.14738596567163983,0.2949193766792355,0.21873259965732916
61,50,-0.18628877131568905,0.2656205692397696,0.21773308889420584
62,50,-0.22812394591931331,0.22193943339830655,0.2224528061611441
63,50,-0.2723612083166463,0.16479708875751112,0.2353314395062645
64,50,-0.3181975520548786,0.09602300810820774,0.2644199950436842
65,50,-0.36424798209789955,0.0178654141461717,0.29398478132057076
66,50,-0.40925211625987257,-0.06706243215451763,0.33399084550162866
67,50,-0.4515984145713677,-0.15593892152605016,0.3757639409823269
68,50,-0.48953930812909163,-0.2459542212475083,0.40961113476950034
69,50,-0.5216316072987586,-0.33458514387480964,0.4478661700747628
70,50,-0.5462957010661095,-0.41966392436718264,0.47383138238166195
71,50,-0.5624205932858493,-0.499475465735868,0.49897027188242826
72,50,-0.5688675152465253,-0.5726525453575767,0.5216908757624468
73,50,-0.5650708706984197,-0.6386635340620153,0.5344598586664757
74,50,-0.5506060790971868,-0.6974379938063795,0.5440525611826963
75,50,-0.5256871007168532,-0.7490118150002546,0.5455883185654529
76,50,-0.49076097278532754,-0.7939868713863737,0.5469838045113578
77,50,-0.44662905534869884,-0.832599920739504,0.551527443151878
78,50,-0.39436699650515467,-0.8653073848349745,0.5515499979579643
79,50,-0.335257199587854,-0.8924578574592252,0.5503369667068827
80,50,-0.27089679244146425,-0.9140562730474004,0.5595379519903856
81,50,-0.20280737237412344,-0.9301574730589764,0.5642575248612047
82,50,-0.13247638821388727,-0.9405280606901237,0.5684956657782837
83,50,-0.06143900229770434,-0.9450352501750907,0.568820297245667
84,50,0.008875336627838975,-0.9432747110934078,0.5718605032590228
85,50,0.07729284486841916,-0.9352082557474691,0.5719764899698478
86,50,0.1428820692197905,-0.9208615402342655,0.5739527931801327
87,50,0.20495895365646247,-0.9001963513978716,0.577974078594832
88,50,0.2628156895190743,-0.8732642767844101,0.5683196045857211
89,50,0.31610639586071937,-0.8406253092933025,0.5690897342737147
90,50,0.3647485114846665,-0.8028214349502957,0.5527296885138114
91,50,0.4086873765983551,-0.7606762606929178,0.5360552499753153
92,50,0.44789117975035286,-0.7153558288946353,0.5135991289670881
93,50,0.48269152637548135,-0.6681593885748082,0.49944760789787446
94,50,0.5131664971021883,-0.6205337056050209,0.4735340019370163
95,50,0.5396572594845644,-0.5743884395836677,0.4475637899409963
96,50,0.5623702961273686,-0.5313580305639144,0.423117696783724
97,50,0.5815823627991601,-0.4932268515005374,0.392903371454737
98,50,0.5973915941275703,-0.46153512292164134,0.3761103894928664
99,50,0.6101577696633568,-0.4374909094105564,0.3640976075277728
100,50,0.6198738102228476,-0.4221591149206279,0.35713685573994913
101,50,0.6269162007779601,-0.4161207276870541,0.3485945358894444
102,50,0.6312758691381665,-0.4196510083014577,0.35150115524126324
103,50,0.6331393063012705,-0.4324349430299497,0.3577763078596584
104,50,0.632733236444925,-0.4537659871868009,0.3739124286349394
105,50,0.6302463317790359,-0.48243045643650306,0.3943680306168019
106,50,0.6259758727543573,-0.5169746103254247,0.41069183147129323
107,50,0.6201368671924806,-0.5555599666369061,0.4299836971812893
108,50,0.6130391039091327,-0.5962586558424549,0.45856868216468194
109,50,0.6052298327768753,-0.6372197305406183,0.47977736889080735
110,50,0.5970560498584176,-0.6765682259789716,0.48769716025264115
111,50,0.5889300975748594,-0.7128704119790047,0.5051525338665873
112,50,0.5815004379921006,-0.7450561282018033,0.5074832242815803
113,50,0.5752223713962336,-0.7727020531742349,0.5060900816733205
114,50,0.5706226402128886,-0.7957186125379797,0.49811541234744017
115,50,0.5681863168942575,-0.8145323507188326,0.4885220779178017
116,50,0.5685504625716427,-0.8297423127883409,0.485597604817942
117,50,0.5720070711234344,-0.842334619561013,0.4809634044945888
118,50,0.578978176527036,-0.8530416275870094,0.46967042858617497
119,50,0.5898054564595359,-0.8628157112386069,0.47992178049278394
120,50,0.6046623595536698,-0.8719630497405501,0.4943262207145657
1,51,-2.052453719916735,1.1298532036044722,0.35518253542877204
2,51,-2.0250593579292606,1.1201055485552176,0.3898448383542225
3,51,-1.9893176083129476,1.1151491085829721,0.38035351895457203
4,51,-1.94534921204165,1.1126311522204122,0.3606145658567209
5,51,-1.8933719962383002,1.1092854092099487,0.33033507058598444
6,51,-1.8337191460206979,1.101793798527166,0.2997015804613754
7,51,-1.7667279035605463,1.0870234277636786,0.2736291189577892
8,51,-1.6927761473441751,1.0623843542343616,0.2594100931198475
9,51,-1.6122042137551458,1.0263375171805027,0.262544253998434
10,51,-1.525585714617685,0.9787223536858278,0.26834015958576496
11,51,-1.4331249555666383,0.9203237077156228,0.2997198753514484
12,51,-1.335529308456139,0.8532204909835764,0.3405582807850762
13,51,-1.2330998919165908,0.7799635406016532,0.3892898326818264
14,51,-1.1265559152985996,0.703551493353999,0.43224151297745134
15,51,-1.0163152347704165,0.6266944597560251,0.4768150677880524
16,51,-0.903072912960581,0.5517813270311387,0.5128529882889217
17,51,-0.7874080773573964,0.4805295040592897,0.5390644021506715
18,51,-0.6700962133260564,0.4139403070847686,0.5614426950089737
19,51,-0.5519829925257276,0.35210714622245054,0.5657275870558356
20,51,-0.4338596413921783,0.2948140497002119,0.5787143940798323
21,51,-0.31685844307218575,0.24146029456734683,0.5757595249242726
22,51,-0.20198393430098258,0.19105783968552462,0.5715119664778142
23,51,-0.09034041219415312,0.14312061051141256,0.5808969152079307
24,51,0.01687243080744807,0.09705845632064515,0.5843803197030668
25,51,0.11853704262127315,0.05262439679969686,0.5885109830685025
26,51,0.21353377933933312,0.009914853167645251,0.5936757526329076
27,51,0.30077221931167475,-0.030709480746879205,0.6027449367408492
28,51,0.3792280025749953,-0.06899146708290928,0.6072793617194965
29,51,0.4479306268900814,-0.1043478308436542,0.6130512286072238
30,51,0.5062405477044967,-0.13611848176126187,0.6227270701811184
31,51,0.553611310463269,-0.16389597601260167,0.6312128354369944
32,51,0.5896031738210391,-0.18717679666415982,0.6422126562507017
33,51,0.6142725581647024,-0.20526539838217386,0.6443700546121014
34,51,0.6276262030518315,-0.21792845349660592,0.6504040307215987
35,51,0.6300691511590244,-0.22486784641370172,0.6445723319710562
36,51,0.6222284086300447,-0.22621557049947197,0.6364182612162386
37,51,0.6049605931359522,-0.22228104542224913,0.6363885704493802
38,51,0.5792652417661533,-0.21350759853663462,0.622801079965467
39,51,0.5462418744184752,-0.20070377780997234,0.6133189053993047
40,51,0.5073832349364134,-0.18447635874082335,0.6026425542070747
41,51,0.46398330242715324,-0.1658143558683546,0.5963996973546155
42,51,0.4174792532651867,-0.1452957531488312,0.5900385021935057
43,51,0.3691813779146835,-0.12340791328278136,0.5838957183416182
44,51,0.3204611635370466,-0.10007279500988403,0.5865157678867593
45,51,0.2727136465622539,-0.07501734885634094,0.5832684209715615
46,51,0.22678786068325715,-0.04786116602762253,0.5888954645209915
47,51,0.18361531279711515,-0.01800723697091989,0.5878116390821867
48,51,0.14379155244745503,0.015104169716599164,0.5883202027716724
49,51,0.10770183185408161,0.051855976446491175,0.5778370743061084
50,51,0.07536158953869902,0.09215353132134581,0.5656953382744362
51,51,0.04664385982928076,0.13546036394598546,0.5324238090187756
52,51,0.021190957667560524,0.18066762657123842,0.5066410290606282
53,51,-0.001871957843740632,0.2260775765683389,0.4636393777403767
54,51,-0.02317831124256641,0.2695899938631085,0.41757347592887883
55,51,-0.04359867171284595,0.30890980952115493,0.36484057221495303
56,51,-0.06428128258131824,0.3414517658436813,0.3253275103318045
57,51,-0.08614629069483198,0.3649296540668475,0.2798903934508336
58,51,-0.10999552715775686,0.37710182988650925,0.24596480688314723
59,51,-0.1364562813378113,0.37620611660349396,0.21284771460569754
60,51,-0.16596083565641953,0.36124280078983284,0.19464134039258463
61,51,-0.19883680089670827,0.3315856467391468,0.18952581114554443
62,51,-0.23473647638574682,0.2875215059781186,0.19307721357287383
63,51,-0.2732767751242548,0.22979314141543136,0.2118250751754353
64,51,-0.3137926879996516,0.16009321700493648,0.22663025656441868
65,51,-0.3550203842768818,0.08061362378976794,0.26008328397945085
66,51,-0.39580828761981185,-0.00602517875121065,0.29858218840748263
67,51,-0.43463887625149356,-0.09693986850077434,0.34120690911948676
68,51,-0.46983349149411674,-0.18922556590501674,0.3727365060019062
69,51,-0.5000003400766885,-0.2802553697735734,0.41768734354016174
70,51,-0.5235837271251483,-0.3677589124533491,0.44422699739902
71,51,-0.5394741684718095,-0.4499518763562969,0.46840535044002113
72,51,-0.5465160511942493,-0.5254425799669618,0.4921778561276668
73,51,-0.5441101988024535,-0.5937059817436954,0.5028592439511557
74,51,-0.5317586913515447,-0.6547152172495042,0.5113461525496542
75,51,-0.5096140723030547,-0.7085737631281968,0.5206416565794241
76,51,-0.47802981870753175,-0.7559614154655274,0.5208799583291669
77,51,-0.43772074419193413,-0.7971812635993355,0.5180034561166598
78,51,-0.3896563781651049,-0.8327383407534871,0.5213809784688962
79,51,-0.3350111829694268,-0.8630047199084856,0.5295533849339631
80,51,-0.27529065085543164,-0.8879855417179089,0.5343458187731339
81,51,-0.21191822828441084,-0.9076946058334338,0.5403418102025155
82,51,-0.14629424122091986,-0.9218361318613093,0.5485231790220197
83,51,-0.07987521148979289,-0.9301938093697568,0.5484380012759551
84,51,-0.014035306628598017,-0.9322429050743317,0.5575896019825856
85,51,0.05011477357744404,-0.927803768160967,0.5669691117729618
86,51,0.11167149761248023,-0.9167306869792622,0.568086970739668
87,51,0.16998777417487174,-0.8988017133607824,0.5763296733592854
88,51,0.22435875270676525,-0.873885287276911,0.574868543767257
89,51,0.27445418807651,-0.8423656364714087,0.5682300172768053
90,51,0.3201923084047123,-0.8046364236423739,0.5652781295547377
91,51,0.3615095901685213,-0.7614325581262328,0.5506260800905415
92,51,0.39837410489304453,-0.7139020366005626,0.5295914550955241
93,51,0.4311116471726161,-0.6634051572433116,0.509167593288852
94,51,0.4598017330938222,-0.6115487602697671,0.48035746019091013
95,51,0.48479198660849665,-0.5604478093865048,0.4522653764213219
96,51,0.5063079663635551,-0.5120184819486279,0.42295189075409856
97,51,0.524628465477912,-0.46834053676299825,0.4011242701103911
98,51,0.539885175956536,-0.43126631689799255,0.3745310406820825
99,51,0.5524603806820214,-0.4022879145690118,0.35356578262846927
100,51,0.562373778256005,-0.3826818329284687,0.3405472285541231
101,51,0.5700233177243514,-0.37321395089488824,0.3325460714256578
102,51,0.5754290916922887,-0.37424583545748913,0.33214600869277167
103,51,0.5787781807573277,-0.385504198710663,0.3396486643257413
104,51,0.580309331672882,-0.40626256048519255,0.35075777830402255
105,51,0.5802082919097694,-0.43522481393659623,0.3808795569274624
106,51,0.5787381149040022,-0.47084909294205557,0.3998611305744578
107,51,0.576077496371171,-0.5111676996416905,0.42143624645698863
108,51,0.5724907289045132,-0.5541381631300699,0.4473444423296611
109,51,0.5684575332768408,-0.5978010686871951,0.47504097609050744
110,51,0.5642383164837683,-0.640178126708491,0.490429352933014
111,51,0.5601595109126094,-0.6797588480655008,0.5042236824385186
112,51,0.5567773274948724,-0.7153801967588674,0.5121567730961608
113,51,0.5544262682965589,-0.7465445976530241,0.5177191706319626
114,51,0.5535488274419126,-0.7730598805708088,0.5126878278912221
115,51,0.5545245868546973,-0.7952484090559102,0.5091183421863139
116,51,0.5578922711003463,-0.8135882266142364,0.50010860304725
117,51,0.5638618512760745,-0.8289005554478234,0.49702086327743705
118,51,0.5727806667306431,-0.8417931423610724,0.4977304028566995
119,51,0.5849364798963779,-0.8530838123091331,0.5114999404933439
120,51,0.6004728503826331,-0.8629852831375745,0.5268021179399082
1,52,-2.0398395722158313,1.2185427812419949,0.3462158800106898
2,52,-2.0124375593032218,1.209048271961102,0.36935212167607323
3,52,-1.9766881285069704,1.2046236340999046,0.37585509888718976
4,52,-1.9327290282874072,1.2029263600812612,0.35266475203832576
5,52,-1.880797864377042,1.2007128912400509,0.3197466734601013
6,52,-1.821251029352355,1.1946721628603303,0.28675475998792604
7,52,-1.7544507997501289,1.1816516698202912,0.25558258526700056
8,52,-1.6808070283052967,1.1590115226468294,0.2404554730915394
9,52,-1.6006889233839674,1.1251213529603166,0.24012169859338292
10,52,-1.5146945560041818,1.0796813165994783,0.2522372597761844
11,52,-1.4230423832034187,1.0233306163268803,0.2741456225369955
12,52,-1.3264472586716485,0.9579831855600227,0.31055345003497525
13,52,-1.2252184363589915,0.8860292739401411,0.35282481628500334
14,52,-1.1200656184711006,0.8103228438675417,0.3988365717325381
15,52,-1.0113980755840006,0.7334872101791818,0.44013231126928754
16,52,-0.8998783384174168,0.6578625770485182,0.47232942234773334
17,52,-0.78605900443831,0.5851546630012544,0.5060930411715848
18,52,-0.6706773271475126,0.5164071884604204,0.5286688195091278
19,52,-0.5545368896405334,0.4517749123713936,0.5382875689694374
20,52,-0.43839174555871635,0.3911485884881293,0.543044588011229
21,52,-0.32333430748445907,0.3340471925591159,0.5481090050365666
22,52,-0.21032427824082872,0.279598891433153,0.5526586601257298
23,52,-0.10044242377772128,0.22745255174718565,0.5550819978230424
24,52,0.005130293948983087,0.1771630828932872,0.5636422091012973
25,52,0.10528518373248921,0.1286232224225834,0.5712552829095006
26,52,0.19891272920009467,0.08207129758920768,0.5795570030607334
27,52,0.2849021992858264,0.03801546049372534,0.5876844684674545
28,52,0.36220211022857046,-0.0031638962310740503,0.604557399124881
29,52,0.4298147275033657,-0.040758519703421016,0.6123714442142159
30,52,0.4870568670642563,-0.07401605915414695,0.622193647974686
31,52,0.5333267904632114,-0.10245422721926788,0.6332075754135001
32,52,0.5681460606678397,-0.12552021429628513,0.636151215051721
33,52,0.5915140890299482,-0.14251102881178918,0.6460114549747992
34,52,0.6033966537256471,-0.15320054801821817,0.64639349998906
35,52,0.6041636483349684,-0.15734253690834168,0.640786826894107
36,52,0.5944069335248175,-0.15513383899762292,0.6355563620177689
37,52,0.5749820495014195,-0.1469844566593979,0.6259220409625235
38,52,0.5468857439600646,-0.1334802396100583,0.6088250376653207
39,52,0.5112391160515961,-0.11559852266322193,0.5993675649639056
40,52,0.46957554246871525,-0.09415355241240128,0.5795077719272694
41,52,0.42324366954393594,-0.07036715776689184,0.5609431649782531
42,52,0.37374518092356385,-0.04507429799784444,0.5499266332218216
43,52,0.3224723217043641,-0.019039551736807846,0.5474751506990184
44,52,0.2709005710626767,0.007561719593660768,0.544571944369186
45,52,0.22051448039594237,0.034776171086543045,0.545409038116537
46,52,0.17227694735109572,0.06282960636219037,0.5412986597772294
47,52,0.12720945990380783,0.092226076020024,0.544520210127525
48,52,0.08600729760029537,0.12352561485651248,0.5450890550908571
49,52,0.04913466963871583,0.15721736015922405,0.5425990767234037
50,52,0.016678361020960056,0.1934093265390755,0.528235166081018
51,52,-0.011439084849956037,0.23183115292346224,0.5032813192020569
52,52,-0.03553477199333616,0.27169251028052904,0.47506025539510055
53,52,-0.05648214637793448,0.3116263223330457,0.44092400390491254
54,52,-0.07492740982027246,0.34985961232820995,0.40688963535261635
55,52,-0.09178128374034329,0.3843612497463335,0.35931230653100354
56,52,-0.10824181831401357,0.41274029305523524,0.3111200398179309
57,52,-0.1253210827507521,0.4328113486783766,0.26241110013283797
58,52,-0.14392256775799925,0.4423378226068087,0.23613553392379763
59,52,-0.16477919417405815,0.43948215236748167,0.18974829987639036
60,52,-0.1884677708830261,0.42309304818408494,0.1730023846742184
61,52,-0.2154436079348,0.39236822083253436,0.16359010014527603
62,52,-0.2455002020576343,0.347404351357951,0.16916041351888464
63,52,-0.2783975678823605,0.2887789577906571,0.17662801153741414
64,52,-0.3136080436721084,0.2180486386638282,0.2025179482228837
65,52,-0.3499924354882834,0.13733861316562737,0.23528864713385714
66,52,-0.386510098158129,0.049259691102952086,0.2727453872104805
67,52,-0.42174160674021177,-0.04326675290345177,0.31283084111670945
68,52,-0.4540838266220607,-0.13726855949792396,0.3491777804931364
69,52,-0.48220183812934064,-0.23004149199635152,0.3898181485097984
70,52,-0.5045695433718574,-0.31924563930222916,0.4214482396999251
71,52,-0.5200827573475761,-0.40305789707374606,0.4470571834505609
72,52,-0.5275735452132463,-0.4800967730393315,0.46843394153445644
73,52,-0.5264124145902842,-0.5498761225068646,0.4802441010811638
74,52,-0.516028474817004,-0.6124441855729422,0.48518604100490703
75,52,-0.49651427091181527,-0.6680025728936674,0.48672561995803015
76,52,-0.468127703286384,-0.7173312612584887,0.4879602166102826
77,52,-0.43149455227418926,-0.7608141280920897,0.49009311641076597
78,52,-0.38747591603420833,-0.7990091578820177,0.4945126026250931
79,52,-0.3371339728874886,-0.8323029023570568,0.4938118670415464
80,52,-0.28187971418429414,-0.8606795435944155,0.5046354145108359
81,52,-0.2230343811125473,-0.8840815529858596,0.518441440442934
82,52,-0.1619089221220482,-0.9021162836747488,0.5264780108698639
83,52,-0.09987959763450051,-0.9144480511513283,0.5353865722507302
84,52,-0.03826337023644754,-0.9204036043682994,0.5386236179315054
85,52,0.021891108114208923,-0.9196413081481869,0.5567123638860404
86,52,0.07970719884696428,-0.9118399434544823,0.5653691599703573
87,52,0.13457363485097512,-0.8966034742985282,0.5726827545269765
88,52,0.18578413736126428,-0.8736379639845155,0.5713350532614405
89,52,0.23302162343736632,-0.8431820725371157,0.5736525705726954
90,52,0.2762007186265808,-0.8055136581513207,0.5732185508762027
91,52,0.31524461360548667,-0.761308537935067,0.5578664600395922
92,52,0.35011955738704764,-0.7117169158880644,0.5427733543564857
93,52,0.38113969678833715,-0.6581689031318599,0.5163946286049188
94,52,0.408384422365942,-0.6024285808891637,0.4861376611268297
95,52,0.43220444021090443,-0.5468006384018089,0.4585327496393645
96,52,0.45284197661821485,-0.49345761467399146,0.42208131030605217
97,52,0.47057751081199145,-0.44474533596797966,0.3971060056651071
98,52,0.4855753153736526,-0.40279892726471145,0.3679701970698427
99,52,0.49823909107812886,-0.36936727269031416,0.34279879089569737
100,52,0.5086156467637679,-0.3459185795188804,0.32608221852697933
101,52,0.517124116086701,-0.333391596049343,0.3245715614334539
102,52,0.5238136322460927,-0.33222900639152125,0.3229235142230289
103,52,0.5288727858539196,-0.3422027843134166,0.32458177830116947
104,52,0.5325523880378117,-0.3625750184694906,0.3422320478966322
105,52,0.5350346689892562,-0.3919757107139816,0.3634119200969753
106,52,0.5365478935471694,-0.4287887650943093,0.39197825270169984
107,52,0.5372355015371578,-0.47092898446087766,0.41847913329566244
108,52,0.5373155123885309,-0.5162482074586722,0.4417002661912279
109,52,0.5371988759509158,-0.5626860312506471,0.47279155350729657
110,52,0.5370602105689789,-0.6081624467058829,0.4970362209396458
111,52,0.5371405040046311,-0.651092301353611,0.5096431939641314
112,52,0.5379028365116229,-0.6902174344620993,0.5263138690726235
113,52,0.5395626382495237,-0.7249634338987104,0.5332411772516584
114,52,0.5424782530279588,-0.7550326896439393,0.5398806069039899
115,52,0.5469244867564343,-0.7806400967433273,0.5325447824416681
116,52,0.5533422329077279,-0.8021425768258921,0.5286450107986228
117,52,0.5618606118416826,-0.8201968782168924,0.5349157695683082
118,52,0.572752831287267,-0.8352887372911584,0.5374700116799687
119,52,0.5862545608483853,-0.8481033953063298,0.5442999888985001
120,52,0.602478452548108,-0.858764051271406,0.5624882972853981
1,53,-2.021889589846787,1.303175958191876,0.33419107126541425
2,53,-1.9945338506007102,1.2937590215828192,0.35949283640654217
3,53,-1.9588837752301422,1.2895404775634074,0.3574393444908387
4,53,-1.9150921229980225,1.2882374112355086,0.3394832713104135
5,53,-1.8634153465590868,1.2866923929829228,0.31014746587414416
6,53,-1.8042303159371476,1.2816708216125368,0.2789058047260786
7,53,-1.73792042834766,1.270066840332196,0.24550854303626232
8,53,-1.6649250369491715,1.2492450226250844,0.2353626529027562
9,53,-1.5856392973406457,1.2175197862147888,0.22905374072674362
10,53,-1.5006822636915633,1.1744667643930298,0.2340699651911817
11,53,-1.4102843131445997,1.1205743345930104,0.25886467150451425
12,53,-1.3151634530274947,1.057567038033155,0.29299492967912555
13,53,-1.2156357178433004,0.987639981608988,0.3249467372959835
14,53,-1.112398729310628,0.913460140310717,0.3743477241028375
15,53,-1.0058490593468448,0.8375228505351779,0.4071673144202485
16,53,-0.8966147841991144,0.7620818404716625,0.4397118060105626
17,53,-0.7852194281189101,0.6887994464477687,0.4709910551626964
18,53,-0.6723589549819914,0.6187358333347338,0.4879358947225162
19,53,-0.5587899062912242,0.5520886291963368,0.50127423662388
20,53,-0.44522571155873664,0.4888374519508839,0.5082968132977294
21,53,-0.33271167844733507,0.42860875988099706,0.5155839071139474
22,53,-0.2221565386687451,0.37063735155898775,0.5237846639768339
23,53,-0.1146112598797797,0.31470016429354986,0.5348276187131715
24,53,-0.011228439417800844,0.26049628632715743,0.538171892240701
25,53,0.08690142843402912,0.20806418681813427,0.5525584888610463
26,53,0.17868726459219442,0.15779677837300485,0.5657060082424786
27,53,0.26300735835074124,0.11036748317887983,0.576486509153414
28,53,0.33879324954745293,0.0663028422178827,0.5939324321613965
29,53,0.4050289649994199,0.026460352508627636,0.6108622313024523
30,53,0.4609941837185054,-0.008298698095339292,0.6169220598870446
31,53,0.5060380877901047,-0.037405356864630875,0.6276122633835336
32,53,0.539648263150359,-0.060256192785622886,0.6332273385644037
33,53,0.5617670792260155,-0.07614904536185944,0.6419063684866103
34,53,0.5723202617577257,-0.08487976242403557,0.641813864282693
35,53,0.5716385086507073,-0.08627428522786817,0.6310550367033115
36,53,0.5602730117363143,-0.08060828701390071,0.62138404097761
37,53,0.5390681621095802,-0.06840398718880968,0.6125729930107099
38,53,0.5090073148362599,-0.050386596320934125,0.5969433950851927
39,53,0.47122034413560476,-0.0276901808706265,0.5754723730628488
40,53,0.42726515655470687,-0.0013134560365616645,0.5536805067647634
41,53,0.3785294251996873,0.0273188225260205,0.5397069810501629
42,53,0.32656373632180585,0.05714551151608336,0.5170584234139384
43,53,0.27282513691378235,0.08715118228984123,0.5073953993603132
44,53,0.21887821946508226,0.1169241878786976,0.5044559950796436
45,53,0.16628161613451928,0.14628374016373805,0.5007686145164827
46,53,0.1161006696070568,0.17528778015238344,0.4980448548537601
47,53,0.06943751117284402,0.20431698319453617,0.49770898228160215
48,53,0.027079691717879103,0.23388932516889893,0.4956577856241509
49,53,-0.010433838052907112,0.26455149409007345,0.490144801861067
50,53,-0.042945090912918614,0.2965628565203038,0.4855860373394655
51,53,-0.07047889915092324,0.3298763339114155,0.46987038665055225
52,53,-0.09330795661223802,0.36398801231078576,0.4452549269941066
53,53,-0.11229354815130083,0.39784709817333286,0.41442717884058083
54,53,-0.1280858497072679,0.4300129324795439,0.38615475544905414
55,53,-0.1416242867518383,0.4587436105759334,0.3464165652099355
56,53,-0.15414280668786992,0.4818831926149728,0.31228563176691115
57,53,-0.16673166982552223,0.49740245336205346,0.26648904319154026
58,53,-0.18038365645025733,0.5031328930422122,0.22548028505738318
59,53,-0.19592553764957082,0.4972249623377071,0.19270423026704298
60,53,-0.21406724587551992,0.4784365995922112,0.16903239713058837
61,53,-0.23538228532334624,0.4458399118036695,0.15512841738215785
62,53,-0.2598003875531413,0.3993796086142077,0.1554513379522684
63,53,-0.28721850540511856,0.3394898713651056,0.15755471601623608
64,53,-0.3172438527324018,0.26759817678685444,0.1839789945417977
65,53,-0.348863396018685,0.18575411798177446,0.21870711971246515
66,53,-0.38114814981108486,0.09653920057246616,0.25406906177725097
67,53,-0.41277956898215573,0.0028830956988270076,0.2994880711769782
68,53,-0.4422355104849601,-0.09221143874114475,0.33370861396278745
69,53,-0.46824261861246597,-0.18599883414176044,0.37467963699055024
70,53,-0.48930950676313706,-0.27611184487641294,0.4066270540815008
71,53,-0.5043410652522116,-0.3607265382155236,0.432741022868399
72,53,-0.5121614901394754,-0.43851036947967387,0.44838801485776675
73,53,-0.5121144068936364,-0.5090497026079368,0.45885981958454347
74,53,-0.5035570877735058,-0.5724972615977445,0.45679633747696047
75,53,-0.4865239203580719,-0.6291782931440417,0.46267786825157503
76,53,-0.4611762365735325,-0.6799884374131724,0.4691025138535815
77,53,-0.42804904041952724,-0.7253992077132787,0.46199139412547857
78,53,-0.38789365105983215,-0.7660181423069615,0.4691090104701591
79,53,-0.3416567409485339,-0.8022304394276769,0.4724340571793074
80,53,-0.29065270887837485,-0.833972246235788,0.48020072137830444
81,53,-0.23609751363248663,-0.8610805692128479,0.49298970065054354
82,53,-0.1792111404916478,-0.8830290113339005,0.4989917073805111
83,53,-0.12128866098912215,-0.8993263463834044,0.5207270633154678
84,53,-0.06358851064998394,-0.9091242823670255,0.5316159465839243
85,53,-0.007098899995403556,-0.9119025202448034,0.5501000298746588
86,53,0.04732907882274966,-0.9071662510290132,0.5560127938097223
87,53,0.0991181770018338,-0.8943627958395688,0.5792161809969189
88,53,0.1475561064454513,-0.8730655971075718,0.578805304385505
89,53,0.19233582702644286,-0.8434082899554233,0.5817317730684252
90,53,0.2333633801286852,-0.8055949697234872,0.5763697770580365
91,53,0.2705436632983378,-0.7602808045448646,0.5641442893727069
92,53,0.3038383685975097,-0.7086453788384701,0.5453792210624411
93,53,0.3335433439282983,-0.6522017279365406,0.5254704268878053
94,53,0.3597349432754116,-0.5928687675197993,0.4957640095725902
95,53,0.3827624497169771,-0.5331236653885641,0.4580880927685431
96,53,0.4028808603016744,-0.47536511632868755,0.4242849530524486
97,53,0.4203705875348137,-0.4221689330179701,0.3910270989093773
98,53,0.43542606127402445,-0.3759157845431747,0.3558882638930189
99,53,0.4484700400828437,-0.3385750754759694,0.33163104114545033
100,53,0.45957565498021935,-0.3117789473866031,0.31938943232811795
101,53,0.4691820195441148,-0.2966186987813641,0.30695202122537685
102,53,0.4773665051016668,-0.2936068082137542,0.30799790542811717
103,53,0.4843200383857886,-0.3025581770673001,0.3176370484121692
104,53,0.4903055973611323,-0.3227280227372484,0.3352520423326305
105,53,0.49550182082387323,-0.35267858300907934,0.35758616225448114
106,53,0.5001028733397724,-0.390731830420471,0.38751523672458993
107,53,0.5042193339481563,-0.43469681247560304,0.42045191129281384
108,53,0.50802398316064,-0.4823298394100378,0.44951000567582977
109,53,0.511859858406233,-0.5314791328968583,0.48295710808471065
110,53,0.5158190990988492,-0.5799680930442569,0.509454302930451
111,53,0.5200602294758488,-0.626142690641364,0.5329469157906753
112,53,0.524954993511792,-0.6686528287441798,0.548702911525454
113,53,0.5306043618474969,-0.7068501147125658,0.5557337787306368
114,53,0.5372850842102237,-0.7403356690788144,0.562727877746044
115,53,0.545170332549698,-0.7692203535131761,0.566250792970012
116,53,0.5546060687127802,-0.793747468983014,0.5635828397563679
117,53,0.5656437123347793,-0.814417737506399,0.572476982233394
118,53,0.5784844891902307,-0.8316041981948483,0.5793435126423532
119,53,0.5933151243939591,-0.8458677310098774,0.591007147191009
120,53,0.6102171530230713,-0.8572502245014822,0.6116832148492576
1,54,-1.998455937758402,1.3825703837033585,0.32825826822567067
2,54,-1.9712053651874284,1.3730734381342193,0.3446287209374845
3,54,-1.9357712606407895,1.3687668507982873,0.3506783169315378
4,54,-1.8923190839573996,1.3674693655172339,0.32876192448361846
5,54,-1.8411224840611964,1.366164091827298,0.3031239044009683
6,54,-1.782575271532327,1.3617524205994063,0.27111921227846053
7,54,-1.717077170742462,1.3512331618274194,0.25349867186360076
8,54,-1.6450934246794822,1.3320237681174822,0.22452778040333665
9,54,-1.5670411311852446,1.3024170674286406,0.22079093122257457
10,54,-1.4835557629755165,1.2618799434192831,0.22641847123541575
11,54,-1.3948764032521177,1.2107478753823193,0.2484002204685681
12,54,-1.301719040943365,1.150537998651605,0.2768009899443446
13,54,-1.2044042332040303,1.0832220278701654,0.30657333874940096
14,54,-1.1036144633029465,1.0112451972677563,0.340123696018921
15,54,-0.9997288826021316,0.9369396388574939,0.3785981454590279
16,54,-0.8933390868907591,0.8624405034887626,0.40818063714117503
17,54,-0.7849367868543704,0.7893405868712583,0.43735933819081646
18,54,-0.6751738376374299,0.7186950071321635,0.45388269868947234
19,54,-0.5647550773498524,0.6507308772558761,0.46628987213775797
20,54,-0.4543501001138051,0.5855033965300714,0.47592539377808984
21,54,-0.3449504900720773,0.5227379782290529,0.48789486886237204
22,54,-0.23740853341950083,0.46177024186274396,0.4918770655466541
23,54,-0.13273955280969596,0.4024989834807812,0.5027663085005837
24,54,-0.03205873493877455,0.3447652004844509,0.5159543304162943
25,54,0.06357042994398866,0.2887544534728135,0.5295329374624
26,54,0.1530832133660427,0.23501929318615794,0.5485816110878662
27,54,0.2353557915142502,0.18440575496950617,0.5633255974316348
28,54,0.3093128774693498,0.1375978484464331,0.5891392671548692
29,54,0.3739290246561074,0.09561472482069656,0.6005757334342905
30,54,0.42845323364918153,0.05943280058199252,0.6125161028125106
31,54,0.47219198296364057,0.029712320150264697,0.626688489336421
32,54,0.5046035779010094,0.007104089642620687,0.6270855763226
33,54,0.5255735097264314,-0.007698337303327879,0.6401585904411564
34,54,0.5349885489783036,-0.014524690400209237,0.6313823787780799
35,54,0.5331361041240221,-0.013287319624508168,0.6227066720267181
36,54,0.5205212965337096,-0.004347479707595294,0.6194103560051052
37,54,0.49796707451173,0.011656231290663628,0.5988336498788156
38,54,0.4664326672526784,0.0338695551019622,0.5735455652044064
39,54,0.42704340614106195,0.06101995691571519,0.5492966912318114
40,54,0.38136503519307874,0.09195198277504543,0.5349901724489302
41,54,0.3308079674514741,0.12507152352575118,0.5048790224743772
42,54,0.2769552817516358,0.15912483001166028,0.49314970963409
43,54,0.22131060469426492,0.19287542287554119,0.47182976598539145
44,54,0.16551168282774528,0.22569549100596376,0.4599494024872306
45,54,0.11117465592241801,0.25717902112460406,0.4546336277044169
46,54,0.059454586643303005,0.2872048877628558,0.45445375497652646
47,54,0.011523826506357812,0.31600184163479655,0.44776857953055194
48,54,-0.03174638428514533,0.34400351169432775,0.4595640312168595
49,54,-0.0697475136974115,0.37176308676099895,0.4470503270617715
50,54,-0.10225146240829987,0.39963553180261013,0.4498238824538214
51,54,-0.1292278410136758,0.4277472233517488,0.43425450352879896
52,54,-0.150901682334169,0.45584034488245784,0.4184331300956024
53,54,-0.16811152107842733,0.4831568282532177,0.39275531262638913
54,54,-0.1815026417244379,0.5085841113817726,0.3643930179492625
55,54,-0.192031283226324,0.5306873734770845,0.33045467889855334
56,54,-0.20095293633838068,0.5475814937145921,0.28839354546409246
57,54,-0.20942107993933062,0.5574467533069608,0.25635357781186635
58,54,-0.21850431964943642,0.5582468062204301,0.2189674959345828
59,54,-0.22911007186594332,0.5481877626222985,0.19235856952538408
60,54,-0.24206815832413558,0.5260040052798105,0.16415340703916587
61,54,-0.2580590054811583,0.4906996256574799,0.15688185296749574
62,54,-0.2771416482896059,0.4421134350461983,0.1561183749353568
63,54,-0.2993417717573762,0.3805638940047014,0.16559923800220538
64,54,-0.32439703253078,0.3073607867503373,0.18133016801688387
65,54,-0.35141990046288085,0.2244701945990157,0.20812982845979816
66,54,-0.3795921582342813,0.1344227449263977,0.2517110215092379
67,54,-0.4076972568867677,0.040122648348326545,0.28930351523761355
68,54,-0.4342980100653039,-0.05543932952404346,0.32794436925046044
69,54,-0.4581862416113177,-0.1495185714745694,0.3675073161559682
70,54,-0.4779094900144245,-0.23976782738048213,0.3981473280860976
71,54,-0.49238516194961024,-0.3244038515252752,0.4206687791989233
72,54,-0.5004338646249931,-0.4021817063417929,0.43164582735870344
73,54,-0.5013757679917185,-0.47279110681007847,0.4428343209049061
74,54,-0.4944981941923295,-0.5365128265626407,0.4358009116549899
75,54,-0.4797796971031535,-0.5938131300259403,0.4391339134044998
76,54,-0.45728514213337945,-0.645709773597327,0.4322598205272125
77,54,-0.4274580135198394,-0.6927600510113334,0.43733950222579776
78,54,-0.39093966848914075,-0.7356101529409724,0.4395943541522001
79,54,-0.34855952065279067,-0.7746229798247846,0.44492039818332435
80,54,-0.30153436368467196,-0.809656761106917,0.45027659173496865
81,54,-0.2509731447310231,-0.8404090936412141,0.46951629613192336
82,54,-0.19800424733235752,-0.8661851531741419,0.4887866660619517
83,54,-0.14384165205480448,-0.886306129820928,0.4994807403346274
84,54,-0.08968482045221131,-0.8997273576613117,0.5204327538951656
85,54,-0.036463843428857556,-0.9057395325567766,0.5395577114664418
86,54,0.014993860221806446,-0.9036828205654688,0.562588354760944
87,54,0.06414253908074025,-0.8928720877091777,0.5756606446226682
88,54,0.11025908384036007,-0.872784459510458,0.5851524607896101
89,54,0.1530427919924747,-0.8434955770767598,0.5889482062066972
90,54,0.1923856424002015,-0.8051831789890088,0.5828514886639763
91,54,0.22816881649278023,-0.7585248124630978,0.5739334367055448
92,54,0.2603458313787476,-0.7047599026214006,0.5525364252382265
93,54,0.2891870329869405,-0.6454991714271792,0.5299175711654094
94,54,0.3147616956845053,-0.5828128680970678,0.4945314307279216
95,54,0.3374122438042863,-0.5193312597953779,0.4600601425606113
96,54,0.3574013545980361,-0.45764500803822195,0.4244614037734491
97,54,0.37500643090863184,-0.4005186287473673,0.3878133957359943
98,54,0.39044834947166984,-0.3505350830649106,0.35562879510871054
99,54,0.4041655000330343,-0.30984148575950793,0.3307650380619992
100,54,0.4162555335392922,-0.2802007146533792,0.31147334549292216
101,54,0.4271755422447425,-0.26283030290991194,0.2986526925737454
102,54,0.4370297761366152,-0.2582971997740441,0.30581880315181886
103,54,0.4460122774619588,-0.2664527579247746,0.31172250866434065
104,54,0.4543983333919271,-0.28654733748039113,0.33290310125468564
105,54,0.46236351295128847,-0.31708046283667085,0.3560002573846468
106,54,0.4700697988025947,-0.3563233551419976,0.3861364794684727
107,54,0.47759865983728683,-0.4019913876748807,0.42187950275307234
108,54,0.48508053378363597,-0.45175676342221255,0.45721104305019156
109,54,0.4927935092704301,-0.5033876504940274,0.4888955820503488
110,54,0.5007530153766905,-0.554619248582221,0.5249280715802548
111,54,0.5090406312747173,-0.6037375947087661,0.5506817623894439
112,54,0.517941284131017,-0.6493087391002201,0.5751595493063498
113,54,0.527448951386998,-0.6906182345262893,0.5857016149453236
114,54,0.5377638226616095,-0.7271767207594081,0.5959404678750458
115,54,0.5489630546680373,-0.7590010069264805,0.6057608991472757
116,54,0.5613030059586444,-0.7862356467416283,0.6119091407793056
117,54,0.5747625332818113,-0.8092416154266743,0.6164502450365194
118,54,0.5894746119115385,-0.8282951441259386,0.6307904304370268
119,54,0.6055814849558261,-0.8438470401312789,0.6380899028499386
120,54,0.6231341772907733,-0.8558701900064494,0.6633870991159078
1,55,-1.969394756977832,1.455527258070793,0.31801260544822657
2,55,-1.9423097043254278,1.4458201270624955,0.3492809966829724
3,55,-1.9072107879401614,1.4411806874930158,0.3502705883084928
4,55,-1.8642736252736753,1.4395622131703685,0.31933544410650505
5,55,-1.8137868088781777,1.4381311817670153,0.2985046252472693
6,55,-1.756156941941221,1.4339717706682185,0.2710536819993207
7,55,-1.6917946333775156,1.4242341417531137,0.24686064898652602
8,55,-1.621186510565834,1.4064285644143832,0.22642262109832992
9,55,-1.5447668128522998,1.3788553620829447,0.21688734935098128
10,55,-1.4631821033837151,1.3408880944627992,0.2212238352901299
11,55,-1.37667626437081,1.2927100037918293,0.2342019868709225
12,55,-1.2859576716603551,1.2356193791464267,0.26587999247097827
13,55,-1.1913485908606336,1.1713437352803162,0.29923609098623655
14,55,-1.0935131672594756,1.1020806946779933,0.3236678764474955
15,55,-0.9928082589661895,1.0299719417746873,0.3528000232519671
16,55,-0.8897871383447574,0.957009492305088,0.38190823675228514
17,55,-0.7849071237850085,0.8846979539538765,0.40456082334376836
18,55,-0.6787736657811846,0.8140723596103648,0.42590741849616576
19,55,-0.5720358492756196,0.7453826399700585,0.4350727106122303
20,55,-0.4653166644935377,0.6787525041677955,0.45079697803034346
21,55,-0.3595482817644509,0.614002505454222,0.45017400792528756
22,55,-0.2555218453263698,0.5505677734625548,0.4655540960913231
23,55,-0.15421175575860027,0.48846366042038336,0.47480975188629715
24,55,-0.05668744181479561,0.42766894470452205,0.4922749559875426
25,55,0.03602274035471248,0.36851187894809484,0.5131102859843889
26,55,0.12288785267169103,0.31170055337379304,0.5335351362861788
27,55,0.20279039210514638,0.25824863931435477,0.551895181334135
28,55,0.2746582732168803,0.20899544198224068,0.5737757563106569
29,55,0.3374650850730744,0.1651205163434514,0.5861226113763117
30,55,0.3904355867159512,0.12771002962199077,0.6083778705745652
31,55,0.4328400333854988,0.0975123417413649,0.6172027718576949
32,55,0.4641121356420653,0.07521816832823384,0.6302770352500077
33,55,0.4840809019641186,0.06150588220278898,0.6349863567932567
34,55,0.4925953500655551,0.056504161957695066,0.6270490317945246
35,55,0.48989557281460955,0.06020735738663232,0.6205691914241478
36,55,0.47643531051199545,0.07216998322740621,0.6078887463353995
37,55,0.4530056418190131,0.09164078991951792,0.5884553900886899
38,55,0.42053079186519926,0.11765333518278137,0.5675391931263034
39,55,0.3801178285996866,0.14881987421707715,0.5399312632550405
40,55,0.3333231425130548,0.1838587142244195,0.512466011319356
41,55,0.28156313037894337,0.2210414690238918,0.48402268819880184
42,55,0.22643617822180828,0.2589558707809372,0.46180483778838854
43,55,0.1694733927539019,0.2961758871431073,0.44070609793709403
44,55,0.1123687812508596,0.33187952673475135,0.43322559628226764
45,55,0.056778535730815795,0.3654412587628272,0.42085899719561076
46,55,0.003933580209347724,0.3965527421293033,0.41025368902012255
47,55,-0.04493480480580207,0.4252665818527445,0.4075496235379265
48,55,-0.08888115859317128,0.45189321594181653,0.41306738094696427
49,55,-0.12723321043018448,0.476943030665901,0.41533679400959533
50,55,-0.15969451831275225,0.5008107129339061,0.4118024917293161
51,55,-0.18617717192333968,0.5237436005307937,0.403475679998051
52,55,-0.20685557066988738,0.545685190779685,0.39263541891380327
53,55,-0.22253485164770223,0.5661398612392333,0.37541813441164046
54,55,-0.2338462247429872,0.5843108282407441,0.3504390432124323
55,55,-0.24175013400798398,0.5990802419330704,0.3239834197320353
56,55,-0.24750858083544175,0.6088627498352372,0.2924892299418594
57,55,-0.2523219209768183,0.6120958501594058,0.2602299732169778
58,55,-0.25731980797722936,0.6069356711859182,0.22367493821206216
59,55,-0.2634755225303668,0.5917105770848619,0.2018010919538382
60,55,-0.27172362626037466,0.5651992462729719,0.17662155184550293
61,55,-0.2828383001789318,0.5263975170661395,0.16806238070684465
62,55,-0.29699896266683806,0.47508775380947227,0.16018915255572092
63,55,-0.31434980084470887,0.41150303348941525,0.17586210304094438
64,55,-0.33475258774862177,0.3368493553519012,0.19252127307296793
65,55,-0.3574425395022533,0.2530021716759034,0.22351071515479587
66,55,-0.3817098182920307,0.16241847562165196,0.25578888335995276
67,55,-0.40643950142870355,0.06794090278009274,0.29926318456474915
68,55,-0.43028204419133576,-0.027497738509756637,0.33373817148173024
69,55,-0.45209719635997175,-0.12119978624686133,0.3686230669894227
70,55,-0.47047509665268444,-0.21088721551281145,0.39425677860371694
71,55,-0.4843490594527956,-0.29485985550417393,0.41160475635365357
72,55,-0.49254052823825223,-0.37199593926494895,0.4226015342335207
73,55,-0.49434999549187997,-0.4421138893508435,0.4318015717558399
74,55,-0.488997831089348,-0.5056375830001588,0.42004167579255464
75,55,-0.47640991686124373,-0.5631812298180197,0.4171069105367813
76,55,-0.45655621053027007,-0.6158800621388407,0.4104787530687896
77,55,-0.429789251251498,-0.6643652453586303,0.4105251971700948
78,55,-0.3966416696050396,-0.7093023544969825,0.41825527043877464
79,55,-0.35782559735011965,-0.7510061038667672,0.42352080010871684
80,55,-0.31446043779749255,-0.789225338178259,0.4340161725330414
81,55,-0.26754785231103606,-0.8234865492436365,0.4502426665007512
82,55,-0.21812501365991407,-0.852896642432452,0.4743243859993457
83,55,-0.16732582695909434,-0.8765643940025541,0.5015043127546861
84,55,-0.11629113989936173,-0.893235325810773,0.5225467685921599
85,55,-0.06589575182516784,-0.902009587028466,0.5399858693306808
86,55,-0.016945530457830916,-0.9020788288283489,0.5586081596761614
87,55,0.030042362648957557,-0.8926566627706173,0.5810510318836134
88,55,0.07432938189091322,-0.873166107457982,0.5843707176874503
89,55,0.11561728893787743,-0.8436766307352318,0.5864745697470113
90,55,0.15377850300619328,-0.8043902612686405,0.5893127064703901
91,55,0.18866516450352702,-0.7560522691330507,0.579798086264869
92,55,0.22021858251314072,-0.699993668398555,0.5607445782991785
93,55,0.2486763876950288,-0.637937497177597,0.5300534777188293
94,55,0.27409608735186974,-0.5720996179344342,0.5013557462982162
95,55,0.2968073162305432,-0.505241226314632,0.4579689029944948
96,55,0.3170745558463764,-0.44010676093325124,0.4230302233348137
97,55,0.33516835801518463,-0.3796029407401186,0.38083086203286604
98,55,0.3513313514986291,-0.326465855406661,0.3494662733864478
99,55,0.3660132818757754,-0.2829712321203936,0.3225596708060567
100,55,0.3793336201325581,-0.2509741252489344,0.3002238293062401
101,55,0.391764623595048,-0.23178618777006,0.2946190383865521
102,55,0.4034354747810321,-0.2260094280749663,0.295288266177035
103,55,0.4145438949719625,-0.23352146612740288,0.30943161984525264
104,55,0.4253774558670525,-0.2535677948621136,0.3316456202104762
105,55,0.43610947701257263,-0.284590238021012,0.3655389850638712
106,55,0.44687251256682375,-0.3248205082373875,0.39557688805338503
107,55,0.45772358551607145,-0.3718943750078871,0.43518498045924486
108,55,0.468755010789318,-0.42341445409662154,0.4731806906173158
109,55,0.48018449155731374,-0.4770836820310793,0.5136865516292262
110,55,0.49195840055494217,-0.5305627262728065,0.5400405449067145
111,55,0.5040888362821077,-0.5820912688255476,0.5730187311638332
112,55,0.51678055932045,-0.6301655404262265,0.5962269717522154
113,55,0.5299302791934134,-0.6740185781154209,0.623518984415575
114,55,0.5436685751638191,-0.7130876582398996,0.6425345646965385
115,55,0.5579841895083414,-0.7473114362369503,0.647074152358146
116,55,0.5730511000554838,-0.7767563942801583,0.6535397565419101
117,55,0.5887823779749289,-0.8016660432481998,0.6645196061403575
118,55,0.6052477234257321,-0.8222403934979234,0.6766203442957006
119,55,0.622550411401094,-0.8388387173022724,0.6929620266931427
120,55,0.6407122259937904,-0.8513798067204043,0.7147991768875628
1,56,-1.9346226923149226,1.5208452400162846,0.31148930366990685
2,56,-1.9077677924941572,1.5108258523430955,0.33206196598681187
3,56,-1.8731314958576863,1.5056597421737878,0.3398178118140282
4,56,-1.8308966646678941,1.5034584782519662,0.33344495091617166
5,56,-1.7813636845924894,1.5016033135703293,0.3070721496417916
6,56,-1.7249468260172267,1.497395458271848,0.2792445880272304
7,56,-1.6620611388214608,1.4881716914822511,0.25021083925631266
8,56,-1.5932088064970233,1.4715661582330093,0.23593014754814162
9,56,-1.5188350881866648,1.4459107176839254,0.21958469953668325
10,56,-1.4395910167399328,1.4104998473568302,0.22580698301499255
11,56,-1.3557201545718487,1.3653670767346835,0.2363408183029674
12,56,-1.2679167281399721,1.3115859666289322,0.2591776743768948
13,56,-1.176500795546873,1.2506256131546252,0.2774369016195697
14,56,-1.082114337883297,1.1844183116156595,0.31004828020428227
15,56,-0.9850865281928767,1.1148955782771681,0.3325447981578903
16,56,-0.8859303299157064,1.0438892627890468,0.36261115198211036
17,56,-0.7850659665598362,0.9728049828832704,0.3841988412641706
18,56,-0.6830505656177683,0.9026498837346337,0.4045239616397278
19,56,-0.5804740382205644,0.8336978608866782,0.41441601016469565
20,56,-0.47791049121688883,0.7661417911584846,0.41782337289406374
21,56,-0.376228202368384,0.6998999311819827,0.42675950292366477
22,56,-0.2761535509405979,0.6345117204754882,0.4442318479009496
23,56,-0.17861571705207666,0.5701063082208367,0.45365405236144085
24,56,-0.08463134694118507,0.5067954118103083,0.46992815787691
25,56,0.004813314520946628,0.44504050597585676,0.4961140190288215
26,56,0.08872748893461546,0.38569220836342355,0.516444641753021
27,56,0.16600737924246803,0.32991425271570546,0.5461119309491185
28,56,0.23559341738542708,0.27868486677288495,0.5628049748978323
29,56,0.29646588603170426,0.23332790509011872,0.5920497358353773
30,56,0.34783133088883417,0.19502140136628776,0.6040504806962232
31,56,0.38893001583651726,0.16458955732738245,0.6188567265479515
32,56,0.4191754413379571,0.14275039814890908,0.6321459840315816
33,56,0.43834071291098886,0.1301608116275626,0.6382236923923225
34,56,0.4462383844252546,0.12690388914079168,0.6273594344857393
35,56,0.4430574388456596,0.13288063247735787,0.6227161597327774
36,56,0.429195283432951,0.1475704173625621,0.5977738193101291
37,56,0.4054009688058509,0.17012079491026655,0.5723607526556228
38,56,0.37255317737029003,0.19947592286261387,0.5560391479836013
39,56,0.33172711720523174,0.2341606326980448,0.525919738483604
40,56,0.2844527107336584,0.27279967068920435,0.49038090789535255
41,56,0.2321356382432864,0.31356624670261174,0.4661515311479765
42,56,0.17637217250168952,0.3549236348472223,0.44506938502877785
43,56,0.11870148557903568,0.39528879902074077,0.4196571811337196
44,56,0.0608563762368004,0.4336691426563547,0.40354514493335814
45,56,0.004515148387575707,0.46922897564326876,0.38568608272005833
46,56,-0.04903017127924866,0.5014683827094908,0.38170391163299744
47,56,-0.09850145886224858,0.5302452154250746,0.37837857167927313
48,56,-0.14288931569769905,0.555713276057772,0.37498149329832436
49,56,-0.1814643488587513,0.5782950178943719,0.37723252115114503
50,56,-0.2138643905818114,0.5983718748771457,0.378811112754419
51,56,-0.23994237235484503,0.616260170556387,0.36735665481550095
52,56,-0.2598196123087332,0.6320583294932011,0.36282443957978217
53,56,-0.27425768846151405,0.6454986039871746,0.35076710133978833
54,56,-0.2838646030242175,0.6560810693634654,0.3406960262722823
55,56,-0.28959210806681607,0.6630070595788096,0.3158924077826169
56,56,-0.29269349225951563,0.6650120388800511,0.2851739359507708
57,56,-0.294398656084759,0.6608304156528952,0.26140493706502577
58,56,-0.2958825566389484,0.6488636657440213,0.23671604552833553
59,56,-0.2981682607790002,0.627623461953821,0.2156126516553977
60,56,-0.3022781859909346,0.5959961659235316,0.2016624568596754
61,56,-0.30906543973250195,0.5530262397581157,0.18827496628911974
62,56,-0.3188188631319901,0.4984877693317638,0.18225002914105384
63,56,-0.3317888844925934,0.4325579812537999,0.19425128060585206
64,56,-0.3479530772374296,0.3563529317550047,0.21827923913581967
65,56,-0.36666435457408375,0.2716502533674865,0.24011974567357788
66,56,-0.3873171865324595,0.18080988762667247,0.28226726621136755
67,56,-0.4088962595803792,0.08657634475175752,0.3104846770123274
68,56,-0.430140821394745,-0.008221834991980056,0.350135360751487
69,56,-0.4499802456871273,-0.10097990957019964,0.37666197455957406
70,56,-0.4670502598718984,-0.18953595179448873,0.40146323742144485
71,56,-0.48030337361256525,-0.27231185273031805,0.41678426683724956
72,56,-0.4885663565170329,-0.34833749204555675,0.41674890486473215
73,56,-0.49112424174392805,-0.417576388533787,0.41744297397098934
74,56,-0.48713458611703164,-0.4805994261782024,0.4102144745994814
75,56,-0.476474747610792,-0.5381635248526311,0.4133924346239744
76,56,-0.45902294594444565,-0.5915050054243761,0.3987387932072834
77,56,-0.43504292232077113,-0.6413074159089617,0.39284311188159454
78,56,-0.4049614356148,-0.6882296777853135,0.3980404595161275
79,56,-0.3693751915460206,-0.7325100790580413,0.4057335250148249
80,56,-0.3293078182812029,-0.7737585470491904,0.42108013219845497
81,56,-0.28565504328603136,-0.8113049523550178,0.4387435007236328
82,56,-0.23936423584938027,-0.8440370919520589,0.4660776166408401
83,56,-0.19149124884019256,-0.8708374051491441,0.492346793911041
84,56,-0.14311928418815803,-0.8902389264856198,0.5207682097567075
85,56,-0.09507105083610928,-0.9011602561409018,0.5459656411362408
86,56,-0.04813303004184494,-0.9026689869496413,0.5614257892625109
87,56,-0.002796837403016497,-0.8939142054538866,0.5803665428758401
88,56,0.04017943537198014,-0.8743102836637302,0.597195056378306
89,56,0.08049634019329725,-0.8439730355289529,0.6026522644406598
90,56,0.11800152469124192,-0.8031784435908965,0.6015928242327818
91,56,0.15251321006139648,-0.7527826141433859,0.5797370164232698
92,56,0.18395630384080508,-0.6942371612328807,0.5646193438805885
93,56,0.2125287367567444,-0.6293888502381364,0.5337969002029711
94,56,0.2382710871331209,-0.5605893818378481,0.497292644710142
95,56,0.26149391738446387,-0.49070505684623894,0.46005099278514944
96,56,0.282456893862836,-0.42259244854416095,0.4189941570560099
97,56,0.30141898220718244,-0.35925013893098234,0.3794142490768323
98,56,0.31863876910890804,-0.3035141785274273,0.3481130688534886
99,56,0.3345720836482698,-0.25773618974088974,0.3181534028901969
100,56,0.3493564482744565,-0.22382214649289744,0.3026202916916559
101,56,0.3634754816752514,-0.20314250504522727,0.2941455337709716
102,56,0.37708058601838274,-0.19631317172256066,0.29965258995432614
103,56,0.3903732239111967,-0.20322618592019057,0.30747482023793593
104,56,0.403652856541574,-0.22312165178479254,0.33496035703848254
105,56,0.417091519993233,-0.25438994191364844,0.3693853203246476
106,56,0.43079572175495917,-0.29523500648919887,0.40264141351581645
107,56,0.44480350161111576,-0.3432293369946381,0.4435920521936434
108,56,0.45917455346637037,-0.39592326114761467,0.4927232577108185
109,56,0.47407240123566996,-0.4509722096769921,0.5325477990686103
110,56,0.4893838316955469,-0.505980509808708,0.5691535999441707
111,56,0.5050609511418028,-0.5591589126207641,0.602013472437269
112,56,0.5212372330383893,-0.6089528691792208,0.626639581987183
113,56,0.5377241991049637,-0.6545612191155878,0.6520418828598892
114,56,0.554591828469627,-0.6953704061690358,0.6659370958979964
115,56,0.5717502342708991,-0.7312621530957468,0.6840914686103542
116,56,0.5893002601805488,-0.7622506588677945,0.6950699339982777
117,56,0.6070977024729893,-0.7884895175857317,0.7092916796314079
118,56,0.6251553880767338,-0.8101273128162525,0.7237741412592162
119,56,0.6435441959344493,-0.8274540646248422,0.7417656027285949
120,56,0.6622587511937886,-0.8403516292205375,0.7584168272328478
1,57,-1.8942001995163746,1.577880315937008,0.3125855805724871
2,57,-1.8676399673283879,1.5674729969181491,0.3378890316135267
3,57,-1.8335932707825287,1.5616345118616948,0.3422699762857886
4,57,-1.792247128954192,1.5586503172112285,0.3315260066669807
5,57,-1.7439099871859607,1.5561374043954,0.31231841366836965
6,57,-1.6889980761626444,1.5516368362065254,0.28469340887732697
7,57,-1.6279239121981024,1.5426966513289566,0.2588998320662289
8,57,-1.5611985908055204,1.5270976131037248,0.24519079231118368
9,57,-1.4892714207257745,1.5032222130368769,0.23127941701733848
10,57,-1.412790584933906,1.470298591932968,0.23264547432217803
11,57,-1.3319934460687357,1.4282146714511268,0.23990152309393664
12,57,-1.2475531143369536,1.37781816221025,0.25190457731045146
13,57,-1.1597829010563627,1.3203116903002206,0.27691889930951885
14,57,-1.0692984379771997,1.257351960451898,0.2971211979878429
15,57,-0.9763957142584099,1.1906479373024903,0.3204612676712245
16,57,-0.8815454551122693,1.121861337184531,0.3458024833248165
17,57,-0.7851281859661707,1.0522953081159703,0.36627367577769837
18,57,-0.687651256461663,0.9829281486668078,0.37920664585333563
19,57,-0.5896427609645285,0.914065872171194,0.3920495087596577
20,57,-0.49162613614856177,0.8459781915436315,0.39476403667289456
21,57,-0.39440253556921107,0.7786892073571468,0.40921383635355607
22,57,-0.29863103085192333,0.7118527662383186,0.43138218108905896
23,57,-0.20519229219768148,0.6457111871176613,0.4418514054099968
24,57,-0.11504444366943248,0.5805033404190995,0.45707096227236166
25,57,-0.02912595712331531,0.5168095248597526,0.4879275014122632
26,57,0.051617806591875225,0.45560154188009194,0.511978797628717
27,57,0.1261030099708855,0.39816408880016785,0.5359045983572844
28,57,0.19329102642953494,0.34558480911751255,0.5721510026036182
29,57,0.2521755245554004,0.2993022433338803,0.5809076511671822
30,57,0.30195031569273295,0.26055715235499616,0.6119842415314287
31,57,0.34183147078516857,0.23022910003352196,0.6214281070501444
32,57,0.3712162349064055,0.2090465145241436,0.6307334655729461
33,57,0.3898225136535022,0.19763873317302344,0.6321403213730014
34,57,0.39742761838895335,0.1960428235428727,0.6261931035474188
35,57,0.3941659219257067,0.20407247296278633,0.6188232510131698
36,57,0.3803739247175899,0.22114764576795937,0.6045111212933117
37,57,0.35674887626952484,0.2463325080379633,0.5792859430157575
38,57,0.32411388459923485,0.2785088917782414,0.5545913195210277
39,57,0.283499083486729,0.3161448986209397,0.5200522308884601
40,57,0.23639122781766223,0.3578050819787785,0.490211280840542
41,57,0.18416896920407996,0.40159967446441647,0.46135079974084153
42,57,0.1284091904914687,0.4459007811240565,0.42122483407371986
43,57,0.07063982873329307,0.48900164214923786,0.39704285736775563
44,57,0.012614845365739159,0.5297643821844058,0.37900861672032515
45,57,-0.043983370267779945,0.5671574693487096,0.3636049959195702
46,57,-0.0978169604967134,0.6004908110747245,0.3529181445827663
47,57,-0.14757348238540582,0.6294172973185612,0.34728181302681893
48,57,-0.1921904477816259,0.6539095859724124,0.3427317247449215
49,57,-0.2308884637954244,0.6742653994371448,0.34306025780876453
50,57,-0.2632429691344647,0.6908070794183586,0.34295124998900794
51,57,-0.2890466742801992,0.7038725529363125,0.345559787948158
52,57,-0.308365876858965,0.7136706307438869,0.3426619165874154
53,57,-0.3219089531311455,0.7201246665167346,0.33445507896531873
54,57,-0.33025170054108527,0.723006881182845,0.31702337136074055
55,57,-0.33432410273833346,0.7218314246602118,0.3098552559565841
56,57,-0.3353554572166814,0.7156648966888952,0.2909138951951371
57,57,-0.3345871295340969,0.703565948918284,0.2702542994633004
58,57,-0.33322284317073114,0.6842213309426066,0.25187522450650596
59,57,-0.3323182603364484,0.6563751731014247,0.23481538837304322
60,57,-0.33296526752105743,0.6190738289642334,0.2274826220900613
61,57,-0.3360794914863748,0.5714584183614891,0.22194027055558962
62,57,-0.3420463897006078,0.5133363062431581,0.21761872059178775
63,57,-0.35120851650136525,0.4448540146832299,0.23265383714265486
64,57,-0.36364901578127456,0.3670492288455876,0.24432747640306204
65,57,-0.37883123157236465,0.2815944308391566,0.271142898734559
66,57,-0.39624827500350956,0.1907300326818871,0.30608374331619054
67,57,-0.41498080175970686,0.09706838900884882,0.34143364658684044
68,57,-0.4338565128331776,0.003291534224361855,0.3668275405675959
69,57,-0.45187502369644356,-0.08812997172273267,0.3944628501218991
70,57,-0.46771996568270247,-0.17518945650976914,0.41637172009927326
71,57,-0.4803661604211613,-0.25646163706327096,0.4218706168000621
72,57,-0.488650282540951,-0.33114515076950346,0.4205434406301217
73,57,-0.49184642249775395,-0.39935256312038764,0.4139082076433339
74,57,-0.48905459159818465,-0.4617920467614489,0.4056704795578735
75,57,-0.48010870788683613,-0.5193445698676944,0.3947642025628863
76,57,-0.4647999613808934,-0.57331908497072,0.3916216265219375
77,57,-0.44330701425519076,-0.6244211081092561,0.38460173452889296
78,57,-0.41595518452920754,-0.6732715829035699,0.386935118767355
79,57,-0.38322951327245236,-0.7200040108571347,0.3991235249282537
80,57,-0.346060867857554,-0.7640647891428172,0.4119858158692854
81,57,-0.3052420566884429,-0.8045710055080398,0.4375460441754254
82,57,-0.26163316976252293,-0.8401828646963658,0.4674998556705911
83,57,-0.2162150871219999,-0.8695566534665838,0.50244414686011
84,57,-0.17001505926995547,-0.8910237584095448,0.5265995232266852
85,57,-0.12380736738121823,-0.9033427084848548,0.5490607176199109
86,57,-0.07836144121311597,-0.9054901585325457,0.5779997957167489
87,57,-0.034146604100082786,-0.8965927089733928,0.5905302533728365
88,57,0.00805588407902727,-0.8761033716784401,0.6014613210331369
89,57,0.047941817605326745,-0.844235034248567,0.6023169345240746
90,57,0.08532921022248624,-0.80138333135555,0.5949720111451067
91,57,0.11999806572491921,-0.7485526911016817,0.5808212228472702
92,57,0.15185260727546962,-0.6873383603380179,0.5571836976244633
93,57,0.18104456009429826,-0.6197160312521723,0.5265766340961948
94,57,0.20759222613968756,-0.5481574489673676,0.49455831641986503
95,57,0.23178069602402393,-0.47560308167844567,0.45709854125832977
96,57,0.25385784132611416,-0.404976092032941,0.4091082469203529
97,57,0.27406572293437287,-0.33931287799085447,0.3811739027035803
98,57,0.2926723888124821,-0.2814930065596885,0.3400628853997302
99,57,0.3101338365765083,-0.23388896300304465,0.3143053635741015
100,57,0.3266011144387326,-0.19841504374485125,0.2975708879199311
101,57,0.3425646221504055,-0.1764640015660362,0.29142310599203725
102,57,0.35819469633334133,-0.1686443641971603,0.30283550631310663
103,57,0.3736962096329789,-0.17485121396534353,0.31627121384546947
104,57,0.3893797991069814,-0.19432023257730346,0.33979735168266434
105,57,0.4054172495447455,-0.22539979290820553,0.3739282358713789
106,57,0.42189291726708866,-0.2662802287589574,0.41769254997556954
107,57,0.4388318101147019,-0.3144909357038534,0.4532238306475967
108,57,0.45626749298882435,-0.3675514235027696,0.5085042748752461
109,57,0.4743167218244608,-0.4230911261649505,0.5500361058957226
110,57,0.4928175589067198,-0.47868114723246297,0.5880322362268332
111,57,0.5116730785636618,-0.5325245758363752,0.626711897470368
112,57,0.5309561100972309,-0.5830393642291235,0.6561472991735632
113,57,0.5504068000814768,-0.6294121614650379,0.6850847962183049
114,57,0.5700450646998857,-0.6710047081327913,0.7009762428065495
115,57,0.5897138742161867,-0.7076665658124007,0.7160903153305432
116,57,0.6094517039411522,-0.7393880999474498,0.7336355462340027
117,57,0.6290669316122656,-0.7662635074517007,0.7420613285820981
118,57,0.6485229726887846,-0.7884167284588365,0.7584406994379032
119,57,0.6678656413116928,-0.8060926670313662,0.7731454089483846
120,57,0.6870651327029146,-0.8191542056919849,0.8008953893901806
1,58,-1.8486466515407285,1.6261476590646726,0.31836977212167883
2,58,-1.822442114257288,1.6153016894767243,0.3454467599989871
3,58,-1.7891048536155318,1.6086909091931625,0.35347852217196535
4,58,-1.7488229205716492,1.604782919144997,0.3434908723423205
5,58,-1.7019086696827546,1.6014418679578342,0.32703526465458144
6,58,-1.6487741523295791,1.5964610324117676,0.30331215608540546
7,58,-1.5898222038777063,1.587614372181144,0.2754561327333948
8,58,-1.525565657259837,1.5728440078825392,0.2638265007815787
9,58,-1.4564504404439054,1.5505970510603633,0.24826208610823416
10,58,-1.383114278141834,1.5200462739280922,0.24807837914850095
11,58,-1.3057821685917625,1.480939266503886,0.24547246140374307
12,58,-1.2250991884025024,1.4339009841677475,0.2690922082294166
13,58,-1.1413672297446722,1.3798655660875057,0.2816379841873645
14,58,-1.0551715852244739,1.3202111305694995,0.291718298630764
15,58,-0.966770011261619,1.2564192675029815,0.31783314877122504
16,58,-0.8765896681489603,1.1899787261452905,0.33484614523602346
17,58,-0.7849693587355312,1.122093782187163,0.3499262913382555
18,58,-0.6923660404891564,1.053719470475309,0.3602369756353954
19,58,-0.5992445960177328,0.9852080178939138,0.3783172650892937
20,58,-0.5060768396936787,0.9169193579220857,0.3934048696526545
21,58,-0.4135951497435582,0.8489957628513092,0.40166455640415283
22,58,-0.32238991770860836,0.7812191085389846,0.4132912290340146
23,58,-0.23329110608672984,0.7139453229239825,0.43549226412424397
24,58,-0.14719390716453204,0.6475330061322567,0.46168006474640927
25,58,-0.06498451887972938,0.5826618932225702,0.48080322171038137
26,58,0.012441470554659837,0.5203961067481392,0.5097563907752454
27,58,0.08402569682297724,0.46210214883156603,0.5417744346515015
28,58,0.14875832086803847,0.40893640884135735,0.5664989773358824
29,58,0.2056525496637257,0.36241105901109566,0.5943008121699518
30,58,0.25389496730892447,0.3237914355371881,0.6069894752550513
31,58,0.29268335937163603,0.2939852324874431,0.6319565523718684
32,58,0.3214028328569676,0.27371137191897593,0.6342169134917286
33,58,0.33971753542657646,0.2635660755017142,0.6398982611781073
34,58,0.34737123778426754,0.2635434311256013,0.634426301656596
35,58,0.34444106764638777,0.273381241071228,0.6226776035268989
36,58,0.33119890979452254,0.29246138488843776,0.6015643577877646
37,58,0.3082814097129243,0.31978774996212683,0.5823227912283812
38,58,0.2764468782103065,0.3542099427414752,0.5492614572454343
39,58,0.23666790619807757,0.39417180523729717,0.5165793088699326
40,58,0.19037207841112685,0.43821083305402647,0.48460156901327517
41,58,0.1388952444333686,0.48440851317787725,0.44922406288563854
42,58,0.08377781632672876,0.531077650666228,0.4182750115718193
43,58,0.02651728651973614,0.5764210913595419,0.39217263360268995
44,58,-0.03112911187381786,0.6191823118773505,0.35914859885051686
45,58,-0.0874931448678234,0.6581528643986958,0.33860361440534137
46,58,-0.14120720282679014,0.6924598595843666,0.3263568512543904
47,58,-0.19093791397381282,0.7215499580339546,0.3195072590306122
48,58,-0.23558140315756082,0.7452001250580811,0.31087330499176125
49,58,-0.2743163522946849,0.7635566241680758,0.31322903856942774
50,58,-0.3066603026578271,0.7768461037989176,0.3104859675105487
51,58,-0.33234582766856763,0.7853878642226265,0.32230066515611894
52,58,-0.35138310877634954,0.7894607637649804,0.31725064245213586
53,58,-0.3644187288409638,0.7891424249106282,0.3075058018084607
54,58,-0.3719877466738916,0.784448314938074,0.31019428732768173
55,58,-0.3749854594343922,0.7751910973001086,0.3044769198708728
56,58,-0.374602104225068,0.7607677345060685,0.2969495153004412
57,58,-0.37207188725455487,0.7405747075204937,0.28316407144065525
58,58,-0.36860991907985097,0.713608746532856,0.27828622434596956
59,58,-0.3652861783631166,0.6788807263159952,0.26714215645070605
60,58,-0.3632420308467977,0.6356348019485495,0.25608280364976654
61,58,-0.3634374342199381,0.5831446436526305,0.2556726489160311
62,58,-0.3663394430086265,0.5212825811676106,0.25689241548417535
63,58,-0.37236642486439714,0.4501828195005279,0.2668827932732151
64,58,-0.3816945631959126,0.37081206200687816,0.2867404786124289
65,58,-0.3938877449899227,0.28472951075173264,0.3129828457957213
66,58,-0.40853002671280586,0.19403482923822127,0.34339997365266217
67,58,-0.424792338087036,0.1011777992836168,0.3710093771065684
68,58,-0.44158867803833735,0.008657755400825444,0.3970320032200604
69,58,-0.45798813998261795,-0.08122315650993389,0.4176363913563518
70,58,-0.4727237705257118,-0.16664254953840524,0.4309844541656806
71,58,-0.48479553291534583,-0.24634821750118696,0.43714175322007603
72,58,-0.4930546495729937,-0.319711645256263,0.430686258699899
73,58,-0.496769285387239,-0.3869849465019219,0.4237860048814625
74,58,-0.494988509031055,-0.448989952847222,0.4123188868414781
75,58,-0.4875091728914875,-0.5066999995706067,0.40465903584094476
76,58,-0.47404204778591247,-0.5614571682480112,0.3840785442912899
77,58,-0.4546865238586562,-0.6139509034817683,0.3847727151444436
78,58,-0.42967303350269404,-0.6647291334456079,0.385335983540703
79,58,-0.3993810890238716,-0.7137935716625111,0.39956556883831373
80,58,-0.3646537745671777,-0.7604088618152551,0.41563664861632293
81,58,-0.32618618729609233,-0.8034735120394776,0.4385021611044306
82,58,-0.28475520438094265,-0.8414248464222256,0.47474339021096335
83,58,-0.2412712442781286,-0.8727076654851897,0.5053176997539947
84,58,-0.19670835504478373,-0.8954759698056656,0.5307503596241715
85,58,-0.15179672984119225,-0.908361467850182,0.5618467898689158
86,58,-0.10729135613908025,-0.9102904677147728,0.5831064325663521
87,58,-0.06364277619930689,-0.9004125273271673,0.6006010190096933
88,58,-0.021658476959386653,-0.878266250440043,0.6065137063997915
89,58,0.01834930177809021,-0.8442079081673164,0.6072908441131024
90,58,0.056164644991463675,-0.798792245401742,0.6020137580371826
91,58,0.09152586699687267,-0.7432016299000893,0.5859700928085081
92,58,0.12431249247132722,-0.6791903461186339,0.5571136697467022
93,58,0.15462434624743615,-0.6088610787625968,0.5281443708988508
94,58,0.18245234436090685,-0.5347839019221406,0.4891286758586909
95,58,0.20804998284625512,-0.45993808346032855,0.44576722779554384
96,58,0.23164640242319393,-0.3872652850208958,0.40591523588569245
97,58,0.2534612795532103,-0.3197837540878384,0.36535076760081403
98,58,0.27376523531373453,-0.2603587169368206,0.3347989557675271
99,58,0.2930081967071143,-0.21132812339857984,0.316811689764994
100,58,0.31134976733377634,-0.17457239693549784,0.29546310980302054
101,58,0.32928200400935875,-0.15147039343218593,0.28723751470212855
102,58,0.34699058387744625,-0.14260281745201964,0.3039784677478687
103,58,0.36468313700470195,-0.14785778857946047,0.3107925886594637
104,58,0.3826805210817171,-0.16646945466667482,0.34833790354510463
105,58,0.401155429973064,-0.19675709634876035,0.38513273408992105
106,58,0.4201744131154097,-0.2369140129802088,0.42597262881618186
107,58,0.4397558470876561,-0.28445040565051527,0.47073100331383244
108,58,0.4599145030565706,-0.33688011893092135,0.5201863191801692
109,58,0.48072894901517393,-0.3918314310254781,0.5692821407785291
110,58,0.5020004939690649,-0.44686943977910265,0.6089991686854613
111,58,0.52359547755313,-0.500213910471211,0.6461785119657754
112,58,0.5455382509416733,-0.5502818152493514,0.6724986339815535
113,58,0.5675129116545233,-0.5962721424992424,0.6986685686739738
114,58,0.5895011826241929,-0.6375503360766829,0.7247403929020684
115,58,0.6112919274778175,-0.673960801639288,0.7356982683412531
116,58,0.6328733310500372,-0.7054997428589379,0.7609671268127165
117,58,0.6540173818859959,-0.7322339193631251,0.7670042225971044
118,58,0.6746464894855279,-0.7542901312947741,0.7800763799246496
119,58,0.6947894269478447,-0.7718929573843353,0.7995344771085331
120,58,0.7143952613155358,-0.7849042591991644,0.8277359207265939
1,59,-1.7981821942054899,1.6656152360368786,0.3243892798453049
2,59,-1.7723909704893834,1.6542964192982406,0.3559889902811174
3,59,-1.7398760909503737,1.6468435117945854,0.36691369427340903
4,59,-1.7008234684026415,1.64190897155839,0.36088861865648075
5,59,-1.6555448013920173,1.6376081914312888,0.3408674242954077
6,59,-1.6044415173027922,1.631991178948926,0.3244841713140504
7,59,-1.5478994222921025,1.6230649633723218,0.30453939395549906
8,59,-1.486425516153354,1.6089418447700465,0.2815006108682797
9,59,-1.4204544663441605,1.5881438621983346,0.26691069713742377
10,59,-1.3506056507453241,1.5597986373724415,0.2675124589465848
11,59,-1.2770852466970988,1.5235205194160761,0.2735134546667979
12,59,-1.2005034561102048,1.4797189167603155,0.27377739428960857
13,59,-1.121145939526686,1.4290633322825765,0.28959926764255123
14,59,-1.0395636612559362,1.3726569182648984,0.2955978380411458
15,59,-0.9559715449793764,1.311755869828281,0.3161661933842241
16,59,-0.8707522560305235,1.2476790633820904,0.3311574174519563
17,59,-0.7842012979096222,1.1815407886116687,0.34859740985087156
18,59,-0.696725315598539,1.1142829102925627,0.36960301612148827
19,59,-0.608725653071965,1.04632126904742,0.37385696210351743
20,59,-0.5206221944810249,0.9781224548818667,0.3846600557589156
21,59,-0.4330783136622417,0.9099609865499398,0.40560593168429354
22,59,-0.346615427901767,0.8417616368070588,0.4169897397285841
23,59,-0.26201159777726035,0.7739943310271435,0.4374253707432235
24,59,-0.18009605509329316,0.7071282096451812,0.4563285667812472
25,59,-0.10169939574858357,0.6419192258955609,0.48772659773792815
26,59,-0.027664144167334162,0.579489761225116,0.5167846316180443
27,59,0.040981430136969636,0.5212421862084259,0.5402882645769423
28,59,0.10326323083522523,0.4683534172591769,0.5704864839181761
29,59,0.15821931793149185,0.4223604369187338,0.5990734393367623
30,59,0.2050342600910493,0.38450903500504646,0.6170213266776707
31,59,0.24289318164768467,0.3557029759681652,0.6305361478989626
32,59,0.2711729356056343,0.3366295674856722,0.6367209693871965
33,59,0.289485771810993,0.32784610998955693,0.647822183104451
34,59,0.2975437482322932,0.32930846177126905,0.6392978054877403
35,59,0.2953647664306974,0.34069284329022664,0.6286911132103786
36,59,0.28315303113465606,0.36136683915278783,0.6070234686790779
37,59,0.26147663206746863,0.39029971417829473,0.5837784796162039
38,59,0.23102074309922768,0.4263394497096837,0.553292115221114
39,59,0.19268880545381797,0.4679379948170276,0.5165712392724076
40,59,0.14783417000990506,0.5136377143715554,0.48576256235846005
41,59,0.09773493278480691,0.5615242578453705,0.4441832800630781
42,59,0.04387857913478971,0.6098822863412413,0.4081831628619924
43,59,-0.012286322263457753,0.6568585714458265,0.38313691698457447
44,59,-0.06901696165913043,0.7011072254699962,0.3559177540233605
45,59,-0.124677039505122,0.741268145691812,0.32533701302526785
46,59,-0.1778854186033963,0.7763010630680567,0.3072619133560502
47,59,-0.22730133903548239,0.8054559050184044,0.30176817708233106
48,59,-0.27179152941060764,0.8283113466629097,0.28999607394937993
49,59,-0.31050118615266964,0.8448476788810033,0.28295928018640176
50,59,-0.34289512005708156,0.8551704264085609,0.2857792282562004
51,59,-0.3686465755169291,0.8595490095444239,0.29306880692068765
52,59,-0.38770908219529404,0.8582975654772618,0.29859230683493165
53,59,-0.4006597665755353,0.851612092535986,0.3017364508380377
54,59,-0.4079848840067288,0.8397186251427753,0.29856036261695557
55,59,-0.41053240367581345,0.8227058631405332,0.3048174116545547
56,59,-0.40943892832673173,0.8002881463529911,0.3030526681959257
57,59,-0.4059128443485842,0.7721979364279923,0.2965571084580418
58,59,-0.4011630277464004,0.737749178448181,0.29133004292014253
59,59,-0.3962551101366017,0.6962360451683342,0.2937964245753851
60,59,-0.3923591514845446,0.6471208847895378,0.28935476584763303
61,59,-0.39046037377734444,0.5898307303490916,0.2932188254158673
62,59,-0.3910911123500801,0.524321793166743,0.29439423294271383
63,59,-0.3947280333015482,0.45072548212421887,0.3112659016355115
64,59,-0.40162646400586616,0.3699391380507639,0.33193758766759635
65,59,-0.4114391777126321,0.28339918319793594,0.35633551297953403
66,59,-0.42383226695010645,0.19304498195344383,0.3873725298604373
67,59,-0.43805996313203166,0.10113805876892146,0.4059101122799532
68,59,-0.4531191530798171,0.009966867985657721,0.4318427764561337
69,59,-0.4681467261429943,-0.07835987463725598,0.4454043854456919
70,59,-0.48192614558975055,-0.16222077135554833,0.453024196551029
71,59,-0.49348519125324025,-0.24054447147451702,0.45119539734966196
72,59,-0.5016943854594832,-0.3128653530875528,0.44599234036433694
73,59,-0.5058213243812427,-0.3795519386673098,0.43824083137642683
74,59,-0.5048717572144787,-0.44150291919029294,0.42342393052750865
75,59,-0.49861273659344507,-0.49974076620858837,0.4034030454485351
76,59,-0.48668262835321785,-0.5555920713343747,0.3925901327841235
77,59,-0.46910887871802465,-0.6096865308645534,0.38852624593476276
78,59,-0.44603499984548084,-0.6624621196884527,0.3884728276573438
79,59,-0.4177428109616046,-0.7137643084532015,0.4094552692180668
80,59,-0.384993817265986,-0.7626647168641987,0.43045429326731643
81,59,-0.3483920596281104,-0.8078475726905581,0.4514292622451413
82,59,-0.30863608273645554,-0.8475443744703556,0.485432454176788
83,59,-0.26657112380901266,-0.880016115091032,0.5159191698193933
84,59,-0.22312108117438265,-0.903275570672248,0.550153509222264
85,59,-0.1789764261457552,-0.9158707088793113,0.5752890353961634
86,59,-0.1348800203561182,-0.9167236668849114,0.5940151397503624
87,59,-0.09126675232091003,-0.9050541511475757,0.6073016279360097
88,59,-0.04897237757221558,-0.8805313536894998,0.6136118018961696
89,59,-0.008319611482605105,-0.8436953468470514,0.6071616596366638
90,59,0.030438405172939106,-0.7952921581838036,0.5985430523715676
91,59,0.06699606560928026,-0.7367028980989944,0.5783649981997384
92,59,0.10120478213818562,-0.6698480486960112,0.5501114619309178
93,59,0.133107955264153,-0.5969478734880892,0.5212501172480042
94,59,0.16266449299907337,-0.5206435363288193,0.47762399212152995
95,59,0.19009064337568388,-0.44391388662935777,0.4408686832280169
96,59,0.21559007687530912,-0.3696691977692643,0.3976543540001324
97,59,0.2393544634646343,-0.30085288797464843,0.35901035413656984
98,59,0.2616497559862369,-0.24025779837280056,0.32682007888387254
99,59,0.28291316750408985,-0.19013299872879483,0.3098704829392344
100,59,0.30330720969891667,-0.15228437465350889,0.29699030233999374
101,59,0.32331969373393404,-0.12804248311322813,0.29133464354234867
102,59,0.3431473557929141,-0.1179416093940931,0.3030199023806124
103,59,0.36299916012035954,-0.12185550776593178,0.32151529416201236
104,59,0.38320450665977207,-0.13902271484493123,0.34907506919499315
105,59,0.4039377216919426,-0.16775055616318724,0.3914245773480723
106,59,0.42525162507513914,-0.20625527307837557,0.43999227115874906
107,59,0.4471641300943004,-0.2520560445824873,0.48086278898975676
108,59,0.4696786748114659,-0.3026902500732686,0.5250594381834106
109,59,0.49284464296965885,-0.3558132265328482,0.5732094587024915
110,59,0.5164389147548848,-0.4090147790915133,0.6198439082315128
111,59,0.5403039890235214,-0.4605580544598968,0.6557640768866424
112,59,0.5644287526240886,-0.5088874451988369,0.691005958782204
113,59,0.5884573810104177,-0.5532398327129121,0.7110950554148825
114,59,0.6123460079150111,-0.5930129885428411,0.7298295855456167
115,59,0.6358434369327777,-0.6280734877092149,0.7489534834406167
116,59,0.6589004451734848,-0.6584520837598808,0.7658174448671088
117,59,0.6812644305963518,-0.6842194473846991,0.7749037418376945
118,59,0.7028258455834853,-0.705531555285299,0.7903928706607773
119,59,0.7236047726865251,-0.7226166404381263,0.809540111002756
120,59,0.7435329495683162,-0.7353524716195633,0.8289514931378761
1,60,-1.7436630932733388,1.6969437037519113,0.3410702420961739
2,60,-1.718338412375931,1.6851326641757909,0.3676894025138207
3,60,-1.686749947573998,1.676795112999142,0.3877482773484186
4,60,-1.6490781651873727,1.6707664706357213,0.38690907160572446
5,60,-1.6056289739005272,1.6654111724172196,0.3656134347314456
6,60,-1.556786209869045,1.6590337572571272,0.35250409747765415
7,60,-1.5029109540443015,1.6498748928483775,0.32716245941006844
8,60,-1.4444961135542107,1.6362205441825195,0.31423978710702366
9,60,-1.3819565625521513,1.6166744492047618,0.2970642067049871
10,60,-1.3158849099091066,1.5903284334796108,0.2980817504241453
11,60,-1.2464616122716445,1.5566725129541206,0.29462391619848305
12,60,-1.1742550449092872,1.5159114440232742,0.2926186033463087
13,60,-1.099529590545945,1.4684598280261283,0.3018858980652796
14,60,-1.0227978909547726,1.4151558588109845,0.3086379096582609
15,60,-0.9442279588418722,1.357039129967321,0.3250438820824019
16,60,-0.8641576240982379,1.2952673414370623,0.33605947914220513
17,60,-0.7828382434797406,1.230877985253093,0.35283703698250896
18,60,-0.7006271780199843,1.1648130530380816,0.35931803374768406
19,60,-0.6178635152056101,1.097570471114814,0.38197841232502583
20,60,-0.5349161223148642,1.0297402919108232,0.3915028108454894
21,60,-0.4523811788703177,0.9617424018562459,0.40970081032103867
22,60,-0.3707125581085731,0.8936576040149428,0.41907037711068074
23,60,-0.29063699817123995,0.8260682199740134,0.4405169877185771
24,60,-0.21291678661716465,0.7595418401014407,0.4703506288914709
25,60,-0.13832553062607955,0.694883821686546,0.49469627049852666
26,60,-0.06765107985766085,0.6332370844920551,0.52885944515291
27,60,-0.0018884320217549954,0.5759899190940607,0.5507226442583072
28,60,0.0580296241333702,0.5242874819785154,0.5801454462193779
29,60,0.11117010656969459,0.47963886471781897,0.6042033004126356
30,60,0.1567202812079256,0.44322397329749874,0.6227808838033483
31,60,0.19385789776223764,0.41590865050586545,0.6441479204814872
32,60,0.2219552705308692,0.3983266413214077,0.649042160598949
33,60,0.24057532775579502,0.3909911093042066,0.6487073981261485
34,60,0.24940065912821827,0.39382623816786183,0.6482686849064467
35,60,0.2483891781793803,0.4064632125299543,0.6308471155093432
36,60,0.23767558866770178,0.4282803200077021,0.6105998430674812
37,60,0.21775300112125162,0.45823909790481787,0.5894717047205684
38,60,0.18922664227065497,0.4952158074044888,0.5556135893477868
39,60,0.1529208355362169,0.5377015230653959,0.5270876256477914
40,60,0.11010128342000175,0.584273274092999,0.4890229067443877
41,60,0.06197488791809136,0.6330516574688029,0.44558119862374845
42,60,0.009960940478635877,0.6823229182400148,0.41532055538818813
43,60,-0.044558244262546426,0.7302121967797348,0.3823073738146969
44,60,-0.09987133836190058,0.7753151447264873,0.34820181358450575
45,60,-0.15439106024230617,0.8161506013457254,0.325989456530877
46,60,-0.20673903680245934,0.8515337921866599,0.2978615575396846
47,60,-0.2555808934864779,0.8805375365319654,0.2832820635802969
48,60,-0.2997663780403954,0.9025514401593635,0.2741521108994111
49,60,-0.3384162586889127,0.9173880471843058,0.2637854636112937
50,60,-0.37094876794418763,0.925018449069748,0.27144501930215564
51,60,-0.39697989017429314,0.925641242288803,0.2771254115849989
52,60,-0.41640689075396414,0.9195780958786548,0.27666448017402195
53,60,-0.42973122670385294,0.907109884090944,0.287884740825458
54,60,-0.4373831374966311,0.8886380062201945,0.29634723120599094
55,60,-0.44015136067025235,0.8644973224105984,0.3134844866853862
56,60,-0.43910506911874747,0.8346943728232845,0.30607139835309566
57,60,-0.43540840519231694,0.7992798100182525,0.3134265373742694
58,60,-0.4302462429385179,0.7578739380762614,0.3099861596672369
59,60,-0.42466079871455936,0.7100517914319205,0.3205837564750701
60,60,-0.4198292194609145,0.6554956859597719,0.3159642356910462
61,60,-0.4167417916913909,0.5937906284555267,0.3277474068738283
62,60,-0.4159782030445675,0.5249818718954824,0.34063712058224443
63,60,-0.4180543023274377,0.4491982929404185,0.34736107284419543
64,60,-0.423288778159111,0.36726354456776245,0.37109031341726423
65,60,-0.43140945375561573,0.2804808230422434,0.401953017503864
66,60,-0.44215376221332703,0.1906122064012776,0.4229960601281176
67,60,-0.4548504223725801,0.09971103789923294,0.4400813507008806
68,60,-0.46857410803862515,0.00983604559287757,0.4609964172918458
69,60,-0.4825264762803108,-0.0771121540541451,0.4760682665202378
70,60,-0.49554153819336394,-0.15971675378345035,0.48677852201163285
71,60,-0.5066771780480751,-0.2370820135014352,0.473895433867665
72,60,-0.5148279361986104,-0.3088817584667092,0.468762440936859
73,60,-0.5192664793947563,-0.37556517603121997,0.45075825343779735
74,60,-0.5189639969572853,-0.4380595866864428,0.43759060510617226
75,60,-0.5136660650986291,-0.49738403763117195,0.4199213256385398
76,60,-0.5029483377171623,-0.5547943515869996,0.403985944773793
77,60,-0.48677560282127336,-0.6108132590314711,0.4084733674042334
78,60,-0.4652143304971843,-0.6657317445785992,0.40742776737197656
79,60,-0.4384586604365205,-0.7192181985980264,0.4236392271075119
80,60,-0.40719653269014194,-0.7701472575044144,0.4387986833748957
81,60,-0.3719496186688819,-0.8170027422877829,0.4699265264974644
82,60,-0.33334446236336807,-0.8578385431275823,0.5032163800031813
83,60,-0.292167713794724,-0.8907709213166334,0.5378580386849795
84,60,-0.24929701021483394,-0.9137177903179187,0.5604407687659202
85,60,-0.2053879659564343,-0.9251941426213595,0.591003579557659
86,60,-0.16117378326601856,-0.9241677841688043,0.6089073086955642
87,60,-0.11707675286942561,-0.90997570201104,0.6132435140470409
88,60,-0.07396210802373869,-0.8824588957134271,0.6171814115082671
89,60,-0.03216486980459141,-0.842374134363104,0.609537676396081
90,60,0.008022361446405403,-0.7906823654146208,0.5881511857167887
91,60,0.046249128173430694,-0.7289742115218596,0.5721776781995758
92,60,0.08233608749091695,-0.6593345302725437,0.5388326481929726
93,60,0.1162671458203648,-0.5840839571087133,0.5060776142137666
94,60,0.1479654839621361,-0.5059024796218564,0.46626910143353223
95,60,0.17760532432066153,-0.42772638946714114,0.4305517565622806
96,60,0.20535883798063084,-0.35238440596362114,0.3833608615868804
97,60,0.23138452327717063,-0.2826897270796831,0.3579824664963374
98,60,0.255936594156129,-0.22130713353438713,0.32561938811120444
99,60,0.27943301115468616,-0.17034614074952567,0.3086786914494176
100,60,0.30203348209408,-0.13150153730755731,0.30315561527149365
101,60,0.3242153286633094,-0.10602569118402966,0.3011951128092944
102,60,0.34618184051975165,-0.09439196806470122,0.3064172069820436
103,60,0.3681414179267743,-0.09645704180465313,0.328022763028929
104,60,0.390429872290623,-0.11147420824012574,0.36037291189687015
105,60,0.41322357231071744,-0.1377612325090529,0.39967126885576815
106,60,0.4365654680484361,-0.1735811611991444,0.44219614417717057
107,60,0.46047888159841727,-0.2164945089389826,0.49143206856591426
108,60,0.4849632975570335,-0.26409468650355605,0.5376828844732441
109,60,0.5100481054362103,-0.31409458207316826,0.585228295417683
110,60,0.5354981029584454,-0.364140782710728,0.6241861826156779
111,60,0.5611449840387472,-0.4125665723939882,0.6619946432264061
112,60,0.5869555630729214,-0.45787100133077785,0.6890899353560762
113,60,0.6125505412184422,-0.49935184889535855,0.7088335725438153
114,60,0.6378732843267636,-0.5364640575435357,0.723454747903706
115,60,0.6626471175044882,-0.5691197626369083,0.737862430585532
116,60,0.6867985976556008,-0.5974075911642538,0.752316111973632
117,60,0.7100626847345786,-0.621428573035343,0.7671705447759702
118,60,0.7323072462291558,-0.6413890582795756,0.7790153822285252
119,60,0.7535521065698141,-0.6575408943493113,0.8015936788820551
120,60,0.7737157116555368,-0.6697913212492524,0.8227467792062008
1,61,-1.6860007390052436,1.721110210217868,0.37191411132757496
2,61,-1.6611860146181914,1.708797198022733,0.3933846074968568
3,61,-1.630608511707606,1.6995497610277355,0.4120291918110391
4,61,-1.5944401548526381,1.6923801088261599,0.409643703381523
5,61,-1.55297602489275,1.685893715641669,0.3996580307262884
6,61,-1.5065756186390808,1.6786413079059412,0.38844410958861764
7,61,-1.4555681225427488,1.6690919495962298,0.37003906932440483
8,61,-1.400424502410486,1.6557041839661384,0.3518999143191026
9,61,-1.3415316707702925,1.6371674183133464,0.3381019282497151
10,61,-1.2794476801956616,1.6125472954233118,0.3222939279397921
11,61,-1.2143209439136249,1.5812213924851908,0.3243744813307299
12,61,-1.1466719698464882,1.5432056069047202,0.3191972395144393
13,61,-1.0767395235242683,1.4986766223832422,0.32272967915010475
14,61,-1.0049946298647905,1.4482252775913245,0.32728815341902495
15,61,-0.9315555459778881,1.3926910689236554,0.3381477115698392
16,61,-0.8567159163609113,1.333085307881694,0.3463753689589698
17,61,-0.7806830690292015,1.2703856229045933,0.364176373613307
18,61,-0.7037671175206518,1.2055494006797993,0.3727142707829232
19,61,-0.6262475943399095,1.1391739289678886,0.3911201468999645
20,61,-0.5484441455342071,1.0719870065417831,0.40615777465003805
21,61,-0.47088907766364896,1.0045631138251985,0.4201493283477396
22,61,-0.3939712100300794,0.937147304563167,0.440574002859932
23,61,-0.31836754130168293,0.87042856288494,0.4664277925496709
24,61,-0.24477368260436186,0.8050570246358411,0.4885312342265506
25,61,-0.17390590544777818,0.7418575586502711,0.5101638895517835
26,61,-0.10649659428520555,0.6819541811549873,0.5451504920240082
27,61,-0.043504882637737254,0.6266705146161333,0.5685823758733708
28,61,0.014182616856163845,0.5770675885091229,0.5944254981019942
29,61,0.0656654498672124,0.534574373102345,0.6190179591550882
30,61,0.11013839336249484,0.5002601453752511,0.63759198456071
31,61,0.1467771352216479,0.47491954337385456,0.6441663550889106
32,61,0.17495333338783578,0.459112466522677,0.6565836720100532
33,61,0.1941841174563608,0.4533029976854039,0.6564272912051557
34,61,0.20412529016080838,0.45739044381916855,0.6458991715827582
35,61,0.20467524518327238,0.47097728348035983,0.6349615048284335
36,61,0.19589849215047517,0.4934754944290826,0.6167333716143935
37,61,0.178208201552407,0.5238641754622667,0.5926399919615325
38,61,0.15212420874696173,0.5610744423492562,0.5579127599814117
39,61,0.11838326633472397,0.6036641970350384,0.5305764936593294
40,61,0.07815160391137174,0.6502717130215694,0.48884881586298173
41,61,0.032552832358153254,0.6990809419501113,0.45664258962583365
42,61,-0.017076067845613843,0.748408361873083,0.420645203067551
43,61,-0.06943512428877684,0.7963924138475085,0.37780053736727687
44,61,-0.1228609318878237,0.8416034187572318,0.35056678521040924
45,61,-0.17583145687373308,0.8824753352743084,0.3229422414973338
46,61,-0.22698729551129063,0.9177095110243413,0.2962616520890249
47,61,-0.2750143241892128,0.9462310775261753,0.27613579446316533
48,61,-0.31875799507508984,0.9672610520157016,0.26479010708725553
49,61,-0.3573242102193491,0.98045461206264,0.2573570796810325
50,61,-0.3900916319685972,0.9856466602501046,0.25909681812714436
51,61,-0.4166223474309806,0.982953904276893,0.2613348785714258
52,61,-0.4367586332911592,0.9726845983847023,0.26468301935303135
53,61,-0.4509216540974651,0.9551738940011909,0.28114003495621037
54,61,-0.4594795002007202,0.9309617510416317,0.29427609596047855
55,61,-0.46315074699400033,0.9005933755907569,0.2967292222942071
56,61,-0.4629245135988485,0.8643319083792138,0.31876645409437165
57,61,-0.45990302058756954,0.822514700597141,0.329946517580066
58,61,-0.4552296968050118,0.7750418179647036,0.3362438146356995
59,61,-0.44990452630867617,0.7217497345735736,0.34454548152916703
60,61,-0.44508990689039024,0.6625260039141012,0.3541077465253476
61,61,-0.44176053917541275,0.5971034578739036,0.3645834746896053
62,61,-0.4405245423934469,0.5256085357894684,0.37841217313404296
63,61,-0.44191689261494405,0.4481589066631295,0.390565097521652
64,61,-0.44630256778548993,0.36549398992334237,0.4112707886293687
65,61,-0.4534689299988802,0.27877153925294057,0.4337150171676785
66,61,-0.4632127027125657,0.1895608755642996,0.45658510479185327
67,61,-0.4749268081604353,0.09969173200160887,0.47298776622447286
68,61,-0.4877571746864996,0.010982047185368398,0.48767441953279544
69,61,-0.5009659578684488,-0.07488158069661804,0.5035055658221709
70,61,-0.5134370551580065,-0.15667959279144364,0.5076070361893195
71,61,-0.524260185074461,-0.23367575701424856,0.501751386315355
72,61,-0.5323583993318922,-0.3056494483228579,0.48643969515328084
73,61,-0.5370151198559673,-0.37308558505202594,0.47014183267955584
74,61,-0.5371764425326169,-0.43688424017381344,0.4526339855674024
75,61,-0.5325754895168117,-0.49800279102056055,0.4344773461533861
76,61,-0.5227361101759163,-0.5575679058915922,0.42186615662982624
77,61,-0.5075711994028334,-0.6159470774824177,0.4239013966330807
78,61,-0.4870815153273307,-0.6732487042123044,0.42638346967916674
79,61,-0.4613852247493503,-0.7289467696156058,0.4454205074867752
80,61,-0.43110615782633777,-0.7817205678680901,0.47061033092195664
81,61,-0.3966939692196702,-0.8298738055004524,0.49163914384703533
82,61,-0.35871065932066815,-0.8713179000580026,0.5289050003029727
83,61,-0.3178920180791007,-0.9040697713084037,0.5565482316483745
84,61,-0.2750739109186279,-0.9260039325259429,0.5856340014432886
85,61,-0.23088242176356125,-0.9356557162372446,0.5985302938718821
86,61,-0.18604353316114372,-0.9320879790213775,0.6124798360290044
87,61,-0.14096995378196028,-0.9147986379125114,0.6204603011559672
88,61,-0.09655676862689927,-0.8838356015048751,0.6188459369430171
89,61,-0.053152446899082786,-0.840196496828777,0.6065832616788607
90,61,-0.011090256623372156,-0.7850719596732819,0.5862925125877868
91,61,0.029234898667376056,-0.7202634589845579,0.5572044859312397
92,61,0.06761115423567234,-0.6480106092317864,0.5260678406883844
93,61,0.10396135816215225,-0.5707112294667559,0.49061302330204215
94,61,0.13817032904865398,-0.49104924088866553,0.4499431396588974
95,61,0.1703665143092507,-0.41187603861711686,0.41268896672321814
96,61,0.20068549212690326,-0.3358909040816903,0.37853995626996456
97,61,0.229248094869977,-0.2657256176482764,0.3510632312070342
98,61,0.25629014132706296,-0.2038664031665456,0.3195866309565652
99,61,0.28220419437934824,-0.15223877760052135,0.31060403903856093
100,61,0.3071415170921858,-0.11239608063213388,0.30165891108517845
101,61,0.331562559017825,-0.08548906121930715,0.3011822347940747
102,61,0.3556725620385951,-0.07192113654570105,0.312210118685622
103,61,0.37967705504781996,-0.07153483920213283,0.3309106395532529
104,61,0.4039156496416755,-0.08361345755707081,0.3651809261873169
105,61,0.42856675836327834,-0.1065124025238332,0.4007657271712642
106,61,0.4536669207991486,-0.13856877615102078,0.4441872994187738
107,61,0.47925013032177294,-0.17741957866226937,0.48955753770839505
108,61,0.5053189044144375,-0.22074823607293917,0.541704790418515
109,61,0.5318916285892507,-0.2663558796256267,0.5785994595130954
110,61,0.5587328539505346,-0.3119766369895849,0.6161575215848696
111,61,0.5856762074226767,-0.35603825167081143,0.6475129060616593
112,61,0.6126796574726511,-0.39711787716908875,0.6725241777949754
113,61,0.6393566006692617,-0.43459239582420395,0.695603394774739
114,61,0.6656501993764282,-0.4679929301181743,0.7107543232969812
115,61,0.6912729403528326,-0.4972949897469319,0.7188956828478499
116,61,0.7161402284373194,-0.5226619619699524,0.7308287955433735
117,61,0.739986628376952,-0.5442459076861993,0.7446983769476554
118,61,0.7626668277995204,-0.5623191810005278,0.7517911705799424
119,61,0.7842085958102674,-0.5771729740499544,0.7714084860752265
120,61,0.8045212748497769,-0.5887542470173207,0.7945136154657853
1,62,-1.6260380587951095,1.7398462319467372,0.39000413508778864
2,62,-1.6017702998652426,1.7270298412002916,0.4241717167428891
3,62,-1.5722755899132017,1.7168621071999142,0.44400664269086426
4,62,-1.53771430191603,1.7085217928012402,0.4465660879892006
5,62,-1.4983655104158717,1.700841701777092,0.43736023254980316
6,62,-1.454557644728516,1.6926045041818245,0.4293647859540008
7,62,-1.4065810606587277,1.682496832256103,0.4138860029032858
8,62,-1.3548768576274492,1.6691444987931328,0.3899706900219619
9,62,-1.2997958082763366,1.651323905782595,0.37576431202885996
10,62,-1.2418536722518745,1.6280847159307466,0.3660052166208277
11,62,-1.1811605277196824,1.598707429207901,0.35099992561002896
12,62,-1.1181832770940296,1.563040125715375,0.35063095486832124
13,62,-1.053130792657486,1.5210463099929699,0.35269220198958956
14,62,-0.9864292356490123,1.4730948841770368,0.35323700234255717
15,62,-0.9181448795657011,1.4198496334639765,0.3613708840047282
16,62,-0.8485282030283696,1.362196191695708,0.37315836873502406
17,62,-0.7777430984412945,1.3010721385060824,0.3827273741813885
18,62,-0.7060549758323119,1.2374663349200044,0.3986413128428037
19,62,-0.6336876274572871,1.1720896779770043,0.4066060951704624
20,62,-0.560914023236957,1.1058173291972109,0.4243919963888758
21,62,-0.4882073231013623,1.039381808891097,0.4438808054160277
22,62,-0.41589490176826893,0.9731936867377236,0.4614734102276194
23,62,-0.3446068585068736,0.9080377102573346,0.48184577129049755
24,62,-0.27497404453759816,0.8446264916312118,0.5095563433345888
25,62,-0.20765658725200586,0.7837723173179306,0.5309832269271646
26,62,-0.14333203457482493,0.7265409897522206,0.5593966700240974
27,62,-0.08292231430964886,0.6741428819556965,0.5788376875125659
28,62,-0.027264504742404043,0.6275055147516362,0.6008036451289891
29,62,0.022775781045359836,0.5879291068547837,0.6239320977252918
30,62,0.06640495906377158,0.5563318352616006,0.640299421819196
31,62,0.10280130823081159,0.5334065293489978,0.6505499356407713
32,62,0.13133916285450747,0.5196216904874232,0.658841384428904
33,62,0.15149379064831506,0.5153878781670104,0.6516059759159873
34,62,0.16289685934765386,0.5205859919192442,0.6452780447158121
35,62,0.1653885940585053,0.5348051105185151,0.6339591887998427
36,62,0.1589635417981147,0.5575107208564627,0.6160959229527715
37,62,0.14395135983810917,0.5877222305315741,0.5887737037055584
38,62,0.12078246167299932,0.6244483304200175,0.5610603764119944
39,62,0.0900992245018256,0.6663376795110323,0.5291500944820929
40,62,0.05295841297990712,0.7121129028734667,0.4953091161750482
41,62,0.010389924388045339,0.760047063088952,0.46186143971242644
42,62,-0.03636413511988772,0.8085140024835784,0.4212932635511563
43,62,-0.08610051718805024,0.8556999877522334,0.38595030043004525
44,62,-0.13721911406755474,0.9001840983150997,0.3556869225991234
45,62,-0.18827802549792658,0.9403553379225833,0.3232574039261019
46,62,-0.23795250635063847,0.9748377857790811,0.29464313833899536
47,62,-0.2849621158439131,1.0024459077654184,0.27343965457830716
48,62,-0.3281605861597145,1.0222619061089917,0.26066173246411706
49,62,-0.36664858668154265,1.03380461225168,0.2521339369964735
50,62,-0.3997727919797281,1.0367813931283487,0.24568341759070364
51,62,-0.4270457380387871,1.0312253649060847,0.2575978066481659
52,62,-0.44825657476474573,1.0174170916451424,0.2611685064894879
53,62,-0.46374299270412206,0.9957189548790198,0.27645258059762645
54,62,-0.47380567105836896,0.9667723085096684,0.2921624240431164
55,62,-0.4790830281202283,0.9312923946099377,0.3105957351296774
56,62,-0.4804725656441111,0.8897547383615755,0.32703496532392307
57,62,-0.47899771759824966,0.842740103718473,0.34129973086053883
58,62,-0.4757434074696285,0.7903883174269625,0.35891943574611873
59,62,-0.47164886514398835,0.7327629984940083,0.36654982314501616
60,62,-0.46783988982666486,0.6699279994409613,0.3796019815924197
61,62,-0.46525471262268586,0.6017412727513076,0.3963918311610128
62,62,-0.46451015987869526,0.5283917552874171,0.40795209444846364
63,62,-0.46613965736897683,0.44997039411549816,0.4235474603187478
64,62,-0.4705363666760731,0.3671175419711854,0.445503540174583
65,62,-0.4775304480059482,0.2808330628139637,0.46403521058169755
66,62,-0.4869648203205974,0.19248103086777216,0.4841327441102405
67,62,-0.49828520938018084,0.10365729463140361,0.4981741849573769
68,62,-0.5107012245722212,0.015935827503956185,0.5120924586648629
69,62,-0.5235303781423135,-0.06920870638293689,0.5229553824761923
70,62,-0.5357052971247347,-0.15073764716535704,0.5217030763856884
71,62,-0.5463490451824021,-0.22805002487304551,0.5102569507767535
72,62,-0.5544177371426707,-0.3009904120712395,0.5000414471770985
73,62,-0.5592114959503077,-0.3700300212005968,0.48839450003091794
74,62,-0.5596616414685688,-0.4359833652164859,0.4724269554446993
75,62,-0.5554987080816514,-0.4996873542285074,0.4566196801683419
76,62,-0.5462068741331662,-0.5620827384469269,0.4454937126666226
77,62,-0.5316594007733073,-0.6233359494335914,0.4489529400656128
78,62,-0.5118040889328419,-0.6833407058550832,0.4576232032720056
79,62,-0.4866963817686507,-0.7413631851823828,0.4723045424506351
80,62,-0.456906719196285,-0.7958931126130201,0.4935687208077454
81,62,-0.4228245206631863,-0.8450778177347966,0.51785773254306
82,62,-0.38495561994487504,-0.8867241714212368,0.5580611001142716
83,62,-0.34399344057087694,-0.9187967699415068,0.5772731326189844
84,62,-0.30073684276979923,-0.9391787585909996,0.5998925291445728
85,62,-0.25578778748010655,-0.9464773393129154,0.6200390517623027
86,62,-0.20986718091098783,-0.9398962131786217,0.6256410237413801
87,62,-0.1633805636798769,-0.9191322728553728,0.6211155726309137
88,62,-0.11725207991780222,-0.8844681106271459,0.609980551446842
89,62,-0.07184370933618457,-0.8371574948028198,0.5956808716283727
90,62,-0.02752903946398735,-0.7786272764519722,0.566620242192447
91,62,0.0152547068447929,-0.7108825939751913,0.5449385207827767
92,62,0.05626266096174504,-0.6363016801693254,0.5060470775654614
93,62,0.09535702740387647,-0.5573317104197427,0.46720618992103874
94,62,0.13238310860549832,-0.47662457341658127,0.4401776925637237
95,62,0.16742120531454796,-0.39690576008562584,0.40502450354305103
96,62,0.20056649302737187,-0.3207009937546851,0.3652592649739282
97,62,0.2318986379020887,-0.25041541314394045,0.347484904567098
98,62,0.26162902598634385,-0.18831326395941175,0.3200798465005258
99,62,0.29011919292939015,-0.13609981130083734,0.3066687224346948
100,62,0.3175064868141387,-0.09516450369061448,0.30238001479562426
101,62,0.3442279993558472,-0.06654136205280191,0.30280900156575014
102,62,0.37048607927496036,-0.05056181297949455,0.31858095882372434
103,62,0.3964803871119363,-0.04706414136984555,0.34561208621039863
104,62,0.4225510308521745,-0.0553823748043087,0.3685843128024125
105,62,0.44887763640658945,-0.07394169557951247,0.40474816163200567
106,62,0.47549285705608607,-0.10118377064709345,0.44664807991358246
107,62,0.5024454541628295,-0.13485930156823558,0.4867530226291575
108,62,0.5297469557983693,-0.17277590021040753,0.5310245077481243
109,62,0.5574128512463374,-0.2128524511782863,0.574392666568538
110,62,0.5852180815991689,-0.2529378038188287,0.6094288902864875
111,62,0.6130098992976069,-0.2915738072728823,0.6274850769198131
112,62,0.6407498259301536,-0.3274327169493982,0.6548835448604081
113,62,0.6680591323306994,-0.35998094320268015,0.6747787276447498
114,62,0.694892477280455,-0.3888358941086541,0.6806803188470651
115,62,0.7209655843162924,-0.4140453315680706,0.6878026076186343
116,62,0.7461951116397699,-0.43585460213913846,0.692374438896854
117,62,0.7703267281088971,-0.45447855892206074,0.6967935243328965
118,62,0.7932110300633658,-0.47026276607800543,0.7125024327411962
119,62,0.814891418080988,-0.48354703029769136,0.7251172803998237
120,62,0.8352722617718575,-0.49432331644165084,0.7436408691177824
1,63,-1.5650137888927438,1.7554472783883037,0.42278178320113186
2,63,-1.5413177587853046,1.7421334109507747,0.45537874997902483
3,63,-1.5129533726465008,1.731047752736309,0.4766567302932046
4,63,-1.4800666393068092,1.7215210988167322,0.4822695347149177
5,63,-1.4429156157670313,1.7125940641742448,0.4738491922175288
6,63,-1.4017912782151214,1.703260901565289,0.4677366557933614
7,63,-1.356938849482615,1.6924093111460117,0.4588595392422008
8,63,-1.3087621897961332,1.6788226349240314,0.4340691951670085
9,63,-1.2575683318991075,1.6613628378668528,0.4183973056067867
10,63,-1.203823780505413,1.6390744088275675,0.4048137872997417
11,63,-1.147594862884792,1.6111596287447318,0.3907472556874192
12,63,-1.0892902760899819,1.5773251076741885,0.38463340494569953
13,63,-1.0290857981872603,1.5373536845132707,0.38453317349505456
14,63,-0.9673604926422678,1.4914256533204346,0.38053346541092287
15,63,-0.9041281118468055,1.4400612123081233,0.389540240024011
16,63,-0.8395983187864297,1.3840469007287277,0.38877105497331604
17,63,-0.7738936573545931,1.3243024205957943,0.41048480526628767
18,63,-0.7072387397458194,1.261864390257461,0.42011380325116093
19,63,-0.6398073005100708,1.1975677055632747,0.43359855644563944
20,63,-0.5718296172472794,1.1324388608747065,0.45375074325529513
21,63,-0.5037262445742072,1.0673652624511398,0.46921071173263895
22,63,-0.4357682393446912,1.0029166169129407,0.4802094623448226
23,63,-0.36854300795582107,0.939957232331544,0.5093453312420834
24,63,-0.302620128969653,0.8792386183597422,0.5345562931222841
25,63,-0.23860609890059142,0.8215276547611791,0.5512476920038023
26,63,-0.17712528202975167,0.7677948024239506,0.5687232345751589
27,63,-0.11906167961786178,0.7190934773711481,0.5918830765384381
28,63,-0.06520029424962871,0.6761743613828878,0.6092527753304313
29,63,-0.01637000762290416,0.6401670883501472,0.6318037278752977
30,63,0.026651538113539503,0.6118052389787986,0.6443805683784487
31,63,0.06305019032653661,0.5916539590510748,0.6526908422884287
32,63,0.09220675911671869,0.5800767459315482,0.6545161117693035
33,63,0.1135599473035474,0.577426844735714,0.6500813588137498
34,63,0.12672083276957555,0.5835722274915967,0.6422063583444547
35,63,0.13147459676355305,0.5981015721444475,0.6303786345561148
36,63,0.12774778800211747,0.6205487418025318,0.6182507604342958
37,63,0.115785088330761,0.649991897730943,0.5921915348966191
38,63,0.09592545484830566,0.6855344392953799,0.5672166501995983
39,63,0.0687122732024458,0.7259342629925323,0.5319604369371762
40,63,0.035085140237727346,0.7700165644760743,0.4997545166058568
41,63,-0.00402823391546376,0.8161653290323707,0.4613026838953202
42,63,-0.04749141098892017,0.8628362189055486,0.43325683942596477
43,63,-0.09421045399064086,0.9082959463152436,0.39662318519498196
44,63,-0.14266280465041203,0.9511658276501572,0.36093762865230766
45,63,-0.19150027967864508,0.9898316324591258,0.3275816432340068
46,63,-0.23944804644463724,1.0228808632039448,0.3054737198472078
47,63,-0.2852725800080045,1.0490597288941492,0.2763632710601685
48,63,-0.3278485492295608,1.067348700677506,0.2617233101880073
49,63,-0.36628144735092827,1.0771601463491316,0.25487304721360216
50,63,-0.3998943661514455,1.078091948274194,0.24837075986088772
51,63,-0.4281560649081212,1.0701007443350055,0.25140980066432633
52,63,-0.45080537422562555,1.053432192418694,0.26344988846646983
53,63,-0.46809521597136655,1.0284538782603492,0.2753643765603164
54,63,-0.48025486904424464,0.9958732734763471,0.2963971615096675
55,63,-0.48783408677014073,0.9565339373876242,0.31628876723347754
56,63,-0.4916286505331546,0.9110745089260984,0.3342101988584709
57,63,-0.49256771056774296,0.8602681533742501,0.347778353236882
58,63,-0.49166142637495996,0.8044452718379522,0.3701275238467669
59,63,-0.48977055095139543,0.7438512820881786,0.3857230861400339
60,63,-0.4879628475480385,0.6786869592408774,0.4031583397030074
61,63,-0.4871193328695978,0.6089030212017101,0.4131383848035462
62,63,-0.48784536164223197,0.5347235673878322,0.4338815248109243
63,63,-0.4906517989841982,0.4561917600801764,0.44428391329819383
64,63,-0.4959410714921883,0.3738303192478504,0.4649190936154169
65,63,-0.5035682645223714,0.2884679544084926,0.47978254474053417
66,63,-0.51340842357728,0.20125265212363083,0.4976409826936109
67,63,-0.524947518571771,0.11353930985709264,0.5124867922201711
68,63,-0.5374500955536811,0.02665977005910885,0.5232025221725949
69,63,-0.5502827741343916,-0.058116338490047464,0.5312134388887233
70,63,-0.5624250189525957,-0.1399099217265514,0.5352348686204489
71,63,-0.5730341582514971,-0.21822698920445344,0.5263642006592558
72,63,-0.5811035766618192,-0.29293529878339813,0.5165787469368811
73,63,-0.585955929836099,-0.3644432577674671,0.5014962086361195
74,63,-0.5865185499691007,-0.43342383418873004,0.4879958160202761
75,63,-0.582529610353659,-0.5005384679882847,0.47555670246116466
76,63,-0.5734466928016215,-0.5664905275289955,0.47380099009418086
77,63,-0.5591168832895662,-0.6312043442809708,0.471952630845507
78,63,-0.5394490077038999,-0.6943314251440144,0.48582202457047496
79,63,-0.514450414950443,-0.7549197756153023,0.4940824136347372
80,63,-0.4846502017034515,-0.8112767087900981,0.526283575847471
81,63,-0.45039078958311796,-0.8614160280352917,0.553526444119737
82,63,-0.4121313636471961,-0.903075226537758,0.5778712031965665
83,63,-0.3705325704001397,-0.9342086919166865,0.5956122402570208
84,63,-0.3263617038433824,-0.9527543672000289,0.6154191306577624
85,63,-0.2802025448869631,-0.9574348058607289,0.6332348475296601
86,63,-0.23277321664336112,-0.9476316630476918,0.6295846370732724
87,63,-0.18447450082010383,-0.9232694016407624,0.623262862655852
88,63,-0.13625810275773892,-0.8848834220910812,0.6047212232963117
89,63,-0.08849894601266771,-0.8339893129754301,0.5864441521033102
90,63,-0.041609522186306785,-0.7722488207437238,0.5633733423997442
91,63,0.003934148319328497,-0.7018568675721812,0.5208414924267312
92,63,0.04785480578045319,-0.6253101266288962,0.48206803816239796
93,63,0.08995617058786805,-0.5450759103488446,0.45287309019340133
94,63,0.13004442404766914,-0.46374055302960354,0.4187263713192466
95,63,0.16815086377780938,-0.38386767468473276,0.383003861410043
96,63,0.2043279907738079,-0.3077726184817177,0.3537323181033832
97,63,0.23861207781090735,-0.23759817927918422,0.33942309514353824
98,63,0.27118516992873964,-0.17535369693386893,0.31681300292015524
99,63,0.30237313858205983,-0.12249911602551045,0.3092841285914559
100,63,0.33229463263500425,-0.08024790111267402,0.30543033764527333
101,63,0.3613573612525395,-0.049512583219948725,0.3121548264257662
102,63,0.3897562183384774,-0.030559184324948887,0.32258479458268635
103,63,0.4176819015060606,-0.02323943226190504,0.34516699677839
104,63,0.44547140780461103,-0.026964586332429426,0.37482178227838525
105,63,0.47330433229283464,-0.04026599684475108,0.40609903997489394
106,63,0.5012112680736939,-0.06172273790436219,0.44623265763381953
107,63,0.5292589051550166,-0.08923664728303657,0.4872380011630066
108,63,0.5574727051182476,-0.12077166692868427,0.5243294558986705
109,63,0.585872515927297,-0.15439028054094955,0.5569090923984998
110,63,0.6142529366531604,-0.18807673610161127,0.5830125966789246
111,63,0.6424853097551532,-0.22049914869789303,0.6102642446647643
112,63,0.6705458918541124,-0.2504325269874192,0.6267688252686653
113,63,0.6980776976562302,-0.27743293993763196,0.6341431173763549
114,63,0.7250573306072439,-0.3012029777838207,0.6370652263383153
115,63,0.7512168626408059,-0.32186053891674193,0.6389467478097633
116,63,0.7764855785622741,-0.3397289568096175,0.655363299285526
117,63,0.8006308187417362,-0.355087359524173,0.6450239819081152
118,63,0.8235075570075536,-0.3683524021206906,0.6601337553860837
119,63,0.845181769467044,-0.37991462673595194,0.6687362467517871
120,63,0.8655567603318622,-0.38981102110425453,0.6843410559634459
1,64,-1.5042736535851253,1.7703090207552568,0.4491618175241869
2,64,-1.481162554476107,1.7565122302286809,0.49381005922835647
3,64,-1.4539532384198148,1.7445261432214176,0.5083944286393397
4,64,-1.42277487286995,1.7338141629464303,0.5114638194945411
5,64,-1.3878599078633542,1.7235986176015672,0.5160571694629715
6,64,-1.3494561738519484,1.7130581635072013,0.5066237516872026
7,64,-1.3077583926455918,1.7012588062557041,0.48709823743365177
8,64,-1.2631266812402797,1.6871270324293957,0.47259486555776703
9,64,-1.2158176271447956,1.6696062897392823,0.45033763830905515
10,64,-1.1662424955079826,1.6477476367303006,0.4434696120308057
11,64,-1.1144194570310513,1.6206980924145804,0.4289248188218468
12,64,-1.060695542668739,1.5880552279244005,0.41722979554167355
13,64,-1.0052111402600423,1.5494622478130156,0.4133453188016775
14,64,-0.9482967124825288,1.5049526483027489,0.4145866726545633
15,64,-0.8899142320437078,1.4549432366931268,0.4085946856229249
16,64,-0.8302356941504011,1.4001540251957292,0.4235301234864429
17,64,-0.7693452222871913,1.3415111608118213,0.43777349475205857
18,64,-0.7074311305302813,1.280114845456446,0.4457085739422989
19,64,-0.6446239261802452,1.2169297165963715,0.46305352542472394
20,64,-0.5811158195676782,1.1531308968393568,0.4774728940084783
21,64,-0.5172823122968382,1.0897500685917056,0.49233803733496356
22,64,-0.4533440498513689,1.027501106469505,0.5123385414865368
23,64,-0.3898507164525227,0.9673059249448661,0.5316677824525293
24,64,-0.3273151647311304,0.9099276852336068,0.5502190869916032
25,64,-0.26629369043951523,0.8560549160072367,0.5658820259534354
26,64,-0.20735995825133538,0.8065287282681236,0.5846136410335312
27,64,-0.151359876766092,0.7622080027205635,0.6047840876232291
28,64,-0.09902479826605207,0.7236307868681415,0.6136444201205168
29,64,-0.05114567088123973,0.6917225610014661,0.6264019671366755
30,64,-0.008480059370429708,0.6670068968315258,0.6415071293602967
31,64,0.028170182301484797,0.6499010079574822,0.6437874107676018
32,64,0.05819598738244177,0.6406540805430305,0.6421091493825273
33,64,0.08100550465266905,0.6395590535178756,0.6465694315256509
34,64,0.09619295114499232,0.6464751134594628,0.637863012089042
35,64,0.1034926904215407,0.6610009638172714,0.6259412399750582
36,64,0.10276628324521145,0.6827484074251255,0.6146390514836744
37,64,0.09417349624093475,0.7108682849890029,0.5867024217773041
38,64,0.07796130132729369,0.7445703398047897,0.5668597631041904
39,64,0.054571244328872164,0.7827348557363013,0.5337349441480658
40,64,0.024820103843316284,0.8243030237399034,0.5047137588136218
41,64,-0.010473339438221232,0.8677875925370029,0.4710134864830271
42,64,-0.0502873562435592,0.9117474611039695,0.43652803199089163
43,64,-0.09364800366065289,0.9545596992374806,0.40583514567634865
44,64,-0.13912325048673696,0.9949197567316882,0.3672921340284535
45,64,-0.18547061731448683,1.0312517443389013,0.3443335490538754
46,64,-0.23147972254597948,1.0621493425477475,0.3085235261746263
47,64,-0.2759765593933326,1.0863358535783627,0.28879037926671464
48,64,-0.3178691150628376,1.1027317813360016,0.2667232045051802
49,64,-0.35627778186079107,1.1106791560397304,0.2588032857828949
50,64,-0.3905109188356301,1.109691521184714,0.2570338054382709
51,64,-0.4200003935884583,1.099663027443389,0.25996569201811665
52,64,-0.4444382414003714,1.0808028758681083,0.2677446858857817
53,64,-0.46399300374401004,1.053466480885997,0.27528527865316516
54,64,-0.47881981572602084,1.0183947248437533,0.300530786640471
55,64,-0.4893727157028959,0.9765176066167122,0.3125063514189341
56,64,-0.4963373049426025,0.9285849601813029,0.33824189980076064
57,64,-0.5005345247457995,0.8755067618510816,0.3606840815813462
58,64,-0.5028846498680831,0.8177494036426645,0.37962371719227767
59,64,-0.5041533659470878,0.7556877688065272,0.3929579197899264
60,64,-0.5053299400598724,0.6896141331745657,0.4079814867954011
61,64,-0.5072180437398838,0.6195341003183704,0.4281896661377925
62,64,-0.5103914698541094,0.5456748601413214,0.4435863361040097
63,64,-0.5153177452934823,0.468008645223053,0.4532063437101534
64,64,-0.5223893520299685,0.3869210510344529,0.4725353952660082
65,64,-0.5314678872000937,0.3030573736770811,0.4881567965356127
66,64,-0.542445875141305,0.2173414675881665,0.5011084067504487
67,64,-0.554836215949318,0.13088356585512076,0.51538173080176
68,64,-0.5679488024877839,0.04477924216261815,0.5273634451687762
69,64,-0.5811922423564839,-0.03989702418842163,0.5312608617453872
70,64,-0.5935902853348712,-0.12240241351847464,0.5326731009943794
71,64,-0.604334818384683,-0.2023212718123639,0.5369832405708704
72,64,-0.6124602444103883,-0.279505495913252,0.5268918356135338
73,64,-0.6173172313166726,-0.35425689448406245,0.5084263900538726
74,64,-0.6178399542502189,-0.4270584456452157,0.5064086904576169
75,64,-0.6137844771927511,-0.49834976129151975,0.4978931332290725
76,64,-0.604595188976782,-0.5685550595167274,0.49737480336368767
77,64,-0.5901070969925634,-0.6373236283859207,0.5030923722106286
78,64,-0.5702046201711446,-0.7040437583844055,0.5110850096363673
79,64,-0.544862323318408,-0.7675385189908926,0.5321308088691092
80,64,-0.5145806064542701,-0.8259402616780995,0.5566568280500764
81,64,-0.4796689517066567,-0.8771489852299337,0.5811461119296594
82,64,-0.4405499730805722,-0.9188618187098326,0.6059194913467478
83,64,-0.3978615943740866,-0.9490563109963148,0.6242057399038814
84,64,-0.3523451128743489,-0.9657615543309072,0.6391006242733221
85,64,-0.3045722399312371,-0.9678472163678453,0.6413105457356254
86,64,-0.2552604220423876,-0.9548987659026377,0.6346671110489143
87,64,-0.20480774073607114,-0.927085537147443,0.623672718245199
88,64,-0.15419123327490364,-0.8852033393705792,0.6059222217709543
89,64,-0.10379747914959894,-0.8310259545042672,0.572519268729387
90,64,-0.05407534021853486,-0.7664415872628956,0.5491252667928906
91,64,-0.005534881989057123,-0.6938156411977542,0.5085061018380742
92,64,0.04151585564011798,-0.6157404795243359,0.4689610384912058
93,64,0.08682584031445713,-0.5346746305510133,0.4350261873654447
94,64,0.13016383288184152,-0.4531092743043092,0.4053291522005607
95,64,0.17151249273396874,-0.37341668370524955,0.37983648999490455
96,64,0.2108806524946281,-0.29767358952985934,0.3542263307583516
97,64,0.24826002842977118,-0.22773550148457028,0.33419070691018515
98,64,0.28379928602830234,-0.1653355658790023,0.3209915785214617
99,64,0.31778467648769754,-0.11167563722595097,0.31759300730059126
100,64,0.35031189703954085,-0.067791949128035,0.3136971886523911
101,64,0.3817534113888849,-0.03448157778707811,0.3258970473456021
102,64,0.4122922235063696,-0.011960453263881529,0.3366513970282208
103,64,0.4421065485703959,-0.0001189091938367798,0.355980487326024
104,64,0.47152622669318994,0.001523232104509663,0.38419379769761675
105,64,0.5007288839478686,-0.005710896512352242,0.41302687225469853
106,64,0.5297439756910625,-0.020571684857010383,0.44347044033147026
107,64,0.5586581047760691,-0.041148226598856474,0.4768821999012905
108,64,0.5875143344890447,-0.06558934711431369,0.5133464599793383
109,64,0.6163430402216492,-0.09212198437012263,0.5363773537819541
110,64,0.6449661789644073,-0.11887857230383907,0.564500658193376
111,64,0.673288171279882,-0.14465698323547982,0.5768887069966877
112,64,0.7013098427923178,-0.1683321822649071,0.5812485951948027
113,64,0.7287083193556753,-0.18953864155707204,0.5981232735322103
114,64,0.7554912403277563,-0.20805073186875522,0.596268415899858
115,64,0.7814190151414204,-0.2240419737316255,0.593038841335895
116,64,0.8064438362161535,-0.23789732124928456,0.5976895175183622
117,64,0.8303642455739783,-0.24994991172140896,0.5931589916348328
118,64,0.8530474107842723,-0.26067473456448353,0.5948792521708597
119,64,0.8745880147854248,-0.2705069322406391,0.6046166544387013
120,64,0.8948919494556092,-0.279522469698894,0.6236747367237621
1,65,-1.4450299980324428,1.7867840631212724,0.4797302961973613
2,65,-1.4225044361832675,1.7725295593065693,0.5195375244978327
3,65,-1.396450074923842,1.7596797791150474,0.5374935596790585
4,65,-1.3669771805044524,1.747806675348399,0.5468919459660674
5,65,-1.3342885450794821,1.736282067971966,0.5471950599660084
6,65,-1.298583966278196,1.724435400354808,0.5410494216168508
7,65,-1.2600034012474417,1.7114823470750358,0.5275071297918944
8,65,-1.2188577496471873,1.6964736191200989,0.5131270462567616
9,65,-1.1753475617823725,1.6784273397218978,0.4897961044220566
10,65,-1.129824046062472,1.6564132643444864,0.47750151204169977
11,65,-1.0822540583007316,1.6295491000680877,0.4646046630588878
12,65,-1.032920851779724,1.5973605245087288,0.4554831639591412
13,65,-0.9819282733935917,1.5593985679505324,0.45438905398186
14,65,-0.9295577051822592,1.5155982146471052,0.4393994505860402
15,65,-0.8757215675607558,1.4663188508851381,0.44926030994177774
16,65,-0.8205583130528031,1.4122506956457415,0.44722386961627997
17,65,-0.7641176927162521,1.3543513008168138,0.4630540646111196
18,65,-0.7065570230482968,1.2937988765567625,0.4781399557231999
19,65,-0.6479716229420786,1.231688764513289,0.49211160714779023
20,65,-0.5885211606124089,1.1693358541609808,0.504022730930089
21,65,-0.5285446694371395,1.1078992657329039,0.5234748942197245
22,65,-0.4682191457042885,1.048215286100763,0.5431382445098255
23,65,-0.4080623537981545,0.9912379166297325,0.5499457939120015
24,65,-0.3485359947515648,0.9377135988438039,0.5693532245089621
25,65,-0.29015045693494124,0.8882220977263136,0.5847071733255743
26,65,-0.23343191097061622,0.8434466862725252,0.5967455992686908
27,65,-0.17918842679913077,0.8040224988030649,0.6066890229037613
28,65,-0.12809693956091064,0.7702484527526353,0.6172358776490977
29,65,-0.08090966986922839,0.7428217161009237,0.6267080113126845
30,65,-0.03836000043078619,0.7220390276666945,0.6329740869530952
31,65,-0.0012326710843351045,0.708155042969387,0.6362616482575127
32,65,0.029877153469078366,0.7012989529158723,0.6361947578224931
33,65,0.054354122834414674,0.7017003924297768,0.638796418649443
34,65,0.07177981496644635,0.7092114634624153,0.6289936111373831
35,65,0.08184339931993323,0.7234477108599118,0.6154900279635428
36,65,0.08434586093465105,0.7441024297725932,0.5999813456057643
37,65,0.07936394954676014,0.7704079939139225,0.581683939582132
38,65,0.06705394650120912,0.8016865244537719,0.5603170000711625
39,65,0.0477548419433452,0.8369485308909044,0.5321848907871781
40,65,0.022157198388251833,0.8752599177382139,0.5105429813914024
41,65,-0.009033798718774409,0.9152759791706945,0.4753807276709374
42,65,-0.04491815252823821,0.9556768346556458,0.4500692957315212
43,65,-0.08465045522968191,0.994976126133768,0.41304265899479015
44,65,-0.12690062646909434,1.0319723192439005,0.3861615237180745
45,65,-0.17054214307442425,1.0651670514784028,0.3503377954860279
46,65,-0.21444264147096154,1.093202244447232,0.32767040210597814
47,65,-0.25749941292700274,1.1148233242323737,0.3002211848129384
48,65,-0.2986657772493266,1.1289339925361048,0.28251750908499573
49,65,-0.3370870398365741,1.1348449533470994,0.27211981818327124
50,65,-0.3720660497785344,1.1320149634587449,0.27022463614679837
51,65,-0.40300580320686835,1.1202944137799955,0.26962129605942875
52,65,-0.42955568760985513,1.0998590781235746,0.2787957226242802
53,65,-0.45180206900645137,1.071039797207276,0.2845224313696517
54,65,-0.4698245232169347,1.0345821587738095,0.3134809533255236
55,65,-0.4839760782740004,0.9914631844710904,0.3304126594756471
56,65,-0.49482543155338254,0.9424929926757803,0.3465688423185649
57,65,-0.5030734004208831,0.8886625148338809,0.36262986473941494
58,65,-0.5095367205740131,0.8305189320023775,0.3848654122572403
59,65,-0.5148710312043374,0.7685120128026726,0.40109664881329027
60,65,-0.5199680264354081,0.7029787331109504,0.41527510808240947
61,65,-0.5255351527998687,0.633940220654808,0.43310137235279617
62,65,-0.5320951474472312,0.5615937046909166,0.44716594055037356
63,65,-0.5400522739119823,0.48581797663496434,0.4541363458949467
64,65,-0.5497701181599486,0.4068435768571514,0.47186562720258934
65,65,-0.5610984463762267,0.3251223518996351,0.4831630434315338
66,65,-0.5739325605677092,0.2413493468621955,0.49413911841817737
67,65,-0.5877986861523999,0.1563895969378691,0.504884105101847
68,65,-0.6020420201561997,0.07111075930139754,0.517584396766882
69,65,-0.6161055267647442,-0.013597111464251037,0.5281825671053546
70,65,-0.6290541805610464,-0.09710577582099858,0.5253243767653076
71,65,-0.6401142556673893,-0.1790530248104257,0.526830373019465
72,65,-0.6483644985752418,-0.2592437012782642,0.5208933504453966
73,65,-0.6531886449290999,-0.3378397237385666,0.5102632662290673
74,65,-0.65353847088334,-0.4150983661121951,0.5103001899719212
75,65,-0.6491979518994917,-0.49120440827527845,0.5173800573440098
76,65,-0.6396118240882481,-0.5662746453536622,0.5192026754708066
77,65,-0.6246173994257945,-0.6396611003186464,0.5262178986784324
78,65,-0.6040896474593542,-0.7104754165860675,0.5361197477601896
79,65,-0.5779860229236113,-0.7773121010043806,0.5617953857587648
80,65,-0.5467913128941457,-0.8381341236654767,0.5812490510476409
81,65,-0.5107966828907091,-0.8907409210102787,0.6094127143340141
82,65,-0.47039867613951786,-0.9328080245266083,0.6313145932553247
83,65,-0.42622294070975064,-0.9623561993750429,0.6427607214486151
84,65,-0.3789904332348946,-0.97752786701295,0.6565629607595791
85,65,-0.32926702044654843,-0.9773562646142311,0.6542507580860553
86,65,-0.27777138948938895,-0.9616426434056283,0.6461277877679854
87,65,-0.2249006292065295,-0.9308058451105996,0.6226479737973797
88,65,-0.17165406826168023,-0.8858989783676846,0.5988408578407121
89,65,-0.11842788547630202,-0.8289419977389121,0.5600305424927577
90,65,-0.06570351259910061,-0.7620352918682416,0.5276046669221317
91,65,-0.014018918518426456,-0.6876920038220277,0.49485631732806906
92,65,0.03628999288686858,-0.6085767368931086,0.4550608782097314
93,65,0.08492309558278908,-0.527112415890313,0.4197966491542544
94,65,0.13161513053227036,-0.44567059542627996,0.3910358906634059
95,65,0.17630225174269998,-0.3664102007695729,0.3692989434161346
96,65,0.21895046294070694,-0.2911503643423534,0.3445412808621535
97,65,0.2595073615269064,-0.2214457012399786,0.33500840951376176
98,65,0.29808566453055635,-0.15874413910688812,0.32561963662653365
99,65,0.3349293138720354,-0.10398954542660817,0.3231243145782549
100,65,0.3701077180936256,-0.05805109255173025,0.3254667660323337
101,65,0.40395298186487516,-0.021627759741760604,0.33386856828934747
102,65,0.43663210403521646,0.005089778180739278,0.3457046842381883
103,65,0.46830715463717626,0.022139580475965336,0.3666184633929724
104,65,0.4992964286919502,0.029856988749838557,0.3839952877841462
105,65,0.5297728951113219,0.029377687809102326,0.4077079744979127
106,65,0.5597646455127596,0.021745490417407847,0.4424874402071131
107,65,0.5893786824823618,0.008650286863319421,0.4716725515150338
108,65,0.6186776244988086,-0.008265415366324429,0.48845586542241826
109,65,0.6477068144854641,-0.027407594611745273,0.5156925120348678
110,65,0.676321030543842,-0.047060533928357205,0.5330528587545917
111,65,0.7044645879983942,-0.06614547884612729,0.5430414765907546
112,65,0.7321705063810113,-0.0836231332364815,0.5524961067203323
113,65,0.7591600255979895,-0.09918316077721313,0.5517298207281371
114,65,0.7854787878183669,-0.1126457739005813,0.552214803512144
115,65,0.8109255772553993,-0.1242130766349547,0.544651585844562
116,65,0.835483973220232,-0.13430318643505992,0.5389706599525245
117,65,0.8589914955140997,-0.14328147639017846,0.5360353631265747
118,65,0.8813341853573206,-0.15165841427763474,0.5384643715607103
119,65,0.9026403172998416,-0.15989973178563716,0.5394336449231063
120,65,0.9228214851723513,-0.16810863020107703,0.5604119004695133
1,66,-1.3889177613103396,1.8072264499471795,0.5025167755582587
2,66,-1.366964010182081,1.7925536529996016,0.5414856147729981
3,66,-1.3420362701469968,1.7789031087069374,0.5662668680498912
4,66,-1.3142243529563586,1.7659263492316306,0.5688933889583792
5,66,-1.2836981624052617,1.7531060523913797,0.5666459946628464
6,66,-1.2506056963257963,1.739882053401517,0.5655621318881247
7,66,-1.215029277538227,1.7255848400233063,0.5566944623652463
8,66,-1.177226524713786,1.7093653572672725,0.5445489557588147
9,66,-1.1373379135684305,1.6903065030586095,0.5280674426762583
10,66,-1.0956512784402204,1.6675083488539415,0.5077662451986593
11,66,-1.052080585100144,1.64008712044758,0.5024416125687475
12,66,-1.0068447881178901,1.6075372226009665,0.48498476578126276
13,66,-0.9600114371631546,1.569369738780738,0.478007200628713
14,66,-0.9118134310818771,1.5254742316659853,0.4735061976398962
15,66,-0.8621174162875471,1.4762027826225692,0.483290557969065
16,66,-0.8110333510769243,1.4222555684443312,0.48039597164736114
17,66,-0.7585815842606426,1.364646584173751,0.4890448556008639
18,66,-0.7048943157961325,1.3046451193400108,0.5060708580930878
19,66,-0.6500405366263595,1.2434744139013536,0.5178453960142111
20,66,-0.594153482157821,1.1825756578733326,0.5404563866105648
21,66,-0.5375448323722869,1.123214396655612,0.5549485736809804
22,66,-0.4803551631178661,1.0663232592877991,0.5728863177706899
23,66,-0.4230765267833297,1.0128615720460075,0.5791832989197068
24,66,-0.3661256740585783,0.963531650860573,0.5890960362997292
25,66,-0.3099719246889243,0.9187784103678215,0.6018149875493165
26,66,-0.25509766675898166,0.8791053390996456,0.6096073002587556
27,66,-0.20227362795106496,0.8449034913416257,0.6133547222885394
28,66,-0.15212237543777896,0.816215404813311,0.6225018402939778
29,66,-0.10535706199785091,0.793494692503655,0.6222425287110941
30,66,-0.06268295879445206,0.7768021324356602,0.623946303836244
31,66,-0.024863106114494684,0.7662201375292613,0.6281012898995877
32,66,0.007524798193331872,0.7617549319243001,0.619421069445603
33,66,0.03384955147006346,0.7635695144011435,0.6183200267080579
34,66,0.05368439686732735,0.7715079276980412,0.6062716540745453
35,66,0.0666797972068163,0.7852059836305831,0.6003358964226674
36,66,0.07258154393610465,0.8044366154411132,0.5905527106921881
37,66,0.07138671057312226,0.8285180805882929,0.5709766834826027
38,66,0.06316365048778048,0.8568859960699974,0.5512068999531465
39,66,0.04814983095294504,0.888684107572146,0.5279078598662182
40,66,0.026908393451020605,0.9231070352739813,0.5043953933268365
41,66,2.820145599416128e-05,0.9589618335214376,0.48117508932104774
42,66,-0.031717487035611426,0.995063320058034,0.44984554263954746
43,66,-0.06761810286759061,1.0300824652436043,0.43379112875400216
44,66,-0.10645520104876449,1.0629447864583141,0.39503003122976066
45,66,-0.14722647636803465,1.0922635589668546,0.3674767827216191
46,66,-0.18888988780999919,1.1167676005681788,0.34207363114063916
47,66,-0.23042466295384106,1.135266519154666,0.32138219810346946
48,66,-0.27084074405923264,1.1466893425471392,0.30669396960650347
49,66,-0.30931800856381675,1.1503550207447404,0.29148950468420576
50,66,-0.3451631150247627,1.1456998883640777,0.28426966896673134
51,66,-0.37775905757409867,1.1325529824327256,0.2882036763737771
52,66,-0.40671725181645474,1.111063941440439,0.2905409437859667
53,66,-0.43204577960428486,1.0815321132369966,0.3075495955252393
54,66,-0.4537485284325582,1.0446845464049006,0.31935621041246914
55,66,-0.47207402839441315,1.0015101648887335,0.3404996408440054
56,66,-0.4874692712784387,0.9528321347946955,0.35556933797498347
57,66,-0.5005051997863841,0.8996693837477402,0.3693500111035894
58,66,-0.5118830838788246,0.8425972432628862,0.39010034399815824
59,66,-0.5221354164858835,0.7820869683241405,0.40340260911847675
60,66,-0.532038991224782,0.7184754559305423,0.4157551582847526
61,66,-0.5421876152293383,0.6517616308848551,0.42894344823337777
62,66,-0.5530344115169827,0.5820817686614319,0.44301448934643084
63,66,-0.564901520596142,0.5092019261984752,0.4496019069593602
64,66,-0.5781051576864052,0.4331834639973862,0.4509523430431864
65,66,-0.5924651062245296,0.3542785529488406,0.46024237400725276
66,66,-0.6078647080657184,0.27295319077254504,0.4756622857645162
67,66,-0.6238296286421571,0.18983028003562952,0.4805230241791312
68,66,-0.6397297574230447,0.10555987307711441,0.49906194630465617
69,66,-0.6550340673910906,0.020858101101869968,0.5038345417572727
70,66,-0.6688449154761278,-0.06374333588745586,0.4996101083547597
71,66,-0.6804219239090292,-0.14791712423510198,0.5062582768239033
72,66,-0.6888906306336244,-0.23140082327358877,0.5077526198833182
73,66,-0.6936720273996878,-0.3141969408227851,0.5107031665930981
74,66,-0.693745585291028,-0.3963174058827677,0.5120180114968493
75,66,-0.6889324548272091,-0.4776756352145769,0.5137807921112496
76,66,-0.6786908449288882,-0.5580689151831046,0.5263029565835752
77,66,-0.6628744702134773,-0.6365427089683302,0.5449654790229335
78,66,-0.6413636842559531,-0.7119275657904066,0.5677769195542433
79,66,-0.6141143482058979,-0.7825895680736561,0.5888595613471809
80,66,-0.5816087907456833,-0.8463257954662511,0.6119910222469743
81,66,-0.5441346989931417,-0.9008411018302058,0.636189752656431
82,66,-0.5020733061516256,-0.9437966064862103,0.6572640580350858
83,66,-0.4560486820484291,-0.9732613853428822,0.6642465172974269
84,66,-0.40676722478884414,-0.9874973518118728,0.6646796421077946
85,66,-0.3547954770785478,-0.9857009477656908,0.6643464444016793
86,66,-0.30085532658204406,-0.9678860430629438,0.6490324064316413
87,66,-0.2453445542520852,-0.9347121013294546,0.6271060305689591
88,66,-0.18928152516443864,-0.8874755221477664,0.5916371157841129
89,66,-0.13306973662364593,-0.8284223475803585,0.5609650455138044
90,66,-0.07721878037425021,-0.7598455122216624,0.5218696027696208
91,66,-0.022287737397300555,-0.6843807467611852,0.47606953923460066
92,66,0.03136314452286412,-0.6047418154698485,0.4445855198085196
93,66,0.08339140334863762,-0.523292696428081,0.4154503734779847
94,66,0.13350219323386492,-0.442267003273317,0.3871004136593421
95,66,0.18158833069566993,-0.36359677966511306,0.36530853304974703
96,66,0.2275750547296858,-0.28883482905101193,0.34918882832844983
97,66,0.271367320890572,-0.2192332603920138,0.3446861021048349
98,66,0.3130403676964661,-0.15595840021205945,0.33226025483593574
99,66,0.3527940365312618,-0.0997092592269109,0.3360719601407984
100,66,0.3906688316311839,-0.05120906691686035,0.3382748343512894
101,66,0.4269519880833435,-0.011086334154058394,0.34281007159392357
102,66,0.4617907139179346,0.020460347230435192,0.3552323239572841
103,66,0.49532721109414074,0.043358376959090734,0.36691249348961796
104,66,0.5278636862576328,0.05775924152511566,0.3866590651916291
105,66,0.5595652594547618,0.0645689546329276,0.41020502460083774
106,66,0.5904576573329571,0.06459260211800942,0.4335489777145376
107,66,0.6206676215067792,0.05926953714190012,0.45651237070705347
108,66,0.650277913371184,0.05001602729365066,0.47865120163760627
109,66,0.6793520473704222,0.03823960225046815,0.4931308715529575
110,66,0.7077812958940529,0.02550968764123447,0.5040924406770043
111,66,0.7355548730037099,0.012797487347810946,0.5162176630242649
112,66,0.7627438726008146,0.001081148991676517,0.510787044010682
113,66,0.7891216791310753,-0.00935061029343586,0.5112071058556981
114,66,0.8147771678224683,-0.018327286169173913,0.5016004295877191
115,66,0.839555864640081,-0.02604198797155408,0.4951817914922963
116,66,0.8634797019473659,-0.032907635868397955,0.4922099561675532
117,66,0.886431484831221,-0.039290466642114136,0.4797436878634376
118,66,0.9083218237671133,-0.04570532085481021,0.4796035562692421
119,66,0.9293163942167143,-0.05262790388590636,0.4908021998897661
120,66,0.9493351782274577,-0.06017226423838992,0.5068044056165756
1,67,-1.3372567075953035,1.8333815363458368,0.5122877582869454
2,67,-1.3158475677060084,1.8183411547971116,0.5557411198794627
3,67,-1.2919916331595611,1.8039738043212752,0.5786076177131126
4,67,-1.2657572108831197,1.789978206506555,0.5909905531261512
5,67,-1.2372789133712265,1.7759048704960088,0.5954805088068637
6,67,-1.2066503738423873,1.7612591290709854,0.5904989233296714
7,67,-1.1738947959843238,1.7454472268511012,0.5799767958748978
8,67,-1.1392139056094375,1.727693010999593,0.5564718812667475
9,67,-1.102685579741515,1.707132329307899,0.545516297830444
10,67,-1.0645325023870809,1.6829066781467392,0.5382458299890982
11,67,-1.024615704461099,1.6541594620633246,0.5252486573252635
12,67,-0.9830908646892994,1.620396219433086,0.5123308315895788
13,67,-0.9399908030790477,1.5811422938952595,0.5087844935233566
14,67,-0.8955016241736364,1.5362967175826736,0.5025798692644525
15,67,-0.8494494322978849,1.4862552395065851,0.5056455241675062
16,67,-0.8019215594079228,1.4317678916932468,0.5141144000361973
17,67,-0.7529148726228589,1.3739282842958211,0.520983369812687
18,67,-0.7025428412140645,1.3141070557782475,0.5412161182912336
19,67,-0.6508578119921777,1.253648645145385,0.5519160113360747
20,67,-0.5979732898645373,1.1941032071204725,0.5663348341576545
21,67,-0.5441831889361559,1.1368190767981707,0.5772636022822445
22,67,-0.48959938683196513,1.082796996959024,0.5910392210024044
23,67,-0.43469492036865554,1.0329759677373371,0.5961858226033403
24,67,-0.37984838758704986,0.9879900398731151,0.6065733557122632
25,67,-0.3254934785130951,0.9481296096899308,0.6148336955928119
26,67,-0.27207300533760226,0.913704513697423,0.6115454979353039
27,67,-0.22032118232922596,0.8848511393398537,0.6157463857138105
28,67,-0.17080702490755093,0.8613480095414676,0.6141679231608411
29,67,-0.12420468458085428,0.8433986243224381,0.6154420308589009
30,67,-0.08118763876960244,0.8308256861212475,0.6114777826937535
31,67,-0.042492804597263185,0.8235338748061143,0.605311276810413
32,67,-0.008676956849961594,0.8214052560917959,0.6052037188031723
33,67,0.019621076492789657,0.8245320987950181,0.6005781460275225
34,67,0.04197065844291124,0.8327465164897634,0.5930963096849808
35,67,0.05799100312854788,0.8457047314399073,0.5893518951839922
36,67,0.06737907993576894,0.8632529361678376,0.5722691716376123
37,67,0.07005711817180874,0.8847959354421906,0.5621069965944588
38,67,0.06600989412261957,0.9098803464393059,0.5490527667889162
39,67,0.05537626603186558,0.9377826239856876,0.5252401280490884
40,67,0.03859298865695736,0.9678265688771608,0.502199080648153
41,67,0.016131935304451495,0.9989762019607039,0.48463220419893005
42,67,-0.011363139097111124,1.030190022540496,0.4569263433103403
43,67,-0.04332036085638444,1.0603110460988832,0.4358758338668576
44,67,-0.078640593666516,1.0884098472204145,0.4153434958977863
45,67,-0.11645173470348395,1.113238274536608,0.38612041796091834
46,67,-0.15581273968689235,1.133644531721017,0.36342239836069967
47,67,-0.19579377946807078,1.1485384420808065,0.34610988284184757
48,67,-0.2354715855179797,1.1569120981948142,0.33164194263838753
49,67,-0.2740694796179126,1.1581293368966095,0.31629514988589025
50,67,-0.31090680159311734,1.1516362559158184,0.30999223982527063
51,67,-0.3453557944646864,1.1372640375416652,0.3094436564904025
52,67,-0.3769946690870025,1.1151460963514694,0.3160154514437121
53,67,-0.4057583412801571,1.0855482409793475,0.32082215859859337
54,67,-0.4315758542282556,1.0491616408422002,0.3294665960428653
55,67,-0.45458943002891994,1.0069574913187638,0.3501151446270057
56,67,-0.47512123439441273,0.9597306363660364,0.364750150324359
57,67,-0.49360484903987545,0.9084806061148328,0.38242135949094036
58,67,-0.5106160226806752,0.8537637388557923,0.3933117074335173
59,67,-0.5265531635027608,0.7960238469396799,0.40346785105166866
60,67,-0.5420630656221307,0.7355580077027407,0.41406810138459965
61,67,-0.55761054149495,0.6723097960970935,0.4181763680048261
62,67,-0.5735621898494042,0.6063285581841681,0.4252740197018565
63,67,-0.5901410818135043,0.5372541524266184,0.42682469917451
64,67,-0.6075988876944367,0.46497117827339407,0.43482573820677345
65,67,-0.6257085254295601,0.3895319394249939,0.44099989408955265
66,67,-0.6443275503138524,0.3111794881441441,0.4412970146564275
67,67,-0.6629678347894263,0.23030301146420634,0.45119170242909573
68,67,-0.681013728399151,0.1473480084919555,0.457749374860521
69,67,-0.6979519829576923,0.06286731139709019,0.4653359742386549
70,67,-0.7129184821508917,-0.022690098435507098,0.4713525516576944
71,67,-0.7252049468404377,-0.10902087743135508,0.480785000509194
72,67,-0.7339857705609794,-0.19578777718666313,0.4781113367503943
73,67,-0.7387229101088031,-0.28283033887991627,0.48633882930610994
74,67,-0.7384331455774972,-0.36991399673561504,0.49928800385520367
75,67,-0.7329833871923811,-0.45668324192052945,0.5147981230825546
76,67,-0.7218579364618084,-0.542622180057883,0.528275828263796
77,67,-0.7049405448723529,-0.6264755384427684,0.5520276201179953
78,67,-0.6821313680775009,-0.7067990317202184,0.5769236089004521
79,67,-0.653399676687313,-0.7817356809335967,0.6000420677247241
80,67,-0.6192380882202616,-0.8489192524440403,0.6345642623909046
81,67,-0.5799453149822219,-0.9059595355394996,0.6538475458235832
82,67,-0.53589783933409,-0.9504994688600609,0.6707400393702017
83,67,-0.4877285022854273,-0.9806470021705938,0.6858070969630878
84,67,-0.4361345642762598,-0.9947738330839466,0.6827698116918776
85,67,-0.3816895181089626,-0.9922227580122934,0.6698964718447193
86,67,-0.32511999766174204,-0.9732023468749793,0.6588115077493352
87,67,-0.2668256490064918,-0.9385908008096319,0.6268360060108431
88,67,-0.20783995683257842,-0.8899035688862303,0.5914769521625013
89,67,-0.14857081236679864,-0.8295857205965369,0.5519395073627725
90,67,-0.0895505838969477,-0.7600985075547892,0.512381528673885
91,67,-0.03135165471323844,-0.6841737030544965,0.47247828221310334
92,67,0.025645886824337754,-0.6045520860517962,0.4421541625814462
93,67,0.08106538718828837,-0.5235192977915895,0.41154943006479383
94,67,0.13458819319393597,-0.4431585038794586,0.3875083080279539
95,67,0.18606830179205555,-0.365168948933192,0.36884744112283063
96,67,0.23539374573987154,-0.2908374043371373,0.3611811225137411
97,67,0.2824296278172477,-0.22112207453141378,0.35300787537505174
98,67,0.3272134379552032,-0.15692179678631885,0.3464647856731727
99,67,0.36990020219942066,-0.09871460794825024,0.3480118663419232
100,67,0.4104997402062293,-0.04710730036204186,0.35533668117220346
101,67,0.4492505583830206,-0.0026933224142376908,0.3599706104720793
102,67,0.486276618354841,0.034281578885756676,0.36306455115696945
103,67,0.5216964344290723,0.06359123204211156,0.375584026836381
104,67,0.5557913026995613,0.08516324028011084,0.387679246418276
105,67,0.5887146322128533,0.09963286866345104,0.41168685124446563
106,67,0.6204876807585008,0.10753577626696059,0.4280651814556612
107,67,0.6512549048071001,0.11003570045151737,0.4415350396039432
108,67,0.6811180774925379,0.10831066468122771,0.46004831798122836
109,67,0.7101604582233662,0.10358023479844877,0.47011131359820035
110,67,0.738311314115859,0.09728028974216806,0.4822852528782858
111,67,0.7656076277716858,0.09029760745982102,0.48621599409367594
112,67,0.7921622904450208,0.08358166228749805,0.4816138293085474
113,67,0.817806557670506,0.07744083135376648,0.48057044745898986
114,67,0.8426757560899557,0.07208111870021454,0.4653225398236525
115,67,0.8666685114135663,0.06736449064369125,0.4592153051157068
116,67,0.8898503808361594,0.06292976232051374,0.44942768476535633
117,67,0.9121540469339424,0.058449645654579496,0.43986767271859195
118,67,0.9335192884905887,0.053443249707758315,0.43364724937736265
119,67,0.9541517710617102,0.04745164203206338,0.44614790375015634
120,67,0.9739820319248566,0.040370633249936755,0.46693121724295905
1,68,-1.2913629361241694,1.866538317892888,0.519026928392831
2,68,-1.2704581019775187,1.8511937024631944,0.5604261446926397
3,68,-1.2475934214962192,1.8362179779319303,0.5831705707398035
4,68,-1.222815250371946,1.8213224549454856,0.5946884837647842
5,68,-1.1962215654574184,1.8060798063450647,0.5954461333933763
6,68,-1.167850437832108,1.790013095062418,0.5955289947035207
7,68,-1.1376660282280966,1.7725624649967018,0.5905740753141335
8,68,-1.1058132357794617,1.7529944341748707,0.5737175760728279
9,68,-1.0723066520180693,1.7304839625879502,0.560216509644968
10,68,-1.0373037169526425,1.7042230430816963,0.554914600172749
11,68,-1.0006142574593473,1.6734093059078128,0.5374321051952681
12,68,-0.9623333229194386,1.637600495216216,0.532612473198376
13,68,-0.9224619730699252,1.5963885615576539,0.5280305580734894
14,68,-0.8811422930590329,1.549735050607749,0.5294685073367185
15,68,-0.8381664190011019,1.4981278438457148,0.5285900878422415
16,68,-0.7936055533491527,1.442404407249838,0.540480978034307
17,68,-0.7474396814996848,1.3837581869096045,0.5471167054574668
18,68,-0.6997701135798572,1.3236686343691906,0.564739257389852
19,68,-0.6506425375867817,1.2635922897870382,0.5833891119895589
20,68,-0.6001576033912516,1.2051695751895044,0.5912122839399047
21,68,-0.548600932749477,1.1498083246981392,0.6050695336099687
22,68,-0.49606348179988186,1.0985506779029108,0.6185661275857167
23,68,-0.4430058340168993,1.0522939671052443,0.6254472764301016
24,68,-0.38977541506305335,1.0115859587860316,0.6253610260791297
25,68,-0.33677579163446947,0.9765513824182814,0.6266589773254206
26,68,-0.2844146182729226,0.9473017221757011,0.6166942465871126
27,68,-0.23339043898997752,0.9237181197128862,0.6115225473479248
28,68,-0.18422020106224757,0.9053165401375455,0.6091638701777071
29,68,-0.13753936273984196,0.892051332142364,0.6052879977655635
30,68,-0.09398623345151227,0.8835102391535894,0.5918525062527369
31,68,-0.054267423142154526,0.8794173637210558,0.5925398961188483
32,68,-0.018915680283471046,0.879529356773033,0.5871033586408098
33,68,0.011431100450334231,0.8838616773805928,0.5767078057474306
34,68,0.0363427980513966,0.8922267582364616,0.5808474836705887
35,68,0.0554153286467683,0.9042974233096391,0.5689051771035022
36,68,0.06830396431609995,0.9199824045304353,0.5583411340620054
37,68,0.07486212978103073,0.9387701379141631,0.5483687974122428
38,68,0.07499664454557496,0.9603127973661199,0.5359330871231394
39,68,0.06875234602440917,0.984016109386502,0.523322380152736
40,68,0.056442683089012735,1.009330742837937,0.5028149349895887
41,68,0.03842387330009093,1.0353795298142427,0.4845798016487004
42,68,0.015209556852006617,1.0612696082487783,0.46851730388892115
43,68,-0.012768495237254159,1.0860247978460709,0.4504372092347874
44,68,-0.04453602434791126,1.1088728733202262,0.4278023279424755
45,68,-0.07935484736994142,1.1287235744819908,0.40448547323624745
46,68,-0.11639381593139835,1.1445699666421618,0.38635595433240577
47,68,-0.15482138117987726,1.155451073559947,0.3707363881625681
48,68,-0.19378999538532798,1.1604543125217928,0.3542673487222326
49,68,-0.23257448906571979,1.1590206241307626,0.34450341454245387
50,68,-0.27051534318185577,1.1506365821302327,0.3376438822761942
51,68,-0.3069836965138095,1.135158891521052,0.3356794978333723
52,68,-0.3415295036979727,1.1127165764400995,0.33531030187826427
53,68,-0.37402104192406727,1.0835442516371563,0.34797626412284455
54,68,-0.40431454437908365,1.048285904030808,0.35372856215013376
55,68,-0.43244608289395153,1.0078712877894485,0.36487421177379026
56,68,-0.458611887068979,0.9630323472899531,0.3748143601684773
57,68,-0.4831033587016261,0.9147085471120412,0.38862879804778827
58,68,-0.50636295155661,0.8633965401402183,0.3938207396610091
59,68,-0.5286466242333399,0.8094694181875803,0.40179049261086386
60,68,-0.550458686894453,0.7531506759376139,0.4074934199156578
61,68,-0.5721220891607661,0.6943008771748211,0.4074553467535853
62,68,-0.5939019501327041,0.632862500232996,0.4148216691439775
63,68,-0.6159074992772533,0.5683423543202958,0.4012386714994725
64,68,-0.6383102438201574,0.5004483679953442,0.40484532847949867
65,68,-0.6608206527661781,0.42904005026506326,0.4039074782028549
66,68,-0.6832575910883764,0.3541512280449701,0.40811618015042905
67,68,-0.7051064621492343,0.27595260930177234,0.41122375864185057
68,68,-0.7257559682177861,0.19470228482661323,0.4159819610208405
69,68,-0.7447022763395582,0.11080201619861947,0.4286988479819088
70,68,-0.7611104383513834,0.024628682934260474,0.4280679738625644
71,68,-0.7743022743123283,-0.06353397690413073,0.44359865765601036
72,68,-0.7835021679042211,-0.15327827445487507,0.45033351404953265
73,68,-0.7882155917174875,-0.24429246995735582,0.4660433655718823
74,68,-0.7875051397296986,-0.3361124403807038,0.4783693145561051
75,68,-0.781290714051205,-0.42813502429792916,0.5000069764206077
76,68,-0.7690941945198397,-0.5195559394836464,0.5228887405182269
77,68,-0.7508418741795273,-0.6088408311844328,0.5471022681985219
78,68,-0.7264671824256629,-0.6942886752514782,0.580625238660172
79,68,-0.6959667420717571,-0.7738316603944432,0.6098696360492746
80,68,-0.659855459634737,-0.8449441653590364,0.6376681452384125
81,68,-0.6184569542796873,-0.9051366457139137,0.6671520828437737
82,68,-0.5721531558832961,-0.9520222752787355,0.6908698527841969
83,68,-0.5215956322065953,-0.9837271358286966,0.7018865319595518
84,68,-0.4674776365672193,-0.9987100833677222,0.699413837457075
85,68,-0.4103858355430361,-0.9964299689924794,0.6908906066844102
86,68,-0.3510530142431106,-0.9772594727782965,0.6729153628136517
87,68,-0.289881722406708,-0.9422622952310709,0.6355010162596026
88,68,-0.22791651522557144,-0.8931394043663627,0.5961664708179403
89,68,-0.16556668301832908,-0.832501042569353,0.5522768598270045
90,68,-0.10338154514810625,-0.7629473473009271,0.5122196374375498
91,68,-0.04193872540279255,-0.6872773004632972,0.47295107273302067
92,68,0.01836679063662086,-0.6082362296861051,0.44531056017068427
93,68,0.0771330261495899,-0.5280147087124141,0.41695016656124545
94,68,0.1340239914908664,-0.4485371620362178,0.3939438171864423
95,68,0.18886017666710156,-0.37127037080392644,0.3792244838063154
96,68,0.2414969627725542,-0.29724343196717723,0.36788819287474667
97,68,0.29176320949119916,-0.22713842092332415,0.36851965856465224
98,68,0.3396593633220431,-0.16161042456868147,0.359202849264411
99,68,0.3852956733084004,-0.10095018702080816,0.36240297291466306
100,68,0.4286501528482038,-0.04568481639138109,0.3737877463078734
101,68,0.4699093804788896,0.0035857391946889756,0.37336405484117274
102,68,0.5091709064184237,0.046524966648983056,0.37395205789544006
103,68,0.5465257390512861,0.08270853520470593,0.3788854166882439
104,68,0.5822293427191401,0.11180147364136993,0.39280987672465645
105,68,0.6164191347980689,0.1341306509639704,0.4011649649358062
106,68,0.6491089956371087,0.14993587036592115,0.4112611620083626
107,68,0.6804580029182802,0.16008623650168102,0.42122697069165604
108,68,0.7105844601820134,0.1655158144971052,0.43873350482275164
109,68,0.7395916614007553,0.16726092640729337,0.44504733356952886
110,68,0.7674465917580698,0.16664264735020157,0.45140889084312813
111,68,0.7942351234157529,0.16449209096471876,0.4512072924775496
112,68,0.8201138414118965,0.1617677970005602,0.45017381783498756
113,68,0.8449756745568199,0.15884344316819424,0.44464416802343876
114,68,0.8690039059912421,0.15600988294122692,0.43829894104654055
115,68,0.892154902245835,0.1532348409844695,0.42938782641204837
116,68,0.9145417152893268,0.15025959325602425,0.4181036617298299
117,68,0.9361499831259459,0.14684050494079998,0.4134595751059735
118,68,0.9569522745482367,0.14257281810248218,0.4089384982106648
119,68,0.9771958161416795,0.13704484080623805,0.41609871669502535
120,68,0.9968234400466776,0.1301853699461596,0.43393851479299367
1,69,-1.2526458567204504,1.9072734514825063,0.5124326217393742
2,69,-1.2321923150537755,1.891696407530865,0.5469188337253168
3,69,-1.210213423469422,1.8762379406034981,0.5707774665012761
4,69,-1.1867337720327409,1.8605876250022795,0.5867714410954588
5,69,-1.1618144160296455,1.8442950330349677,0.5888211217263752
6,69,-1.1354381700423148,1.8268537747775582,0.5888781697725147
7,69,-1.1075118422448758,1.807696384218118,0.583070757766255
8,69,-1.078124291588961,1.7861014431782725,0.573588182836153
9,69,-1.0472280259419375,1.761268853606226,0.5632163067025868
10,69,-1.014916928159876,1.7324481695000395,0.5536767862218215
11,69,-0.980953108637346,1.6989153512538784,0.5505173964676883
12,69,-0.9453752590011355,1.6603177013335366,0.5409081387028428
13,69,-0.9081569712196745,1.616360699523816,0.5434828805333525
14,69,-0.8694002531325398,1.567115555230604,0.5418984928193398
15,69,-0.8288709974136629,1.51320406109035,0.5499280349281894
16,69,-0.7866313600936665,1.4555825699640352,0.5550389913978862
17,69,-0.7426516043310185,1.3955588413631161,0.5716467994578623
18,69,-0.6970275815465752,1.3347237727613588,0.5957832587911773
19,69,-0.6498084170642373,1.2746339342648416,0.6068872952476684
20,69,-0.6010888861828758,1.2170003051672555,0.6212832946055139
21,69,-0.5511554736542955,1.1632686152075065,0.624822150065774
22,69,-0.500085889032955,1.1144992274448888,0.6350081120008761
23,69,-0.4483346528383987,1.0715330878004277,0.6380595558921872
24,69,-0.3962249596896608,1.0348220953412677,0.6382001826333713
25,69,-0.34413571818558897,1.004324781339141,0.6366123042679839
26,69,-0.2924439224323716,0.9799604472886705,0.6231511702515482
27,69,-0.24181323271800925,0.9613654992036245,0.6142902750159374
28,69,-0.19271054362241147,0.9478045688854734,0.5969245999709888
29,69,-0.14573310108740437,0.9389915120458986,0.5906590456402455
30,69,-0.10148096603479105,0.9342872471336532,0.5809671851307083
31,69,-0.06062648395760248,0.9332349392904775,0.5755247909595599
32,69,-0.023675576931604686,0.9354639510010045,0.5656975861839946
33,69,0.008743545391275307,0.9409046988712961,0.5602780300776597
34,69,0.03620550510070875,0.94933821174321,0.550362897285394
35,69,0.058291307759255756,0.9604460611423576,0.5471807042970276
36,69,0.07462217404997866,0.9741849611536023,0.5435141727671561
37,69,0.08498974579181444,0.9901206713161044,0.5345565518822736
38,69,0.08922964543364977,1.0080029260338057,0.5236861258436278
39,69,0.08729862221696744,1.0273608695983056,0.5095626254730042
40,69,0.07939173832426488,1.0477672717415998,0.498783220580794
41,69,0.06575263176091241,1.0685022782145897,0.48911402792991365
42,69,0.046766274354523046,1.088822214094005,0.47111993074363956
43,69,0.022725117505036533,1.1079339125777627,0.4559302349238262
44,69,-0.005524962948134988,1.125227732325579,0.4428104819281667
45,69,-0.03738120668796969,1.139781526640225,0.4261965983721514
46,69,-0.07212944140010102,1.1507497757894143,0.4074729997241621
47,69,-0.10904187087165483,1.1573206617889353,0.39410634091600755
48,69,-0.14735420991693635,1.1587015764449382,0.3868168791680059
49,69,-0.18639982060106086,1.1544362438622908,0.37060378647680803
50,69,-0.22554800290986596,1.144079048484344,0.363292102417315
51,69,-0.26417841985254165,1.1275341371978809,0.3618592529931041
52,69,-0.301817561673001,1.104939145106273,0.3672958973236862
53,69,-0.3382745224707405,1.0765041862972526,0.366552475259121
54,69,-0.37333554962607324,1.0428214080401643,0.3754228180938513
55,69,-0.40693237641986685,1.0047624435862956,0.37808137472474307
56,69,-0.43913585884654155,0.962970176928887,0.394232595867971
57,69,-0.4700928186751464,0.918291738526123,0.3989712841308986
58,69,-0.5001067897906171,0.8711313504362594,0.396733098513465
59,69,-0.5292854687444588,0.8217555075818961,0.3990281867969556
60,69,-0.5579808763216586,0.7702873086547756,0.3997348597107397
61,69,-0.5863638761392637,0.7164831189708194,0.3912473658822604
62,69,-0.6145854661305603,0.660165606079337,0.3859375265221196
63,69,-0.6426288063927089,0.6007090286318655,0.3782122701469014
64,69,-0.6705716183286057,0.5376534513452056,0.3698951495013913
65,69,-0.698048260972363,0.47068109750670234,0.36884616336670933
66,69,-0.7248274387182783,0.3996391700370907,0.3642873657279983
67,69,-0.7503566016790947,0.3245036037187613,0.36894806293344107
68,69,-0.7740193263765806,0.24536787291673157,0.3693720279035281
69,69,-0.795313266600644,0.1624982024553744,0.37980324193648646
70,69,-0.8134281448420636,0.07620829084942124,0.38527465998568416
71,69,-0.8277135289784979,-0.013238629763610465,0.3914465282688607
72,69,-0.8374441391465466,-0.10537921339074591,0.4092558755813337
73,69,-0.8421705565625014,-0.19977610543166704,0.42769615027534574
74,69,-0.8410084684814725,-0.2957696122879074,0.44464983564609445
75,69,-0.8339365358974761,-0.3925481973443555,0.47428441860540965
76,69,-0.8205243183012697,-0.4890618225358015,0.5083564936652353
77,69,-0.8007515999339874,-0.5835347172031196,0.5342262750820378
78,69,-0.7745972532152271,-0.6740397056663551,0.5742761925214974
79,69,-0.7420976701932286,-0.7583188189620089,0.6109396959576291
80,69,-0.7038008325910854,-0.8336947598076916,0.645479839558818
81,69,-0.6600680013554887,-0.8975736485338854,0.6774854174573886
82,69,-0.6112960137962599,-0.9475230938436218,0.6991608687839134
83,69,-0.5581643387857903,-0.9816591802032527,0.7092739485251318
84,69,-0.5013668365722835,-0.9984959552987591,0.712570711628709
85,69,-0.4415093073002912,-0.9975681990457279,0.695775707793147
86,69,-0.3793319034266442,-0.9793722478046262,0.6745839103946251
87,69,-0.3152409273090808,-0.9451150284425689,0.6445483966705126
88,69,-0.25028798650305406,-0.8966419485932285,0.6080980850622942
89,69,-0.18488078634164273,-0.8366891346173337,0.5607112114672335
90,69,-0.11957966306466813,-0.7679617513193269,0.5157954101223714
91,69,-0.05495938401859946,-0.6932953715867094,0.4860780454577703
92,69,0.00857527456698023,-0.6154171418929621,0.4482365127290325
93,69,0.07060628063149281,-0.5364082694063661,0.42039556816573753
94,69,0.13078717505106532,-0.4580294403804786,0.4033488888347715
95,69,0.18891091333143184,-0.38151995987194837,0.3935523010656673
96,69,0.24480556000313686,-0.3076655905202365,0.3852200095231078
97,69,0.29826804957887,-0.23689629949558214,0.3875032594785113
98,69,0.3492634390585421,-0.16965306037937647,0.38648930375821783
99,69,0.39785802493455336,-0.10607859964863664,0.38777071461680984
100,69,0.44399763793910213,-0.046659876496761746,0.38470773263692787
101,69,0.48781449003574395,0.007953622535183901,0.3879104116990748
102,69,0.529376994582755,0.057290952536716455,0.3911440164391285
103,69,0.5687450785327984,0.10068722382509679,0.3892060520541507
104,69,0.6061435564876656,0.13751035277266135,0.3898136120039718
105,69,0.6416893512861982,0.16774647433020268,0.393521889900471
106,69,0.675385407527616,0.19131805638468669,0.40198663736914436
107,69,0.7074014761046955,0.2087859248095202,0.40658503984467004
108,69,0.7378686364074645,0.2208389342126234,0.4117214529621959
109,69,0.7669093023056754,0.2283382668928356,0.42536111143689886
110,69,0.7945261637470975,0.2325110860147976,0.4232522506787974
111,69,0.820853295146775,0.2341630585181175,0.42957977624380045
112,69,0.846091017336252,0.2343001550955994,0.4304624800030116
113,69,0.8701956641423462,0.2334067590589825,0.42471779339402516
114,69,0.8933982111773653,0.23190796148619086,0.41299187661512343
115,69,0.9157154735127699,0.22992833802216667,0.40612041187199494
116,69,0.9373102623455398,0.22736289442292065,0.40049513853010055
117,69,0.958222606959049,0.2240979725734864,0.39352684703698754
118,69,0.978460389290806,0.21984825038494976,0.39249029468643565
119,69,0.998312839465918,0.2142815640648357,0.3998081156733131
120,69,1.0177362458762294,0.20738391685324795,0.4160211166790498
1,70,-1.2222907148529414,1.954918131780004,0.4969675238869827
2,70,-1.2022220511766344,1.9391896884765274,0.5366499707751288
3,70,-1.1809972257577108,1.9233939165009268,0.5620505103613767
4,70,-1.158619937900925,1.9071664137234017,0.576667134234007
5,70,-1.1351153338055546,1.8899911824106863,0.576161290081077
6,70,-1.1104129103456561,1.8712882061545701,0.5729300774548929
7,70,-1.084365602495353,1.8504432059468694,0.5653189116496976
8,70,-1.0570089729719938,1.8267169451196172,0.5613731412986832
9,70,-1.0282367878134955,1.7993198453917119,0.5495284030717554
10,70,-0.9980830104149018,1.7675626681773031,0.5421742691016197
11,70,-0.9662674797129931,1.730818434595385,0.5398255831283226
12,70,-0.9327785390462737,1.6888542580695416,0.5407386900983353
13,70,-0.8975681015718223,1.6415266426265016,0.5399043004508385
14,70,-0.860703175240192,1.5890538461197075,0.5468090480568635
15,70,-0.8219323403346135,1.532223129638089,0.5603592316937263
16,70,-0.7813162386476092,1.472132382527026,0.5807099746821863
17,70,-0.7388230798870892,1.4102110598525974,0.5949159273212433
18,70,-0.6945499289707371,1.34815902071736,0.6100139781841092
19,70,-0.6485593025116821,1.2876187346055543,0.6309837292846836
20,70,-0.6009469838554895,1.2303528713280152,0.6409155620754791
21,70,-0.5520088702889678,1.177827296718201,0.6440263206826965
22,70,-0.501816744054621,1.1311036477409206,0.6554272567361129
23,70,-0.45082505229067227,1.0909605421233894,0.6527612697787548
24,70,-0.3993394122349124,1.0577547687754838,0.6525124811884521
25,70,-0.3477193022822397,1.0312899626652465,0.637052784473675
26,70,-0.2963154999841716,1.0113107088379534,0.6214458456700934
27,70,-0.2457574680975448,0.9972302096020693,0.6101729330653852
28,70,-0.19646453924114732,0.9880820740555847,0.5924602423626436
29,70,-0.14899634393618705,0.9833551639638116,0.5764388095429429
30,70,-0.10391211758752221,0.982195603817002,0.5656425019814992
31,70,-0.06184635306056161,0.9839668666195381,0.5521943657046374
32,70,-0.023275805815333485,0.9881677639626574,0.5448889835644207
33,70,0.011189604625380668,0.9946329898518241,0.5363040253941831
34,70,0.04113316962670702,1.0030965754991057,0.5310639871443648
35,70,0.06612936730747228,1.0132371724882485,0.5276221230271506
36,70,0.08577333753443411,1.0250420382463867,0.5172898410386857
37,70,0.09980271490549376,1.0381453223432302,0.5162727531829873
38,70,0.10798954717814503,1.052384883709108,0.511014343777793
39,70,0.11020967534545183,1.0674060716152578,0.5043249763443636
40,70,0.10654640388079556,1.0828976970954831,0.4930053296569658
41,70,0.09713562806741732,1.0982932681924622,0.49020009312673324
42,70,0.08223713733559537,1.1129951559119375,0.48032756028115947
43,70,0.06200723464642929,1.1263894319273604,0.46564001499694124
44,70,0.03716219398685624,1.1380279164762925,0.46110873411188025
45,70,0.008170246011258892,1.1471577760735656,0.44210218980071314
46,70,-0.024376283662445916,1.1531020485106473,0.43092101755328477
47,70,-0.05985664334159823,1.155208434378241,0.42357398514891176
48,70,-0.09759558233717953,1.152820422126181,0.41389344495375074
49,70,-0.1369906191051189,1.1456025276546646,0.40281792650182247
50,70,-0.1774464578192,1.1331995648960502,0.4036490042368871
51,70,-0.21836051395423584,1.115582144348387,0.3936396785272909
52,70,-0.25924022415864717,1.0929095342270818,0.39815175590430796
53,70,-0.29984360415624667,1.0653770046014228,0.3987243659299603
54,70,-0.3398904194219816,1.0335256257179666,0.40228056640897153
55,70,-0.3792115065265678,0.9981580441781073,0.4032182926336304
56,70,-0.4177545396948787,0.959809320331265,0.4049998601802056
57,70,-0.4555218776241095,0.9192093666172664,0.4093104262089642
58,70,-0.4926748522845784,0.8766440005415556,0.40958212803929844
59,70,-0.5291698519648869,0.8322437990954588,0.3985367933449497
60,70,-0.5651998229002796,0.786010619977801,0.38913328621724325
61,70,-0.6007763151126674,0.7375813579389654,0.37957401150544934
62,70,-0.6359263036620195,0.6866526443869259,0.36588558516231023
63,70,-0.670497596278832,0.6324740749200599,0.3489163547761958
64,70,-0.7044629334500807,0.5744359821062588,0.34103256079264993
65,70,-0.7373692416629659,0.5120685017949109,0.33192500503707995
66,70,-0.7689254793066762,0.44506521473436655,0.32966243374629395
67,70,-0.7985311924548587,0.3732415254488796,0.3148333176603453
68,70,-0.8255563470935442,0.2965571637032283,0.3157909068191412
69,70,-0.8494928448370371,0.2151644928773822,0.32214645113618556
70,70,-0.8695507119811375,0.12932430591729374,0.3275231547899185
71,70,-0.8851046643175245,0.03927645877163877,0.34555198205429677
72,70,-0.8954794240975329,-0.054481643912607465,0.3585113735501542
73,70,-0.9002712877651022,-0.15142293053453407,0.37886170222714055
74,70,-0.8986550625733696,-0.2507395456483505,0.4058625853177878
75,70,-0.8906722893662788,-0.35146559035807107,0.4307056493376133
76,70,-0.8759487244227218,-0.45236300719004247,0.4711055003677391
77,70,-0.8545267574907955,-0.5514667033510577,0.5109811769387085
78,70,-0.826441214015858,-0.6466661235806686,0.5561240594977087
79,70,-0.791778776844206,-0.7355433196039212,0.6010762962384137
80,70,-0.7511297085229194,-0.8152837379153937,0.6389996211579858
81,70,-0.7049040425272503,-0.8831875053031756,0.6700442397960282
82,70,-0.6535218721791511,-0.9367618889756348,0.6959888381517005
83,70,-0.5976985506161282,-0.9740833676489216,0.7119511098723998
84,70,-0.5381323114435881,-0.9936856104052721,0.7120066797637165
85,70,-0.4754534740039927,-0.9951349981474834,0.7068376770413236
86,70,-0.41041029135832147,-0.9790056717110126,0.6813014958351229
87,70,-0.34341334967180154,-0.9465999146033632,0.6531169976773156
88,70,-0.2755171661926395,-0.8998612111053822,0.6131185421519166
89,70,-0.20712490210694667,-0.8416080188398833,0.5636649715448424
90,70,-0.13880186746093062,-0.7746123124136013,0.5385416161349041
91,70,-0.07111200587271015,-0.7017132992325291,0.4889649225366481
92,70,-0.004464728249643522,-0.6255958584647032,0.4605061311493697
93,70,0.06071526737502368,-0.5482185558943866,0.43629811780073585
94,70,0.12407808473407145,-0.4711749198507975,0.418960361661581
95,70,0.18539540630228585,-0.3954845742079844,0.4176244684092181
96,70,0.24447385680847042,-0.3217083072963387,0.40393115600126406
97,70,0.3010831168038121,-0.25005181945969934,0.4051091902249655
98,70,0.35515521667033634,-0.1807749800319751,0.4053083633227907
99,70,0.406713858283782,-0.11391423569421366,0.40603386353719156
100,70,0.45567279597317484,-0.04995553888104363,0.4075902551909579
101,70,0.5021080622466981,0.010361172993800379,0.3948332294464233
102,70,0.5460565223438254,0.06639045782025069,0.3906884051725252
103,70,0.5875435878103356,0.1171902431104404,0.3843176347054013
104,70,0.6267587074890302,0.16180404557737507,0.3848383182578241
105,70,0.663793593327014,0.19985260299696,0.3833975282934917
106,70,0.698636139555532,0.23092613833844317,0.38206448152025946
107,70,0.7314620715488654,0.25526942211499365,0.3829024302947137
108,70,0.7624103391013372,0.27332843316011224,0.3919542165259323
109,70,0.7916204731904921,0.2857990003929545,0.3967228875600466
110,70,0.8191272936653815,0.29383420567681506,0.394569266096783
111,70,0.8451108204628653,0.298242194396238,0.4083329690187508
112,70,0.8698134364087559,0.3001108875977034,0.4041111371223156
113,70,0.8932547336064072,0.3000755948452174,0.40357510686542725
114,70,0.9157115729798745,0.2987403422741813,0.40322990636300876
115,70,0.9372620595766024,0.2964333251681999,0.3978023443401145
116,70,0.9581196765388409,0.2932508342974709,0.389793106995066
117,70,0.9783787235513353,0.28925349306397213,0.38461036600049947
118,70,0.9980839005226952,0.28431670125778674,0.38819008583886194
119,70,1.0175658599960866,0.2782197686476379,0.3981730937326085
120,70,1.0367950383214721,0.27102963711036104,0.42314342373176694
1,71,-1.2010812347327915,2.008155026169011,0.47774077625068456
2,71,-1.1813226959694312,1.9923613477234818,0.5093726867650078
3,71,-1.160703947879358,1.9763864778304303,0.5340476405588591
4,71,-1.1392093279479705,1.9597841465289418,0.5471784766704757
5,71,-1.1168301393431697,1.9419359645882384,0.5451533567318088
6,71,-1.0934459802342569,1.9221501520942545,0.5454118033578129
7,71,-1.0688608524156158,1.8997314550962472,0.5485178691844017
8,71,-1.0430613880086304,1.8738956853758013,0.5397758068398767
9,71,-1.0158877633417773,1.8438500803850826,0.5351691626117325
10,71,-0.9873192249016233,1.808966590209252,0.5312828748100812
11,71,-0.9570402523234864,1.768727292736139,0.5282459168014029
12,71,-0.9249961283434667,1.7230401017541082,0.5289942116776157
13,71,-0.8911237732116974,1.6719378773537183,0.539666344108023
14,71,-0.8554610197026402,1.6158106824132101,0.5512890251324788
15,71,-0.8177485770136069,1.555629891081818,0.5685736395558404
16,71,-0.7780530797881977,1.4926464117493483,0.5815375254166097
17,71,-0.7363482135989248,1.4284103304116234,0.6046398466921427
18,71,-0.6927384660347585,1.3647219363823309,0.6310569927268234
19,71,-0.6473088805475669,1.3032934128201041,0.6429050297284292
20,71,-0.6001625764797567,1.245921338141526,0.6597617807809437
21,71,-0.5516122928733247,1.1940783559199435,0.6716841616106178
22,71,-0.5017304568473754,1.14881736714257,0.6713374406133968
23,71,-0.4509766426746362,1.110858106836163,0.6622116235886677
24,71,-0.3996449066058202,1.0804737759536036,0.6592691302246285
25,71,-0.3480800782364897,1.0573363334789976,0.6369189358972496
26,71,-0.29661092832935276,1.0410445572466112,0.6236155806395098
27,71,-0.24583328985692865,1.0308209282030094,0.6039711379653242
28,71,-0.19612192176651358,1.0254974953623448,0.5821035544273606
29,71,-0.1479997025798518,1.024360660297534,0.5667242521891914
30,71,-0.10198314828814527,1.0263579110204493,0.5445022906314728
31,71,-0.05866595643411894,1.0306764820166117,0.5363645903940836
32,71,-0.01849422070156933,1.0366805561034902,0.5195391869646832
33,71,0.017948429891547445,1.0440965694642832,0.5234107231328786
34,71,0.050257145710480046,1.0525927727070112,0.506924416159231
35,71,0.07800774074650922,1.0618295696620947,0.5058939033768484
36,71,0.10077703858609478,1.0718049142907038,0.5055173107575494
37,71,0.11825659942612961,1.0822096611218126,0.504370153626189
38,71,0.1301629503771588,1.092958816637953,0.49855676440023355
39,71,0.1362989272789116,1.1038052942217451,0.4969388425499036
40,71,0.136643949305727,1.1145465745393324,0.48995392566055085
41,71,0.13123242889830147,1.1247633267519919,0.490896350368476
42,71,0.12020427180651073,1.1339973992313963,0.4768898040951139
43,71,0.10358490044845034,1.1418049455201027,0.481032094679195
44,71,0.0819619348312909,1.1478922208198274,0.4636827444985516
45,71,0.05567225940029432,1.1516684369000143,0.45452690655172245
46,71,0.025183751031589915,1.1526233105226547,0.4558766127369369
47,71,-0.00899088698566717,1.1502649211366145,0.4456362682119442
48,71,-0.0462692943596366,1.1440801889788859,0.43975501093431646
49,71,-0.08611719677734983,1.1338642258037912,0.43419327780112354
50,71,-0.12797989527085923,1.1193690915700736,0.4313392022294105
51,71,-0.17128104008909023,1.1006468312086413,0.42887010144836013
52,71,-0.2155128356034895,1.0778903168535472,0.42694649879852015
53,71,-0.260390607612765,1.0512913529588659,0.4272423880896942
54,71,-0.3055715784512932,1.0213450688843837,0.4253231249151292
55,71,-0.35079044700036727,0.9887794928094301,0.42526516529939534
56,71,-0.39587534585885714,0.9540101346869133,0.4254190810778346
57,71,-0.440686634922327,0.9176320064170904,0.4165975630393354
58,71,-0.48524238760810906,0.8797933198131657,0.4110885761794798
59,71,-0.5293472918347811,0.8404664307139085,0.3956461682665049
60,71,-0.5730314371999371,0.7995170197808686,0.3800550527815641
61,71,-0.6161428038448609,0.7564533766215564,0.3680595329059545
62,71,-0.658577249800167,0.7108466652335651,0.35121452997213004
63,71,-0.7000409649173366,0.6618368893945249,0.32838141957497385
64,71,-0.7403931029139189,0.6086919032655973,0.3053229664564973
65,71,-0.779084291959349,0.5508246351646349,0.29705201972819095
66,71,-0.8157561108896153,0.48781816765931657,0.2784213353329407
67,71,-0.8497520018690107,0.4193723013958765,0.279658552788684
68,71,-0.8804208510476519,0.3453525676322156,0.2754312521615999
69,71,-0.9072424587611122,0.265826349153054,0.27650819628753665
70,71,-0.9294428796072884,0.181014855840853,0.27933271438743773
71,71,-0.9464192313219201,0.09113212053086496,0.2897036547003981
72,71,-0.9575451949001731,-0.003315700706988332,0.30668658773687313
73,71,-0.9624624188460058,-0.10175432810724469,0.3343307473342451
74,71,-0.9604094478375574,-0.20328481032568643,0.35832289111485943
75,71,-0.9514931839417516,-0.30685202900951436,0.39393634203574085
76,71,-0.9354024059503772,-0.41109957810972997,0.44091398038888135
77,71,-0.912249191775764,-0.5139375558295453,0.481982227282416
78,71,-0.8821330634485156,-0.6131263588934563,0.5306292974882791
79,71,-0.845199476091222,-0.7061286421861075,0.5809071059178568
80,71,-0.8020884171317046,-0.7900163531605561,0.6213431722385323
81,71,-0.7532681336167021,-0.8619891178013004,0.6578182580606338
82,71,-0.699189117634099,-0.919484975018778,0.6877526905441098
83,71,-0.6406092683264726,-0.9605151163060265,0.7061279349973463
84,71,-0.5782341418871287,-0.9835987788277896,0.7165748637791187
85,71,-0.5127233680951152,-0.9882902053638271,0.702522362588747
86,71,-0.4448336559159295,-0.9751937072613951,0.6823002008022362
87,71,-0.37498011395981906,-0.9456561810763437,0.6556381020152598
88,71,-0.3042161978243972,-0.9016690813402564,0.6183859751520265
89,71,-0.23293776823051118,-0.8460859281418118,0.5780935973509235
90,71,-0.1617092811145696,-0.7817030674771343,0.5379554496992147
91,71,-0.09107640678864291,-0.7113276340019581,0.5026499877572179
92,71,-0.021448356978490825,-0.6375763207793823,0.4749830676482046
93,71,0.046752559033851795,-0.5622722242630707,0.45691967444985954
94,71,0.11317960558755273,-0.4868393304538898,0.4393000058437172
95,71,0.1775893511508031,-0.412087527115971,0.4335910996640079
96,71,0.2397728375111624,-0.3383742226249747,0.4255270452595429
97,71,0.2994770020384228,-0.2657112535378668,0.4260811857120548
98,71,0.35660344209762007,-0.19421187411442045,0.42757223542017464
99,71,0.41113471111345284,-0.1238478533613258,0.4267601752988986
100,71,0.46295269240516723,-0.05513978062353075,0.4206738811156746
101,71,0.5120758001009376,0.011046828718375586,0.41047648306566914
102,71,0.5585070274907555,0.07385972775681947,0.39926494905784415
103,71,0.6022339289573931,0.13205302873210542,0.38184754608796995
104,71,0.643406020246263,0.18432945757316288,0.3772205475357575
105,71,0.6820850820887302,0.2299305020286024,0.37004369759471245
106,71,0.7182395752054263,0.2681080556078165,0.3622835412060297
107,71,0.7520461694215809,0.2987899476651551,0.3598018240920605
108,71,0.7836462699610282,0.3221849430198357,0.36654796205583007
109,71,0.8131940588284967,0.33883368989532214,0.37182596740867185
110,71,0.8407522027174419,0.34983134940219834,0.37075974246606996
111,71,0.8665436741004199,0.3560108433046958,0.3781929658438272
112,71,0.8908504335975219,0.3585687393357343,0.3917437089225595
113,71,0.9137543294549841,0.3583221152895912,0.39044665056093275
114,71,0.9355756401449428,0.35608963387330633,0.3898882039841449
115,71,0.9564537093676532,0.3524414885367285,0.39218727753822713
116,71,0.9766530573088743,0.34771541274646217,0.38969602252066304
117,71,0.9963213892680535,0.3421853214125397,0.38901617997687954
118,71,1.0155413551714167,0.3359239242664977,0.39891632008091804
119,71,1.0346839190926451,0.3288517067286981,0.4181667718819244
120,71,1.0537341870479915,0.32113842302872037,0.43312997256434427
1,72,-1.1896914733365247,2.064779083352792,0.44613390504304773
2,72,-1.170159176162355,2.049003758570114,0.4776072545610827
3,72,-1.1499807395571775,2.0330066324524845,0.5025993726372417
4,72,-1.1291233114524855,2.016238555602637,0.5182661242661832
5,72,-1.1075476874086765,1.9979506496623294,0.5192549769094561
6,72,-1.0850885652397617,1.9773106884446932,0.5169186991172897
7,72,-1.0615075794046884,1.9535164508129799,0.5071048665277785
8,72,-1.0367486246728763,1.9257169099649358,0.5088678726742398
9,72,-1.0106054064565344,1.8931046403856084,0.5081941239755552
10,72,-0.9830094453221183,1.8551094147425455,0.5038026511056716
11,72,-0.9536184544202833,1.8113271250500385,0.5069348237197349
12,72,-0.9223433482488467,1.7618167418150963,0.5163592142728104
13,72,-0.889113851688771,1.706798840549887,0.5312111992617282
14,72,-0.8539453385423362,1.646845476044573,0.5455126625219726
15,72,-0.8165806672564829,1.5831161026270983,0.5713981255504861
16,72,-0.7770999891530902,1.5170135389361434,0.5900321530393907
17,72,-0.7354899802776276,1.4501981202170942,0.612770706221946
18,72,-0.6918682744529019,1.3845555876810338,0.6348669317252099
19,72,-0.6463508089885343,1.3218494443873678,0.6548401455308159
20,72,-0.5990536996748668,1.2638935014276242,0.6751064161340288
21,72,-0.5503127731660795,1.2121580811559598,0.6757891761481937
22,72,-0.5002068559758095,1.1676841847668185,0.6767610004609218
23,72,-0.44920492950662294,1.1311448302531866,0.6751573195370624
24,72,-0.39759475685478435,1.1027512282163812,0.6676790239401252
25,72,-0.34571063111067885,1.0820778178802104,0.6437756759041571
26,72,-0.293863210056867,1.0686170098414192,0.6220525950514291
27,72,-0.24261498726791145,1.0614432184939548,0.603518314395816
28,72,-0.1922994226767679,1.0592249799747104,0.5803732304401303
29,72,-0.1434035199753084,1.061075846221756,0.5589044375107763
30,72,-0.09639979030106903,1.0657651380212796,0.5339779665344543
31,72,-0.0518386820008964,1.0723102216119194,0.5220179216602525
32,72,-0.010134720082122833,1.0799364545255217,0.5071855811703155
33,72,0.02816214721300517,1.08824847355332,0.49731701645756365
34,72,0.0626615754966908,1.0968276437307378,0.4866669680558391
35,72,0.09294811681287374,1.1052974290979791,0.4922726674561454
36,72,0.11858788276782234,1.1136445690283243,0.47987632364775823
37,72,0.13923459932094406,1.1216019810473308,0.4846090169451554
38,72,0.15455775839693286,1.1291491264895925,0.48779005486001414
39,72,0.1642958699744859,1.136136151734781,0.4849887892275429
40,72,0.16833360788108367,1.1424605577024312,0.4810242958560569
41,72,0.16661160045015974,1.1478419018555828,0.4824569376100335
42,72,0.1591570310445636,1.1519521573403935,0.49063847739076094
43,72,0.1458717975463022,1.1545040468223517,0.48631985587879173
44,72,0.12721815682083823,1.1553464200782608,0.4861810820435671
45,72,0.10340712130114262,1.1540363075671545,0.47708791421114893
46,72,0.07478192695615128,1.1502202869414782,0.4725342236752522
47,72,0.041748617590207523,1.1435590842580865,0.4748917894150851
48,72,0.004794891621684203,1.1336820949434274,0.4649042863998656
49,72,-0.03561555892194101,1.1205167743502906,0.4627040944638565
50,72,-0.07897234908893574,1.1039328175073446,0.4642335508230152
51,72,-0.12473289905439756,1.0840737625699497,0.46028504666276093
52,72,-0.17237741710725904,1.061175941008996,0.4579959603674262
53,72,-0.22158708857160023,1.0354392872709095,0.45528565316418385
54,72,-0.27196099492902176,1.0073209233452445,0.45240272843673196
55,72,-0.32314393120590335,0.9774723939045258,0.4432843402888995
56,72,-0.37484967634444477,0.9461835589701237,0.44642465034268564
57,72,-0.4268015764690069,0.9139027130614403,0.4339298622694935
58,72,-0.4788759386565207,0.8806266651201051,0.41238102286783274
59,72,-0.5307284581502171,0.8461531836920261,0.4002740238673347
60,72,-0.5822259411667123,0.8102014212684135,0.38249741451730934
61,72,-0.6330520639237255,0.772146975505441,0.35941299915244546
62,72,-0.6829678490466458,0.7314417217537169,0.33377127424034986
63,72,-0.7315351251392328,0.687137180281506,0.311371116745183
64,72,-0.7784939676904699,0.6384139688255894,0.2873423292109365
65,72,-0.8231928264723508,0.5846116250872608,0.26772194391877774
66,72,-0.8652007188085971,0.5252554379345021,0.2472911362191327
67,72,-0.9037988829212362,0.4599850719876118,0.23976609314899605
68,72,-0.9383090486732317,0.38862079821576867,0.23005431457282888
69,72,-0.9681936489108048,0.3111827331090556,0.22651576453783676
70,72,-0.992690702307465,0.22787142726608342,0.23699223542275144
71,72,-1.0112168045776824,0.13887659690945356,0.24353451176629667
72,72,-1.0231927190388879,0.044688833098875176,0.2618970358142554
73,72,-1.0283039169809003,-0.054114100421584634,0.2826264604219653
74,72,-1.025855556479668,-0.156603147252039,0.31078828413094417
75,72,-1.0160203038879583,-0.2617045573852971,0.3530289865083273
76,72,-0.9985545579652423,-0.36802006781170443,0.38707060100364676
77,72,-0.973644616305829,-0.47340799878457174,0.4437403732801694
78,72,-0.9414610541404566,-0.5755633996807632,0.49575146817681753
79,72,-0.9022139736481641,-0.6718800077629685,0.5473343073385145
80,72,-0.8565982412361537,-0.7593511467302076,0.5906586377558306
81,72,-0.8051474498771157,-0.8350919527608228,0.6367804731128233
82,72,-0.7483480035443171,-0.8964730048417244,0.6709292159844785
83,72,-0.6870053212010645,-0.9414241049856076,0.6935829179131277
84,72,-0.6218341496122723,-0.9684234012539228,0.7119820164879004
85,72,-0.5535274042175452,-0.9769754930343777,0.7039802129549919
86,72,-0.48285013126597653,-0.9676700464780208,0.6875990532811349
87,72,-0.41022199955104244,-0.9418486284529297,0.6592862970016198
88,72,-0.3366917068382922,-0.90149923256026,0.6203237286512684
89,72,-0.26264548758439604,-0.8494607021334643,0.5844069455640835
90,72,-0.18864167393772835,-0.7885075145972208,0.5568021740385953
91,72,-0.11520112316708825,-0.7213758839646566,0.5216302619509242
92,72,-0.0427286785953009,-0.6505857780130995,0.49720054713145584
93,72,0.028363929695003023,-0.5778111907047604,0.4666469292941141
94,72,0.09773894403683163,-0.5043040326760792,0.4600490202492157
95,72,0.16514341888749362,-0.4306751555082417,0.45442741151721366
96,72,0.2303582691349907,-0.3571018640001172,0.4508282971047894
97,72,0.29311173508000576,-0.28343331539028904,0.45192323800374384
98,72,0.3532775872659442,-0.20967021937207603,0.4507589860722982
99,72,0.4107985982564848,-0.13575868252972426,0.44842389670850424
100,72,0.4655250583740409,-0.06228376621468441,0.4347203667680416
101,72,0.5174166360793998,0.009736721720960335,0.4210992545659956
102,72,0.5664402779528349,0.07922195297995197,0.40290320218079445
103,72,0.61254260722578,0.1446081699176899,0.3821621410173998
104,72,0.6558289095885582,0.20425382903115158,0.3677569368495133
105,72,0.6963265417792806,0.2570197402301643,0.3568084345884029
106,72,0.7339801392463772,0.301823225254359,0.34531914201283226
107,72,0.7689622231713203,0.3382812316360178,0.34154236990635817
108,72,0.8014109219600416,0.36637351403014007,0.3408003088302394
109,72,0.8314923433729864,0.3864946114014391,0.34389840021952034
110,72,0.8592922011041099,0.39969186960822917,0.3555555882206336
111,72,0.8850728333319975,0.4068366735601576,0.36074557562066273
112,72,0.9091526294747408,0.40924947520246957,0.36868471446848916
113,72,0.9316738388364256,0.4079467723132555,0.3810190749525093
114,72,0.9529971923360475,0.4039845562666868,0.38199781887141615
115,72,0.9733222639740758,0.39820085536009736,0.3999126760265641
116,72,0.9929644179675016,0.3912038096339421,0.4055596109601294
117,72,1.012123150253184,0.383510697794108,0.4055787383668511
118,72,1.03091969952139,0.37542039997214705,0.4194656171488852
119,72,1.0497637835567522,0.36701960932363525,0.43213845624901254
120,72,1.0686554445130851,0.3585992430088467,0.45114974035494826
1,73,-1.1883554516865187,2.1221386260092205,0.41365215098249897
2,73,-1.1689612885749099,2.1064600527982007,0.4484975546150673
3,73,-1.149049242953609,2.0905915020694343,0.4769772060513089
4,73,-1.1285719868582746,2.073867949566852,0.4835474624796962
5,73,-1.1074640451090925,2.0553919967878858,0.4837138196026399
6,73,-1.085521450153093,2.034173107629858,0.48526426959724817
7,73,-1.0624711585497542,2.0092853404476827,0.483654470310829
8,73,-1.0382217719869522,1.979795072159127,0.47564268929176867
9,73,-1.0125291022473615,1.9448710312432949,0.47324495688689766
10,73,-0.9852851147551916,1.9039938914128764,0.4790293069587105
11,73,-0.9561303890118233,1.8568702762524902,0.4856840640824194
12,73,-0.9249509307143697,1.8037088631910945,0.49384030681292956
13,73,-0.8916775516290827,1.7449147363899011,0.5188784647340483
14,73,-0.8563102505929053,1.6812370513541857,0.5409768132814023
15,73,-0.8186040547621131,1.6140125580047762,0.5628966347189384
16,73,-0.7786596852365015,1.5447825106062185,0.5874302989976229
17,73,-0.7364838589816602,1.4752983652170597,0.6194511715746593
18,73,-0.6922123866903072,1.4075107194876635,0.6443277677758735
19,73,-0.645999239727361,1.3432145979059833,0.659638113983186
20,73,-0.5979784539108804,1.284225962663472,0.6724365857322763
21,73,-0.5485138581876166,1.232008044689067,0.6862201872589355
22,73,-0.49769555348769057,1.1875931554710506,0.6925552575454773
23,73,-0.4460053612611781,1.1516274210027257,0.6795566143072521
24,73,-0.39372936080140514,1.1242901682903947,0.6699817672033601
25,73,-0.3411949295918113,1.105101365810211,0.6517004795635392
26,73,-0.2886983305683283,1.0934949864599157,0.6297068462565938
27,73,-0.23676912685932308,1.0884482342112078,0.5999676156872298
28,73,-0.18570327807355902,1.0885112485478836,0.5743621017650062
29,73,-0.13595314161199606,1.0926606318690262,0.55096059637217
30,73,-0.0879469084080226,1.0995121962507217,0.5300035875181612
31,73,-0.04219019568466684,1.107923299716925,0.5118268993092994
32,73,0.0009339933903288615,1.1169774340818341,0.49410194486409864
33,73,0.0409157173722803,1.1261442471443088,0.47904017093256657
34,73,0.07738097860102706,1.1348965770430983,0.47571446747476337
35,73,0.10992955956882215,1.1428001684064168,0.47525526056052736
36,73,0.13812403076428809,1.1498077731443417,0.4737090004833609
37,73,0.16158844263711206,1.1556773916125973,0.4703741042444285
38,73,0.17995388493948442,1.1604386703695888,0.47840423918570474
39,73,0.19290379700812793,1.1640269444350724,0.4772637160480595
40,73,0.20023823157685522,1.1664295508583504,0.48253005187803727
41,73,0.2018130513998088,1.1674943442584802,0.4864430710064617
42,73,0.1975516134713087,1.1670110525283979,0.48835669347540994
43,73,0.18724165988152536,1.1648314891664726,0.4888063429982744
44,73,0.17122569450299585,1.1609305921052524,0.4905531554509375
45,73,0.14959657559434084,1.1549927829668194,0.4884060353199438
46,73,0.12257530081468604,1.1468045404788025,0.4864126377082515
47,73,0.0904650926374935,1.136163888674806,0.48640083484504615
48,73,0.05365947042528062,1.1228341547643843,0.49147579208038333
49,73,0.012551061858708286,1.1068698265292527,0.4907779498059326
50,73,-0.032396043177404826,1.0882625722628083,0.4804914602384192
51,73,-0.08067927250437747,1.0672528855892605,0.4867578176595664
52,73,-0.13176925108935564,1.0441284444295575,0.48159118187031635
53,73,-0.18532130323634805,1.0191087981864588,0.482179476468191
54,73,-0.2408809082342945,0.9926231544323043,0.48105460714030085
55,73,-0.2980102196158409,0.9652478945540295,0.46639226450396215
56,73,-0.3563150299263317,0.9371460106132244,0.4557213189322776
57,73,-0.4153887523287785,0.9086120987833937,0.4453522102057762
58,73,-0.47496964937591446,0.8794823054182765,0.42427805797800283
59,73,-0.5345697312836115,0.8493685992961678,0.4021305013352675
60,73,-0.5938952009918023,0.8178365806974344,0.3747847949425645
61,73,-0.6524678689735784,0.7841288924987965,0.3537766760979938
62,73,-0.7099132939048408,0.7475884095640958,0.320301350988159
63,73,-0.7656495367688078,0.7072033112076374,0.2934035405042805
64,73,-0.8192950665763808,0.6621079046892787,0.26472953453889264
65,73,-0.870093205874459,0.6116189119574362,0.24738620271308198
66,73,-0.9175376172667722,0.5552636663920992,0.2219937137716423
67,73,-0.9608434558346317,0.4926856879197927,0.20967181873030946
68,73,-0.9993006431202958,0.42371717478970794,0.19916994861972942
69,73,-1.032350282003386,0.34837723405376847,0.20000063716475788
70,73,-1.0592387344830658,0.2668714620466043,0.20226380587870924
71,73,-1.0793992692566015,0.17937309712188343,0.20845115980557305
72,73,-1.0922973098304607,0.08633763825885259,0.2184440174554821
73,73,-1.0976597627274647,-0.011693830659789566,0.23413568664318826
74,73,-1.0948598920098132,-0.11382167499415774,0.2731576027631218
75,73,-1.0841347845390785,-0.21902404245049065,0.3078753714580944
76,73,-1.0653111864168763,-0.32593914082284314,0.35191435945267185
77,73,-1.0386517750171842,-0.43245092558629517,0.39885873675525046
78,73,-1.0044024428982352,-0.5362595853427975,0.45521969119585026
79,73,-0.962841436313022,-0.634749270735076,0.5091824713990527
80,73,-0.914721498225269,-0.7248814215139975,0.567822000122947
81,73,-0.8606465371315383,-0.8037153475290753,0.6110776923243266
82,73,-0.8011428544278034,-0.868569734004684,0.6492982505263822
83,73,-0.7370666690518515,-0.9172906329196705,0.6780299761937703
84,73,-0.6691428015164801,-0.9482999310057076,0.6930151824747119
85,73,-0.5981005714365341,-0.9610253428258547,0.6864038405400575
86,73,-0.5247128309805057,-0.9560033014513367,0.6789656304770838
87,73,-0.4494036281790657,-0.9345235360884164,0.6594428119679155
88,73,-0.3732135195661861,-0.8985195857545377,0.6262238264031267
89,73,-0.2965172690418263,-0.850764317966529,0.5936833739290597
90,73,-0.21986247001484396,-0.7939608978771895,0.562815902378646
91,73,-0.14373962673123436,-0.7307325509003189,0.5306307839101287
92,73,-0.06854582732176179,-0.6634711770756146,0.5076626461564548
93,73,0.005324937769782276,-0.5936866986641736,0.4888742268387076
94,73,0.07754863403759342,-0.5224559780264105,0.4797947249739203
95,73,0.14786773106239617,-0.45020194201117625,0.47646260791022926
96,73,0.21605786027580798,-0.3769461987557865,0.4782760185578306
97,73,0.2818318911159876,-0.3024065035613852,0.4806344482386111
98,73,0.3450382192641033,-0.22650389981774943,0.46802848530050406
99,73,0.4055810065374309,-0.1491939263140411,0.4640504141495775
100,73,0.46327905608008485,-0.0711489837838736,0.44610454172518926
101,73,0.5180324747578935,0.006443947018154588,0.42779859119998015
102,73,0.5697701271698674,0.08226605417330936,0.4071265681271627
103,73,0.6183948630113111,0.15443590588934053,0.3824610506648844
104,73,0.6639638861686311,0.22097853192868552,0.35728342447972034
105,73,0.7064660040960131,0.2803861214919343,0.332609139750213
106,73,0.7458178102958409,0.33125601276504674,0.3228841190722893
107,73,0.782182790378304,0.37290764954370187,0.3150710487484834
108,73,0.8156901052324428,0.4051025632981451,0.32130984449085975
109,73,0.846515099705533,0.4280967581375163,0.32416086088636376
110,73,0.8747615984081416,0.44289312814906817,0.3287554875957745
111,73,0.9007275401867446,0.4504055191442426,0.34920166728065527
112,73,0.9247642708394398,0.4520807653184605,0.36898240113469016
113,73,0.947072193709517,0.44913794059311185,0.3729000342674514
114,73,0.9680493228532157,0.44287846814729165,0.39171703618758286
115,73,0.9879538429567026,0.434419879436651,0.39856793028290144
116,73,1.007151522655609,0.4246568770098792,0.4199503473626706
117,73,1.0258915639910577,0.41436951608570743,0.426169423274503
118,73,1.0443341489301559,0.4041025239664583,0.4402824529979108
119,73,1.06292590191492,0.39412790941648057,0.4606396326400395
120,73,1.0816819213433877,0.3848716733130316,0.48480674704069354
1,74,-1.1970337249348102,2.1777896553045153,0.39010250863319096
2,74,-1.177688117792714,2.162270709289194,0.42647164572689655
3,74,-1.157865802931781,2.146655745408492,0.4459354723995346
4,74,-1.1375080972017886,2.1301605615352703,0.4504887002433557
5,74,-1.1165282362741242,2.1117334441685838,0.45583242219637804
6,74,-1.0946907873781215,2.090220912064253,0.4459330354470976
7,74,-1.071696526124767,2.0645682191714148,0.44500207151492216
8,74,-1.0474271927341257,2.03375196484467,0.4458647407748976
9,74,-1.021610361583414,1.9969118437236153,0.4438947130593571
10,74,-0.9941074947769856,1.9535704834764809,0.4477871970003839
11,74,-0.9645522921152077,1.903535378270643,0.45894652773952366
12,74,-0.932815806380991,1.8471525689156723,0.47739110110584676
13,74,-0.898838313013532,1.7849943271577147,0.5001381311816842
14,74,-0.8626116676774758,1.717967074488539,0.5217961147337654
15,74,-0.8239126903166802,1.6475593374427524,0.5555154566488786
16,74,-0.7828690956964182,1.5754247112608215,0.5802579778453991
17,74,-0.7395139341426038,1.503377525213565,0.6053918549620825
18,74,-0.6940053580403014,1.4334064681583407,0.643860933853761
19,74,-0.6465411319961478,1.3673160190358993,0.6579522858090183
20,74,-0.597277154256107,1.3069094914081207,0.6775399479192552
21,74,-0.546608764802503,1.2536409226690495,0.6849807875500997
22,74,-0.4946412135271644,1.2085416921114274,0.6897328889214148
23,74,-0.44187164832147763,1.1722562911027918,0.6839847876536709
24,74,-0.3885883053845282,1.144968539556609,0.6712693475228524
25,74,-0.33511466994794287,1.1261936742750625,0.6495187486600986
26,74,-0.28173617723863575,1.115361870418851,0.6255618397937246
27,74,-0.22894988930620805,1.11141100876397,0.5983035621171839
28,74,-0.1770186401635195,1.1128245485120924,0.5733581750004391
29,74,-0.12636171293030146,1.11848479273794,0.5427931112502082
30,74,-0.07736376817415705,1.1268841488421006,0.5203406255460712
31,74,-0.03048496141030634,1.1367351330154851,0.49841993569066845
32,74,0.013922100865803005,1.1469797743660373,0.48494243468122394
33,74,0.05539248251452907,1.1569420436049616,0.4723179339135125
34,74,0.09356937264488856,1.1659660595244996,0.4617399069645455
35,74,0.12807308846464865,1.1735381817200148,0.4578820580561337
36,74,0.1584690587773064,1.1795540835091969,0.4555669841941898
37,74,0.18435941605900147,1.1837772806700966,0.4611522890099915
38,74,0.20534533133564406,1.1862710815076827,0.46417498677727836
39,74,0.2210646203477161,1.1870412263293992,0.4674369603215751
40,74,0.23124348495567237,1.186152256527482,0.4734306946139759
41,74,0.235663066965954,1.1835669783008627,0.48058419686468024
42,74,0.2341532942175118,1.1791776862642875,0.4902243356082499
43,74,0.22639886268101783,1.1729549015292726,0.49394348647201447
44,74,0.21263033471905549,1.1649798738189343,0.49339036794532615
45,74,0.19283223023066887,1.1550401166378088,0.49642779108045576
46,74,0.1671082623924879,1.1430401304622764,0.5036677095323985
47,74,0.13566514392003423,1.1288943365047,0.5047523493758203
48,74,0.09880500187831893,1.112485504965564,0.5088718953265607
49,74,0.05685094763844453,1.09398392949164,0.5082901331546109
50,74,0.010220613135158844,1.0735015425300818,0.5133449594170229
51,74,-0.04062809856362386,1.0513759890274432,0.5073683118527433
52,74,-0.09515769789576717,1.0279510110813237,0.5028008393804089
53,74,-0.15300541178823215,1.003475218120729,0.5068588768731292
54,74,-0.2136676702461609,0.9783598264082335,0.5000316991264621
55,74,-0.27663217248256844,0.9531087123773296,0.485949006228641
56,74,-0.34140414726504703,0.9277598760413934,0.47289446122219114
57,74,-0.40745621198413395,0.9024508406465379,0.454209071451813
58,74,-0.47439449231948,0.8768516818540121,0.4322180818783639
59,74,-0.5415953847485552,0.8503821828399845,0.40542763345926675
60,74,-0.6086103366874387,0.8224506630098414,0.3757033240252334
61,74,-0.6748050320151823,0.792170325264735,0.34745353184733824
62,74,-0.7396724018722485,0.7587888749729716,0.3159927985738264
63,74,-0.8024907806981723,0.7212592156130346,0.28141017236299515
64,74,-0.8627578220939263,0.6787139115933971,0.2506143248433188
65,74,-0.9196119388510486,0.6305015417529976,0.23234405733112412
66,74,-0.9724712888449031,0.5762150745024283,0.20594001672197637
67,74,-1.0204835644777164,0.5155707252680207,0.18803694255992462
68,74,-1.0629038530890342,0.448475007114065,0.1758495944460167
69,74,-1.0991495018441204,0.37499849882105457,0.1659828806552763
70,74,-1.1284720990429857,0.29538351929291706,0.169411044800615
71,74,-1.150318953831063,0.2098017453022596,0.1759093804142647
72,74,-1.1641971375288387,0.1186614685950772,0.18363055597139594
73,74,-1.1698717528302205,0.02243468792028882,0.20936142254355447
74,74,-1.1667839945996763,-0.078061059719212,0.22853510790435155
75,74,-1.1552321101297225,-0.18192023808427152,0.2684787153744849
76,74,-1.1351137064366317,-0.28789155254517057,0.30608204538846123
77,74,-1.1067673319728584,-0.39396080708379205,0.3592141898337761
78,74,-1.0705158794086576,-0.49790620021785786,0.41094374932276867
79,74,-1.0267064819698106,-0.5971672747188508,0.4671458417079965
80,74,-0.976150186776671,-0.6887305255412584,0.5206994835045752
81,74,-0.9195235690876701,-0.7696405642601792,0.5771828592036399
82,74,-0.8573948436046889,-0.8371943912006525,0.6182166930213502
83,74,-0.7906722471206669,-0.8891674564613294,0.6498594261127337
84,74,-0.7200903370096056,-0.9239241739401342,0.6767513741302761
85,74,-0.6464167830526979,-0.9408010180493795,0.6733255202760531
86,74,-0.570431150009185,-0.940251512316563,0.6634522913666161
87,74,-0.4925613808077668,-0.9234732874212793,0.653037523069332
88,74,-0.4138368899562374,-0.8922974838695393,0.6273061383020838
89,74,-0.33461961055506956,-0.849380420853109,0.5985597708314885
90,74,-0.25544268423962835,-0.7973036351577741,0.5613953952220089
91,74,-0.176762013021093,-0.7385340679140565,0.5477473035404572
92,74,-0.09896461097782568,-0.6753032027442494,0.5275302473654769
93,74,-0.02242099372278757,-0.6089417153042724,0.5047010877261271
94,74,0.05256178552037157,-0.5403489608380354,0.506290883004634
95,74,0.12572544638915562,-0.46977197380640245,0.5042465576079871
96,74,0.19684410028525112,-0.39710189380077976,0.5022985708077432
97,74,0.265617492335669,-0.3219557880045685,0.498674847725862
98,74,0.33187055124460285,-0.24420568508826557,0.49928786351474785
99,74,0.3954694691170962,-0.16384596639423737,0.47679095512456393
100,74,0.45620135647166604,-0.08165062389376636,0.468307471361457
101,74,0.5139059881509906,0.001018960644700953,0.4397058302180426
102,74,0.5684721860962734,0.08261091463978372,0.4044348902217896
103,74,0.6197564797874429,0.1609424191402738,0.3800333531530871
104,74,0.6677645605748274,0.2337315701792813,0.34264503904419924
105,74,0.7124431705540765,0.29912864113675053,0.3255633567452442
106,74,0.7536770706906769,0.35543718945379493,0.29896563680081045
107,74,0.7916163659350174,0.4017001153262557,0.30090100798328406
108,74,0.8263759791945036,0.4374738634846313,0.29332840457899284
109,74,0.8581382799446795,0.4628813952380367,0.30543519592254353
110,74,0.8870206428412748,0.47887686797770646,0.3201670397781714
111,74,0.9133531748498263,0.4864094373208701,0.3327379904738444
112,74,0.9375169222500936,0.4870405123556266,0.3553090007117432
113,74,0.9597683242473573,0.48217879054764806,0.37444755688208714
114,74,0.9805398839393804,0.47336287691104506,0.39747226999955204
115,74,1.0001466724950154,0.4619856585894777,0.40682215013951806
116,74,1.0190045514363333,0.4492303364273257,0.42772191472448384
117,74,1.037410344703646,0.43614704743872845,0.44186043997167435
118,74,1.0555635502682619,0.4235359104803045,0.4700805241235533
119,74,1.0739458670858222,0.4118665972965115,0.48535495671145085
120,74,1.0925875744893108,0.40170919180302705,0.5085212708642577
1,75,-1.2154178444578247,2.2293284402769507,0.3740335032168148
2,75,-1.1960319026471002,2.2140059006072232,0.4035475488781994
3,75,-1.1761242492092516,2.198722756630717,0.4249110881738985
4,75,-1.1556283655271906,2.1825823452191,0.42942337912181966
5,75,-1.1344418773286185,2.1643855080463856,0.4262570879830599
6,75,-1.112306069584603,2.142824976064079,0.41870779621467685
7,75,-1.088904799657771,2.1167243930038624,0.41510755704885194
8,75,-1.0641023039667015,2.084972959822118,0.4156743614580389
9,75,-1.0376085781859756,2.0466810936371256,0.41410200978585743
10,75,-1.009264455025217,2.0014039378724418,0.4209210470048734
11,75,-0.978707547424072,1.949035259614396,0.4385095861114246
12,75,-0.9458041779794244,1.890037474756871,0.4523823794311862
13,75,-0.9105124699190589,1.8251217416699992,0.4769775808028167
14,75,-0.8728232753218804,1.7553203727119613,0.5096977207998189
15,75,-0.8325441757470232,1.6822371731102248,0.5491105812101139
16,75,-0.7898353775456738,1.6076030648435606,0.5715223880946928
17,75,-0.7447615242130785,1.5332611514751235,0.6000766350038408
18,75,-0.6975060959361055,1.461207938079607,0.6317283957710175
19,75,-0.6483146338715386,1.3932346223966334,0.6577434721369071
20,75,-0.5973675081023676,1.3311176585979863,0.6745204569190031
21,75,-0.5450932465089736,1.27630131561839,0.6865831994825468
22,75,-0.49161472626212077,1.2298257929149186,0.6915940448670982
23,75,-0.4374456214392855,1.1923606601729448,0.6860569500362006
24,75,-0.38287896622542544,1.1641319745309835,0.6790999784290185
25,75,-0.32823649205250044,1.1447009793089256,0.657763076350566
26,75,-0.273795841636666,1.1335497646736736,0.6306436784682745
27,75,-0.2200219343572518,1.1296364552823872,0.6040242778864776
28,75,-0.16714906750396505,1.1314317955235142,0.5798635256257698
29,75,-0.11556529977130126,1.137770130470129,0.5470193896063676
30,75,-0.06561354330514682,1.147054413781209,0.5246025235615422
31,75,-0.0177088990769267,1.1578725751361947,0.5031618009543933
32,75,0.027824196192322542,1.1690301395179192,0.48027468832868486
33,75,0.07056917498939949,1.1796990829141736,0.4613251202904084
34,75,0.11018607423020649,1.1890787342967506,0.45664504103445097
35,75,0.14631950328870988,1.1965560670480684,0.45029476357745934
36,75,0.17854296386305873,1.2019486324529645,0.4503238861405857
37,75,0.20644355923939062,1.2050054397250307,0.45353669776570554
38,75,0.22960031350996166,1.2058061554880786,0.45171326216354807
39,75,0.24761455890591325,1.2044107169923843,0.4596259369968643
40,75,0.26014941432792416,1.2009468118020992,0.4670338515787301
41,75,0.2669218493808952,1.195476990298852,0.4798912138069161
42,75,0.2676796731314007,1.1879791954119614,0.4781034028307359
43,75,0.26201685996404,1.1785207461279448,0.4903351404478841
44,75,0.25006152163554524,1.1672673747557478,0.49888892533709606
45,75,0.23170134044787674,1.154083209418002,0.504469494037071
46,75,0.20692994310335036,1.1389656260145318,0.5096630358451476
47,75,0.17586598733032663,1.1219205146634534,0.5154636618987675
48,75,0.13872522425164305,1.1029308625940302,0.5171396949892435
49,75,0.0957646871445391,1.0822667653151266,0.5238563390195271
50,75,0.047357299263201674,1.0601530468858749,0.5258981131482596
51,75,-0.006086633236227229,1.037019517849118,0.5266327032296892
52,75,-0.06402192702275085,1.0132671424245105,0.5209227851062864
53,75,-0.12607452581588036,0.9891800095582186,0.521869418124033
54,75,-0.19169607825207077,0.9651598067032244,0.5166322805018699
55,75,-0.2603083873319785,0.9416406341839992,0.49824274253850404
56,75,-0.3313241939707098,0.9185390360953114,0.48794927677931793
57,75,-0.4041058419178577,0.8958344303116959,0.470655046736317
58,75,-0.4781349782449982,0.8730283139201015,0.4387657756647055
59,75,-0.552662601847846,0.8493459302390254,0.41313529031021595
60,75,-0.6270938887087761,0.824037133585235,0.374341105370503
61,75,-0.7006469368296804,0.7960920192359004,0.34295613660986407
62,75,-0.7726878441447881,0.7646791702820215,0.3136145237691319
63,75,-0.8423623295268471,0.7287452786948414,0.27837517118010924
64,75,-0.9090509709234916,0.6874664563303309,0.2435131910697871
65,75,-0.9717903976985013,0.6402786443096267,0.2247509284342359
66,75,-1.029925577912718,0.5869039613947893,0.20062536138769044
67,75,-1.08253776865508,0.5272010233205665,0.1813036947703939
68,75,-1.1288458197874036,0.46121487755272894,0.16699910868875584
69,75,-1.168242494078639,0.3891238172655915,0.16137481205328372
70,75,-1.1999821644596758,0.31124349445777844,0.16217579814446947
71,75,-1.22352394024999,0.2277666283170483,0.15779404438336256
72,75,-1.238413269175876,0.13905173655860142,0.16816774057092646
73,75,-1.244449631946154,0.045480721762458924,0.18825624174888664
74,75,-1.2411407608392198,-0.052252173243593714,0.20333766806465312
75,75,-1.2288413328172851,-0.15341083583119577,0.23425035156119875
76,75,-1.2075184411909352,-0.25691905296070977,0.2785282228929629
77,75,-1.1775837440830736,-0.36093459154143576,0.3177303125144899
78,75,-1.139436577001157,-0.4633850119120613,0.37420383534215057
79,75,-1.0934912991045356,-0.5618329155857525,0.42958413521075317
80,75,-1.040615345297309,-0.6533550509642061,0.48780868050554654
81,75,-0.9815578846342137,-0.7350341401010413,0.5412420286685691
82,75,-0.9169292556757007,-0.8041901367293128,0.5882958817085612
83,75,-0.8476889505812082,-0.8585571751616762,0.6158984129616796
84,75,-0.7745796909326543,-0.8964559196787882,0.645476333000317
85,75,-0.6984081992287751,-0.9171313350864894,0.6534762582629275
86,75,-0.6199590641176262,-0.9209346010187669,0.6480156465811492
87,75,-0.5396631700077468,-0.9089385079643845,0.6460495141258938
88,75,-0.4585360392739715,-0.8828282205087391,0.619289649250122
89,75,-0.37692580880570403,-0.8450946098368991,0.5955487864378711
90,75,-0.29534820073096535,-0.7981476783683078,0.5776114282243697
91,75,-0.21422145495051245,-0.7442543954433388,0.5545073491224521
92,75,-0.13392119237314065,-0.6854533664378187,0.5432471972527182
93,75,-0.05479015864362315,-0.6228811763130354,0.5247740268834282
94,75,0.022883355906604518,-0.5572585202836975,0.5285752386179083
95,75,0.0988429810018559,-0.4886701966759411,0.523901057611051
96,75,0.17286387936122888,-0.4169034310991015,0.5267663420519174
97,75,0.24463366696820305,-0.34150542576643833,0.5230735348018547
98,75,0.31395502654114116,-0.26232844537457833,0.5174375343516056
99,75,0.38065609010661566,-0.17943024979483752,0.5009537787656455
100,75,0.44449154352440756,-0.09369331179981001,0.4792360919115066
101,75,0.5052399744567894,-0.006648265999417605,0.4468612986347305
102,75,0.562748060379523,0.07993813852306726,0.41811974398707563
103,75,0.616823608864144,0.16361290004712864,0.37821345074583673
104,75,0.6674177919582215,0.24182835422143276,0.3427746273346794
105,75,0.7144322607863438,0.3124335473018364,0.3115817613906509
106,75,0.757716643584535,0.3734761382358101,0.2914674700373631
107,75,0.7974038738555799,0.42375141812477435,0.27855981178482114
108,75,0.8335900127806564,0.4626274228261038,0.2777764224898508
109,75,0.8664627838958909,0.4900990372814985,0.2814589772273028
110,75,0.8961491724651961,0.5070619593593241,0.2984943358582473
111,75,0.9230085914935326,0.5144844682844724,0.3183369676596238
112,75,0.9474490170233777,0.5140185604107407,0.3463699924990769
113,75,0.969781235970939,0.5072355067775804,0.37003160438070876
114,75,0.9904700773798547,0.49588784689508186,0.39573160932924273
115,75,1.0098859388115389,0.48162457651904866,0.41788261310531094
116,75,1.0284948877403022,0.4659051141963638,0.4426971462126306
117,75,1.0466394980841809,0.4500442993951079,0.46547725174641497
118,75,1.0645592070999832,0.4350962527476567,0.49304200035042745
119,75,1.0827690849739846,0.4217326841109926,0.5164532588882358
120,75,1.1013148032680848,0.4106710025388157,0.5396977792660632
1,76,-1.2425649202919151,2.2748055852641036,0.3567018702341414
2,76,-1.2230551711505921,2.259683831552944,0.39667849902942587
3,76,-1.202897962769862,2.244751248888179,0.4090476329712257
4,76,-1.1820226220014487,2.2290156222114907,0.41491932786763447
5,76,-1.1603171658147555,2.2111500646352606,0.4064199405131709
6,76,-1.13750819985693,2.1897167600981264,0.4042937783745768
7,76,-1.1132720899542123,2.1634376699729407,0.3904335002223689
8,76,-1.0874651344695776,2.1311276105829657,0.3903536487779248
9,76,-1.0597907287338366,2.091873387215915,0.3887542924842219
10,76,-1.0300790234948887,2.0452545099528283,0.39998290485330423
11,76,-0.9979821334777527,1.9912335605841245,0.410754863354626
12,76,-0.9633715208678181,1.9303618292040585,0.4309322623798641
13,76,-0.9262308477789164,1.8634524101554557,0.46165993647171477
14,76,-0.8865565632002856,1.791622811976157,0.4894105374962372
15,76,-0.8441948364391325,1.7165466768905007,0.5287122349723777
16,76,-0.7993426313993917,1.6399898749881714,0.5593757665875271
17,76,-0.7521001900695223,1.563785366700555,0.5919813244047384
18,76,-0.7026781401245226,1.4899042976009347,0.6258368431032958
19,76,-0.6513720345867287,1.420101127824332,0.6447621244678807
20,76,-0.5983881035304734,1.3561111167897784,0.6683145034052765
21,76,-0.544188314386279,1.2993683833569194,0.686846501985008
22,76,-0.4889145728444197,1.2509317633031516,0.6880622247881963
23,76,-0.43309738318456686,1.2115215897678457,0.6840762243027808
24,76,-0.37703653252570496,1.181442325114425,0.6739393620735569
25,76,-0.3210536961398088,1.1603497630618924,0.6617134790966688
26,76,-0.2654217186423925,1.1478315465925526,0.6388653936227896
27,76,-0.21057406950004823,1.1429243694484572,0.613054387052314
28,76,-0.15672171226106216,1.1441403454299632,0.5851906971836699
29,76,-0.10422390317826422,1.1503145427872525,0.5559512383258459
30,76,-0.05338484860438134,1.1597980767468619,0.5277876137359582
31,76,-0.0045761686808142195,1.1710801938107418,0.5058426084849501
32,76,0.041902551230150735,1.1828411329847557,0.48227233624078825
33,76,0.08568481748452526,1.1941007438384141,0.4654880598351624
34,76,0.1264462003909508,1.203903792865267,0.45371096667759
35,76,0.1638579771000335,1.2115212607610932,0.44893879770864703
36,76,0.197506018372113,1.216674595591792,0.4455537717901578
37,76,0.22696873003740947,1.2190781214840085,0.44273079592200515
38,76,0.2518103468686139,1.2188094067933208,0.4476038306194738
39,76,0.27160492713297724,1.2159640040164683,0.458133086058815
40,76,0.28596358117411,1.2107160076338106,0.4680225171694863
41,76,0.2945504192157106,1.203209609340506,0.47318678327535807
42,76,0.2970436532840421,1.1934889824285797,0.4794674237373479
43,76,0.29296019652566624,1.1816949291741223,0.4911147537954958
44,76,0.2823370972937972,1.1680541685048371,0.49813749302047705
45,76,0.26497833011203353,1.1524803106151873,0.4992907008956438
46,76,0.24077700257462406,1.1350369515112573,0.51753420600771
47,76,0.20977415443056405,1.1157946952339106,0.517240853688799
48,76,0.17210625828572992,1.0948148894008252,0.526795854433627
49,76,0.12796946916781626,1.072448933569497,0.5289104743274182
50,76,0.07769536715443336,1.0490231419676472,0.5360072343129854
51,76,0.021645326986026545,1.0250506849771557,0.5356598406767565
52,76,-0.039627499609078375,1.0009882556234215,0.5323833127684342
53,76,-0.10574382661294643,0.9771591439774556,0.5307015697354305
54,76,-0.17611479877742534,0.953962449868252,0.5230705793719097
55,76,-0.2501054962663898,0.9317653397211975,0.5090830662700702
56,76,-0.3270451019558717,0.9103679940616298,0.49403521203942646
57,76,-0.40619773964271916,0.8895930403829603,0.47615871431948603
58,76,-0.4869301237266667,0.8687740183948175,0.4393625461604313
59,76,-0.5683802498193303,0.8469433618066149,0.4038392214364564
60,76,-0.6498182029637322,0.8231938503534727,0.37820550401542513
61,76,-0.7303257752933808,0.7964011723918621,0.3434621514144478
62,76,-0.8091510146559137,0.7656717769225896,0.3086202045436976
63,76,-0.8853170001027053,0.7299738766737783,0.2763996674617723
64,76,-0.9580938789469965,0.6885696437818762,0.2517278797733621
65,76,-1.0264223485914976,0.6410341533527442,0.21998537369915278
66,76,-1.0895787826286099,0.5872767893584924,0.20745019824425315
67,76,-1.1465812773736352,0.527363370431593,0.18979098773822606
68,76,-1.1966124713401012,0.46153820014021746,0.17869194522776707
69,76,-1.2390411729032371,0.39014266597922165,0.16840950227039334
70,76,-1.2731226193882839,0.31360441343047524,0.1687260205139765
71,76,-1.2983257477411705,0.23216598581929,0.16269652149472394
72,76,-1.3142307114657361,0.14614368323378354,0.167218140124976
73,76,-1.320666978882012,0.055821873725800115,0.17689804904939446
74,76,-1.3172060572803985,-0.03825449634135332,0.19768325402996806
75,76,-1.3042527897464835,-0.1355558923784097,0.2256856686598875
76,76,-1.2818405901323855,-0.23523106500806767,0.2560775463437472
77,76,-1.2504491132350686,-0.33566826333666205,0.29158061141354186
78,76,-1.2105513975996736,-0.43500903194386237,0.3461090443912323
79,76,-1.1626250350450347,-0.5310045472257123,0.40018499255526696
80,76,-1.1075896868852124,-0.6208909219224572,0.4520281133576256
81,76,-1.0462646964808544,-0.7018500181844421,0.5001121830682776
82,76,-0.9793010381806586,-0.7712809079767023,0.5478508688098505
83,76,-0.9077068044621192,-0.8269198937337926,0.5887166862808795
84,76,-0.8322302959222354,-0.8670717393911013,0.6141236384980395
85,76,-0.753716879779611,-0.890903561644635,0.6286461125083153
86,76,-0.6729540014971698,-0.8986560883128757,0.635926072359755
87,76,-0.590374350176448,-0.8912540324263193,0.6242661230595028
88,76,-0.506977234547841,-0.8701999275623008,0.6095115957790077
89,76,-0.4230965872758445,-0.8377748400309957,0.5852442997794131
90,76,-0.3392287752889666,-0.7961706850240154,0.5723112782009258
91,76,-0.2557527298257622,-0.747413073313656,0.5634487240138649
92,76,-0.17303251503590264,-0.6933171623597308,0.5505346099365663
93,76,-0.09138047789327121,-0.6348119503741159,0.5453039843292614
94,76,-0.011066110414409856,-0.5724400138593775,0.5435072902535862
95,76,0.06765751887529826,-0.5061389471404063,0.5453128936877434
96,76,0.14456785126597782,-0.4356188036952853,0.5451670589284064
97,76,0.21934004968679865,-0.3603867887047444,0.5424827810376723
98,76,0.29175502865149894,-0.2803024002006241,0.5317953129986535
99,76,0.3616021147564002,-0.19550566639764738,0.51618182707146
100,76,0.42860240999640403,-0.1069873262856876,0.4936254231002435
101,76,0.49247245287006736,-0.01643256699863046,0.45736210172726177
102,76,0.5530148509703772,0.07420710286106168,0.4180104011860926
103,76,0.6099866731511582,0.16225289890268785,0.3749472730214134
104,76,0.6632822403424291,0.24494510231991812,0.3401715527899539
105,76,0.7127559915242311,0.3198843504386095,0.30912394936449133
106,76,0.758219978572815,0.384910414864898,0.28345922137480023
107,76,0.7997871374930529,0.438606939273311,0.27047825584232826
108,76,0.8375310398623033,0.4801734948207497,0.2671148575599924
109,76,0.8716439902359303,0.5094816467339207,0.2667446047840141
110,76,0.9022596389437401,0.5273545139003065,0.28588383495178565
111,76,0.9297647041101706,0.5347554825563963,0.30433121325767104
112,76,0.9545920602873865,0.5333924401830258,0.33228946367232026
113,76,0.977105782480483,0.5249596215265224,0.3626069560355465
114,76,0.9978016800045417,0.5113862581279184,0.3954265803309006
115,76,1.0171042424995371,0.49454388094070056,0.4239650122796884
116,76,1.0355302535137327,0.47614209478442704,0.4611609120500733
117,76,1.0534665070528793,0.4577421875305295,0.4845557620848559
118,76,1.0711931880184968,0.4406397514160298,0.5126176678186952
119,76,1.0892572929325788,0.42570443509923955,0.5355308762601552
120,76,1.1077201387768765,0.4137980595261307,0.5653162618977076
1,77,-1.277434947425956,2.3130082225036035,0.3557168295986518
2,77,-1.257727478816765,2.2980505811462444,0.3992557903539953
3,77,-1.2371754849752985,2.2834101279895256,0.4099217362842991
4,77,-1.2157078434278354,2.268025425083334,0.41048052503837784
5,77,-1.1932089614732355,2.250473633687201,0.4041326593602349
6,77,-1.169399396050558,2.229222928158692,0.39476578682182206
7,77,-1.1439571672869915,2.202925764675244,0.3832180636338254
8,77,-1.1167399708724222,2.170346449213719,0.37598145337115557
9,77,-1.0874553529566044,2.1305604855068876,0.37616445760112543
10,77,-1.0559323085928292,2.0831668620906396,0.38511008299412486
11,77,-1.0218473105230976,2.0281792442635105,0.39921249736771536
12,77,-0.9850859272797331,1.9662072266460926,0.42267187794263394
13,77,-0.9456639515906861,1.8981242821050355,0.4485647115801366
14,77,-0.9035890617192276,1.8250872620132101,0.4870656426035342
15,77,-0.8587522779385646,1.7487896334325457,0.5107542845791753
16,77,-0.811390016004367,1.6709863717465703,0.5447869657694356
17,77,-0.7616405305581949,1.5934597522783667,0.5820291083526411
18,77,-0.7097420646397532,1.5181218597149417,0.6034842434560056
19,77,-0.6560404082429453,1.4466674615982293,0.6398165000333403
20,77,-0.6007676145994041,1.380776179136877,0.6589275161916892
21,77,-0.5444177219357791,1.3218705092888647,0.6729367086674638
22,77,-0.4871518530376927,1.2710353805041572,0.6853319655563651
23,77,-0.42951662025995385,1.2290628414759879,0.6852099178409299
24,77,-0.3718196833614158,1.1963657334388582,0.6890252449502632
25,77,-0.3143837831562796,1.1727354852267269,0.6599850030748834
26,77,-0.2574797939834159,1.1579113517306547,0.6445175385355913
27,77,-0.20151077411235047,1.1510603614148882,0.6254961180931871
28,77,-0.14667004782536508,1.1507857068379335,0.6032994060167572
29,77,-0.09329107882413629,1.1559707798195078,0.5667455621435694
30,77,-0.041643681397315745,1.1649542088280316,0.5430929084061957
31,77,0.0079411126133699,1.1761574934469312,0.5249034353283397
32,77,0.05518401587862372,1.1881541199142496,0.4933873736033131
33,77,0.09976834700901689,1.1998200394510548,0.4710063299422724
34,77,0.14138265029566954,1.210044930686746,0.46166690822349526
35,77,0.17972545773274573,1.2179740774874186,0.44915836322178243
36,77,0.21439792585169645,1.2232210099004932,0.4429017900445321
37,77,0.24497498219688948,1.2254481717307086,0.442288931403494
38,77,0.27101247360729563,1.224713775268262,0.45521138019202595
39,77,0.2920658541104972,1.221129828055815,0.45659015877669873
40,77,0.3077049806038194,1.214898602014713,0.46479149048657903
41,77,0.3175526098167663,1.2062256797483493,0.4768248551677544
42,77,0.3212305125955386,1.1952001232881226,0.47758027147069027
43,77,0.3181930347740706,1.1820120441622468,0.49275560655906125
44,77,0.30839896886470436,1.1669244245020702,0.49719130232405867
45,77,0.29158300239173235,1.1498734432224695,0.4988900546382267
46,77,0.2675493354702241,1.1309616240205815,0.5137379062662606
47,77,0.2362736396751362,1.1102967570519484,0.5156609772505156
48,77,0.19782218876501775,1.0879950337993238,0.5262537445138696
49,77,0.15233729605151772,1.064469055594198,0.5325202169323565
50,77,0.10011421686271087,1.0401318949782776,0.5329242655283953
51,77,0.04146593015471582,1.01556780097068,0.537837745688956
52,77,-0.023045314332409632,0.9912849829218355,0.5388160396150662
53,77,-0.0930398943722167,0.9676465966355475,0.5393169256670347
54,77,-0.16789244500270997,0.9450539150804201,0.5294571616390116
55,77,-0.24692065408701447,0.9238096771143869,0.5167671825325125
56,77,-0.32937953260739133,0.9036037424885907,0.4908956797068239
57,77,-0.41444810009099886,0.8841054370865423,0.4691965824559758
58,77,-0.5013891695875283,0.8644841573719849,0.44649444897570767
59,77,-0.5892419220492261,0.8435854460162986,0.40964184938949255
60,77,-0.677154783134528,0.8203493551819727,0.3847088605824196
61,77,-0.7640869438333051,0.7935478646785274,0.34219520160461897
62,77,-0.8491798090277464,0.7622424020708841,0.3120023000434729
63,77,-0.931346417798393,0.7254473739084626,0.2890422224277753
64,77,-1.0097557712800744,0.6825476294146534,0.2583524914663821
65,77,-1.0832610568880146,0.6333013173828519,0.23326939802160893
66,77,-1.151076760355418,0.5778530029967642,0.22361060359361937
67,77,-1.2121632661312567,0.5165301532597056,0.20707846506894723
68,77,-1.2656684481625045,0.4498283131652879,0.20086295829445697
69,77,-1.3109392120960137,0.37830178639202283,0.18974997291534967
70,77,-1.34723035094781,0.30252745973722706,0.1841893628215692
71,77,-1.3740189910505547,0.2228304465917187,0.1854343047688767
72,77,-1.3909160581212066,0.13950194722508294,0.18482132796365916
73,77,-1.397776170042198,0.052735685506417586,0.1847960026980331
74,77,-1.3942306608745292,-0.03708138310460499,0.19820860340759056
75,77,-1.3807270223623358,-0.12964443769993866,0.21380856904402365
76,77,-1.3573600810452657,-0.2243586273812848,0.24343374658004796
77,77,-1.3246703344042166,-0.319885294637008,0.2815922442025892
78,77,-1.2831996701677169,-0.41463337169708014,0.3183190671428237
79,77,-1.2334827750505761,-0.5066014697171325,0.37258068446112824
80,77,-1.1764852605331155,-0.5932534024094575,0.4169128894867342
81,77,-1.1130920100850115,-0.6719353039396186,0.47142755129988184
82,77,-1.0439914498106788,-0.7401890462792605,0.521449881467745
83,77,-0.9702358257892867,-0.7958075333437943,0.5530899047270154
84,77,-0.8925754787126664,-0.8371191688411685,0.5827742736413474
85,77,-0.8118927891371058,-0.8632391632949691,0.5955021571000266
86,77,-0.7289754913213522,-0.8743006123269962,0.6029811955945339
87,77,-0.6442566776964552,-0.8710669036908525,0.6090093666676972
88,77,-0.5587175533604916,-0.8548296562137588,0.600878623758942
89,77,-0.47267794946100594,-0.8276221894466795,0.5803921416575958
90,77,-0.3866139606993997,-0.7913775554437367,0.5754018147646307
91,77,-0.30086501903150376,-0.7478431289874474,0.5600347382858009
92,77,-0.21578463837458842,-0.6985839523074705,0.5576875456187863
93,77,-0.13165392189663902,-0.6443107149287528,0.5570460269435104
94,77,-0.04872530042687769,-0.5853911807260844,0.5643428116810101
95,77,0.032751375828529605,-0.5216328640829831,0.5611720366721049
96,77,0.11255552303637699,-0.452695887816609,0.5657443858232015
97,77,0.1903480228103546,-0.37807687287541686,0.5588781981135117
98,77,0.26588749449926663,-0.29766808860024485,0.5474437813811954
99,77,0.33892284069425416,-0.21170631592262884,0.5307195370133927
100,77,0.40913973534924697,-0.12128522785794402,0.5048535075638376
101,77,0.4761916107580106,-0.028222869757909,0.4713244153692343
102,77,0.5398350080754553,0.06538364966369159,0.4234331144167743
103,77,0.5997745040722281,0.1566841358931365,0.38482278089036337
104,77,0.6558458273567048,0.24277011073656501,0.34380031295356117
105,77,0.7078549539631684,0.32105630011532976,0.3078323695939826
106,77,0.7555748101235458,0.3892312501625434,0.27737721124966386
107,77,0.7990965913313147,0.4457096136504564,0.2631410550879211
108,77,0.8384690494208089,0.4895467277515354,0.2555984278166951
109,77,0.8738894454608646,0.5204975522353603,0.2639637857279732
110,77,0.9054965737203697,0.5392976702617305,0.27863029574753295
111,77,0.9337037199795818,0.5468777352585258,0.30012469518999263
112,77,0.9589679202125923,0.5449607473773118,0.3288803164916818
113,77,0.9817066486866278,0.5353164273949765,0.3603489281249421
114,77,1.0024467326481783,0.520003694101879,0.3926549723180324
115,77,1.0216664110656444,0.5010722919535587,0.43197808235181523
116,77,1.0399345955847297,0.4804449194636675,0.4661641230023447
117,77,1.0576816554443744,0.4599000668999706,0.495255829016086
118,77,1.075229912138681,0.4409523358230173,0.5261677094354565
119,77,1.0931574136430176,0.42465719025989396,0.55789202083043
120,77,1.1115416283064767,0.4120119989480133,0.5846010081831274
1,78,-1.3186010093106941,2.3437760667858214,0.36862398130310403
2,78,-1.2986321605368603,2.3288998056478953,0.40124848840605115
3,78,-1.2775605011801778,2.3144051300582396,0.4166794023794665
4,78,-1.2553181091684,2.2991959228005743,0.4172090901050037
5,78,-1.2317916558964621,2.2817958401087957,0.407604308586764
6,78,-1.2067041687745066,2.2606274260340222,0.3990272086673353
7,78,-1.1797440509391854,2.2343169457093426,0.388689760253272
8,78,-1.1507793045120152,2.2016126508553175,0.37299700319751067
9,78,-1.1195319716276388,2.1615982523224093,0.3802778309164736
10,78,-1.0858388945616686,2.113892224951743,0.38227109015362876
11,78,-1.0494098641260983,2.058543870933245,0.3949460310291198
12,78,-1.010152567772981,1.996190763340913,0.4134504406512765
13,78,-0.9681203491545322,1.9277243575012097,0.4400647744607975
14,78,-0.9233367601328271,1.854293826170132,0.474192500142313
15,78,-0.8757423637014236,1.7775616196715285,0.5042660330990311
16,78,-0.8256142786314727,1.6992258466249608,0.5291390826110636
17,78,-0.7731296809061021,1.6209784138817165,0.5700772309824464
18,78,-0.7185536231097657,1.5446399776975046,0.5956895814218791
19,78,-0.6622804931866513,1.471824075089099,0.6231196567493187
20,78,-0.6045668652697724,1.404140356135277,0.6475996302572048
21,78,-0.5459360874132829,1.342996392558866,0.6653605807120904
22,78,-0.48656753785959805,1.2895067905691222,0.6792943534681585
23,78,-0.42702231792838774,1.2445492944581535,0.6823522211676205
24,78,-0.367616289670253,1.2086659189195312,0.684364141812961
25,78,-0.3086738943002459,1.1818138753062075,0.673472136946076
26,78,-0.2504665904713826,1.16391876525988,0.6602189730093814
27,78,-0.1933683850991393,1.1543191967818485,0.6393348717210516
28,78,-0.13756096741678972,1.1517513225299536,0.6171051282451884
29,78,-0.0833554648367101,1.1551900685832661,0.5880997654052597
30,78,-0.030992648377619902,1.1630003465954544,0.5642886153015008
31,78,0.019233112838196564,1.1735701904047022,0.5363553005540647
32,78,0.06705732363016415,1.185391486863832,0.5104785157948228
33,78,0.11221114607589541,1.1972127257672678,0.4882290829813817
34,78,0.15439257758445785,1.2077777338512703,0.47399273861867064
35,78,0.19332648415241055,1.2161040872779876,0.4620869640242485
36,78,0.2286310110999674,1.221692495312953,0.4564993959886903
37,78,0.25988185826564386,1.224140200322244,0.45153487849727036
38,78,0.2866319614769724,1.2234709053246517,0.45252022216326127
39,78,0.3084263073065872,1.2197942082201383,0.4614122101494368
40,78,0.3248038074265248,1.213321718360953,0.4640857520722389
41,78,0.33535739524237057,1.204299205220354,0.47061477902919346
42,78,0.33966587382451857,1.192838821158489,0.47626844507692995
43,78,0.3371359400555484,1.1791567522013562,0.4887625846376754
44,78,0.3276619699511845,1.1635282917200198,0.4969978581432106
45,78,0.310924576811509,1.1458877677833614,0.49719524302327506
46,78,0.28665231633490074,1.12635098415616,0.5094671401434439
47,78,0.25476892951697916,1.1050369449060773,0.510981079144373
48,78,0.21528113149368433,1.0820935451493194,0.5181759907282136
49,78,0.16828574476956157,1.0579746168505322,0.530932579045493
50,78,0.11404803033225866,1.0331632227645473,0.5357384233909798
51,78,0.052834612141881745,1.0082998881731433,0.5398827519681427
52,78,-0.01478142961737658,0.9839378959936053,0.5395765400758371
53,78,-0.08842400010998441,0.9604779099846715,0.5377257631659177
54,78,-0.16743505919152757,0.9383256901214133,0.5256528850178029
55,78,-0.2510942902411455,0.9177215072857665,0.5128560548245631
56,78,-0.33859233119431065,0.8982514698073494,0.4915242068273902
57,78,-0.4290369395956435,0.8794371992977763,0.47692958465267915
58,78,-0.5215993267092148,0.8602908151554499,0.4401775474712273
59,78,-0.6152353856431962,0.8394808182234716,0.40817680248761623
60,78,-0.7089871741761367,0.8158018083446256,0.3723321936213252
61,78,-0.8017068717754635,0.7879342403269504,0.33888789291470484
62,78,-0.8924428785213747,0.7549107604132904,0.3119927810105286
63,78,-0.9800127949517025,0.7158117997767024,0.2928195667941727
64,78,-1.0634959949770741,0.670172887611623,0.2714068384093895
65,78,-1.1416686507255775,0.6179678158523826,0.2589224869309599
66,78,-1.213691742210335,0.5596100067476216,0.2410698956431335
67,78,-1.278475216404057,0.49572802078335887,0.24368406088423508
68,78,-1.3351347949142642,0.4271072323646182,0.22742766485939306
69,78,-1.3829987735926768,0.35455480418483115,0.22547164050001814
70,78,-1.421320709441187,0.27882929561048525,0.2167799318287911
71,78,-1.4495845920716235,0.20037242660863924,0.22237540242610115
72,78,-1.4674280227715255,0.11947547775009072,0.21464029268343826
73,78,-1.4747256904678445,0.036262287681750355,0.2146877068589083
74,78,-1.4711638133016882,-0.049028679040376145,0.21596522332398807
75,78,-1.4572240783985393,-0.13631479246955125,0.23009108673908782
76,78,-1.433056408454579,-0.2252679837649702,0.2542405179741085
77,78,-1.399253315329033,-0.31484598980828543,0.2745856901436838
78,78,-1.3564189169019822,-0.40376313755497967,0.3073766486211392
79,78,-1.3051371291489802,-0.4903130263314954,0.35430215502025575
80,78,-1.2464114615108064,-0.5722494359498593,0.39506622139061137
81,78,-1.181185766672856,-0.6471468969789266,0.44456709982985304
82,78,-1.1101812789449517,-0.7127561145486506,0.4804475060292985
83,78,-1.034488374514957,-0.7669872807730578,0.5190658213056843
84,78,-0.9548550691424502,-0.8082400602908771,0.5509495482243124
85,78,-0.872197996138978,-0.8356132920131573,0.5672892619958388
86,78,-0.7873022546372337,-0.8491452733090997,0.5742431137452169
87,78,-0.7005997047822434,-0.8494352889382406,0.5859269682360639
88,78,-0.6130519106880565,-0.8375459447561068,0.5830483649714286
89,78,-0.5249651693921079,-0.8152340603594096,0.5812547461947754
90,78,-0.43679529974635134,-0.7841421210198045,0.5743612282504094
91,78,-0.3488433902702043,-0.7457104349931207,0.5652068194205508
92,78,-0.2614544673099704,-0.7012341836138429,0.5665149994436076
93,78,-0.1748792115314922,-0.6512000606541329,0.5687700764413987
94,78,-0.0893563776467742,-0.5958084668823271,0.5789794403137803
95,78,-0.00513400935178382,-0.5347566684388213,0.5851529387619343
96,78,0.07756753755740808,-0.4676823459777237,0.5818673685332164
97,78,0.15839169632088657,-0.3941000187357648,0.575783690542485
98,78,0.2370733757012782,-0.31395840636466515,0.5668304553159854
99,78,0.31331866516256773,-0.22760105565092104,0.5480782232751295
100,78,0.386775479198682,-0.13621498701408266,0.5160694458873514
101,78,0.45703298692675925,-0.041723857852604046,0.48143980686767673
102,78,0.5237997814647953,0.053675460728471264,0.4350626141851342
103,78,0.5867265828129499,0.1470229549536639,0.3907124770518316
104,78,0.6455895074845194,0.23533112575653875,0.35301197427061287
105,78,0.7001457837229711,0.3158981459680581,0.3093576977793053
106,78,0.7501287694433929,0.38632426773292766,0.2817977168419439
107,78,0.7956073158848027,0.44490308494050135,0.2636177318401859
108,78,0.8366044624323394,0.4905739784734207,0.24679534574158096
109,78,0.8733239719370302,0.5229847098317424,0.2554825075087444
110,78,0.905909733871936,0.542769552571212,0.26783604621505747
111,78,0.9348022322407904,0.5507974279733167,0.29230846254171455
112,78,0.9604831535698252,0.5487629052828932,0.3248425756609205
113,78,0.9834247224341411,0.5384593896065163,0.35917550647315455
114,78,1.0041861538142103,0.5220218515854566,0.3920203993976995
115,78,1.0232999987230937,0.5016260548870544,0.4278063741036029
116,78,1.041389504137844,0.4793618961691242,0.4680865556425211
117,78,1.0589288506944552,0.4571864199301704,0.5086287855333603
118,78,1.0762844418717201,0.4368019359475598,0.5380390725207573
119,78,1.094065063641405,0.4194299637361678,0.5658954639366278
120,78,1.1123650815735988,0.40618891546168706,0.5971826885184635
1,79,-1.3642442913580197,2.368312484244022,0.3813781651587498
2,79,-1.3439657330803916,2.35338754440769,0.4152608259550106
3,79,-1.3222799063648443,2.338800759523006,0.43475084431068767
4,79,-1.29912544650998,2.323462164400086,0.4329250158400701
5,79,-1.274396713640502,2.3058927439833017,0.4184252854576533
6,79,-1.2478271554705056,2.2845272320936614,0.41335698177337965
7,79,-1.2191233261898344,2.2580180826141985,0.3967880924821194
8,79,-1.1881714721226952,2.225141248598151,0.3844386155957274
9,79,-1.154717382345309,2.1850150458379414,0.38424884465381004
10,79,-1.118613579177337,2.1372834429913716,0.38652726570296436
11,79,-1.0796105666115068,2.08202008158927,0.4063083954706227
12,79,-1.037644558506109,2.0198632600315074,0.4206691103149351
13,79,-0.9928100731053207,1.9516824012145229,0.4377809850355493
14,79,-0.9451496882279827,1.878574138594396,0.468505294361001
15,79,-0.8946560647834892,1.8021215887531508,0.49686183829222114
16,79,-0.8416463887567824,1.723922638452309,0.5300884488917913
17,79,-0.7863358092826499,1.6455424452510221,0.5557388374651583
18,79,-0.7290139246524884,1.568680857766021,0.5918786122493499
19,79,-0.670120077399639,1.4948511711333667,0.6207812704578898
20,79,-0.6099326412623984,1.4255796436191226,0.6445261822873246
21,79,-0.5490001247942883,1.3622538597128266,0.6647152436075735
22,79,-0.4875181659356666,1.3060174842908325,0.6771324947376672
23,79,-0.4260598848798132,1.257840020760815,0.6868257425902812
24,79,-0.3649490817461543,1.218402751035519,0.6900723461091725
25,79,-0.30451216366985456,1.1878458374716,0.6813057379114495
26,79,-0.24502368017863022,1.1663019107918244,0.6777884171448108
27,79,-0.1868304195350718,1.1533088110726246,0.6615677779620719
28,79,-0.13010885938080077,1.147766676893011,0.6416900739807179
29,79,-0.075151873220846,1.1487776947042452,0.6133736365775867
30,79,-0.022177603624612862,1.1547687744377415,0.5926917403349888
31,79,0.028551114634073508,1.1641299704429302,0.5557128331058174
32,79,0.0767781640165495,1.175302394630216,0.5353595230585176
33,79,0.12227878094736634,1.1869316206408769,0.5161460244666514
34,79,0.16475600915629818,1.197635089518989,0.4955017955849922
35,79,0.2039586171220843,1.2063099728454232,0.47975416815179683
36,79,0.23952223122694405,1.2123477221424137,0.4677132741809352
37,79,0.2710266003060694,1.2152731373183028,0.4682902430801296
38,79,0.29802627280089233,1.2150643797032918,0.4661478493033131
39,79,0.3200633604316938,1.21181202688526,0.462102475023418
40,79,0.3366555288499847,1.2057192412703137,0.4665119492419234
41,79,0.3473773221171401,1.1970512058830727,0.474791777071819
42,79,0.35177823628606475,1.1859220199614342,0.4834161496603479
43,79,0.34923243464228826,1.172552382050416,0.4835893000624005
44,79,0.33958447510544637,1.1572073200333048,0.49174512678851434
45,79,0.32247659876041834,1.13979800935765,0.49157820012378345
46,79,0.2975762497856215,1.1204299335684134,0.5023870373837263
47,79,0.2647695036309837,1.0992093694336302,0.5071477141116479
48,79,0.2240153559325109,1.0762935813240189,0.5162647632828963
49,79,0.1753745196189124,1.0521581964555269,0.5227648353764042
50,79,0.11908947049319833,1.0273379257736357,0.5284458309359731
51,79,0.055383833101023745,1.0025127197728982,0.5323289399893749
52,79,-0.015156583010111075,0.9782724104602444,0.5404321004251489
53,79,-0.09216215623790798,0.9550500554398706,0.5317320292287417
54,79,-0.17494605576424113,0.9332559211237765,0.5288012115639744
55,79,-0.2627594584561196,0.9130695289797299,0.5084782558078171
56,79,-0.35473886978285346,0.8939805172984923,0.48992816993263744
57,79,-0.4499352817255242,0.8753708678748077,0.4615173777125946
58,79,-0.5474417211864129,0.8561057941002106,0.4356576366890802
59,79,-0.6461474900521881,0.8346908003862765,0.40131315034907605
60,79,-0.7450051810358554,0.8097857635309292,0.37732298552629556
61,79,-0.8427771484410997,0.779993218797203,0.345494136518363
62,79,-0.9384343048469272,0.744332043048386,0.3206829153894937
63,79,-1.0307151316610974,0.7019627412774432,0.2935604899978698
64,79,-1.1186227482939841,0.6525891747484526,0.28685803419749983
65,79,-1.2008685604806693,0.5964193726908104,0.2784708960623078
66,79,-1.2765698043393572,0.5341520004921425,0.27782068997016307
67,79,-1.3445947949620094,0.46673751211430425,0.2761697015523037
68,79,-1.4040306698843004,0.3952722799820546,0.26684273761159194
69,79,-1.4541913980444718,0.3208421585186367,0.27457778092150387
70,79,-1.4943288715560208,0.2444111763925596,0.2618887907940698
71,79,-1.5239328326798585,0.16656938281760464,0.26484926212791093
72,79,-1.54266323997445,0.08763841843012342,0.2519119070755843
73,79,-1.5504094679806901,0.007704598879502467,0.25324987307205193
74,79,-1.5469066659749886,-0.07311589872206682,0.25378249479195975
75,79,-1.5326613707583499,-0.1549399885813703,0.2573938374081818
76,79,-1.507870918518809,-0.23769512550934402,0.2706753859917251
77,79,-1.4731694083994207,-0.3206378022573997,0.2874178099913051
78,79,-1.429214805351805,-0.40280743296877036,0.3160864748777867
79,79,-1.376630796828084,-0.48282519979461647,0.346495386388617
80,79,-1.3164490340330584,-0.5587860975246951,0.3837665480249346
81,79,-1.2496639121127688,-0.6285511686400024,0.42363136891814845
82,79,-1.1770234727467779,-0.6901428979712848,0.45682575281049553
83,79,-1.099648649947211,-0.7416508311083759,0.49491629632814355
84,79,-1.018280101684775,-0.7815975539817663,0.522335351449671
85,79,-0.9338647945042592,-0.8091076010765504,0.5460618577601044
86,79,-0.8471819672735018,-0.8241458732218604,0.554534883813672
87,79,-0.758660408100746,-0.8271549551079301,0.5634327656926126
88,79,-0.6692409089791715,-0.8189614352426601,0.564692928743403
89,79,-0.5792171722520361,-0.8010276499887887,0.5650059903421188
90,79,-0.4890257001486923,-0.7746846166045325,0.5635535423605086
91,79,-0.3989316670102181,-0.7410464267500553,0.5670170250765709
92,79,-0.3092746812580379,-0.7011264720050633,0.5724882354314005
93,79,-0.2202774288110037,-0.6551870566395928,0.5824274116487965
94,79,-0.13216994757879813,-0.6032722653140418,0.5870324472533174
95,79,-0.0452011565901728,-0.5449906391533881,0.5941169323676907
96,79,0.04040566922625679,-0.4799838769397451,0.5941345288553784
97,79,0.1242720890490564,-0.4078111252811492,0.5940575980173564
98,79,0.20610700519320238,-0.32849921990724845,0.5847694876729881
99,79,0.2855706447009193,-0.24250498647799645,0.5608782954581082
100,79,0.3622703112400082,-0.1510972606677579,0.5360615642827524
101,79,0.4357296418244188,-0.05627602712276895,0.49565885910984747
102,79,0.5056074915652093,0.039710147185523265,0.44713961490188975
103,79,0.5714997042236356,0.13385509547587338,0.3994736157873156
104,79,0.6331223845794958,0.2231635118931721,0.3538467522233833
105,79,0.6901846490055888,0.304888837945612,0.3142330611956839
106,79,0.7423807800351439,0.37660888663296804,0.2832861117943584
107,79,0.7897577241175976,0.43654770069597754,0.2663691721336373
108,79,0.8323132123936358,0.48356106562406426,0.24938107386677694
109,79,0.8702600545087463,0.5172032946538002,0.2554624458116144
110,79,0.9037485628281388,0.5379980253525484,0.2688464370929894
111,79,0.9332481366928841,0.5467266176057614,0.2953463842403439
112,79,0.9592667704893766,0.5450138431930603,0.31722480830205263
113,79,0.9823337645617608,0.5346257366392092,0.3506467440456247
114,79,1.0030432504181916,0.5177178034725223,0.39196776012532736
115,79,1.0219834577962772,0.49653572600560497,0.4244504446287213
116,79,1.0398348127575985,0.4732849363333252,0.4760794410247265
117,79,1.0571162958541014,0.4500551550053142,0.5025537641141742
118,79,1.0742407596259236,0.4286976118469395,0.5421305500237837
119,79,1.091847919832058,0.4105731325280846,0.5769368162243491
120,79,1.1100499011408407,0.39690130442532434,0.6015596912041639
1,80,-1.4124881614175409,2.3879993694698625,0.409923636592253
2,80,-1.3918687734709956,2.372861090250166,0.44160535182112304
3,80,-1.3695082696204355,2.3578763691864992,0.4536067844998859
4,80,-1.3453547713974428,2.342005070712097,0.4520948260458593
5,80,-1.3193149877086074,2.32382038208702,0.44571058224323656
6,80,-1.2911397474108248,2.3018316999761703,0.43385101242139257
7,80,-1.2605601902195411,2.274774581665579,0.41528771468285375
8,80,-1.227487303293188,2.241502003177067,0.4083581122602561
9,80,-1.191698375168155,2.201197952221302,0.39858598588958954
10,80,-1.1530678739090952,2.153543261194539,0.40193150054209126
11,80,-1.111392518148814,2.0986296398706474,0.4263566272811598
12,80,-1.0666415508155178,2.0370742441705305,0.431324690711
13,80,-1.0189523703457883,1.9696900927374679,0.4533556967349518
14,80,-0.9683880624785499,1.89748225365995,0.47715612172371685
15,80,-0.914993866163158,1.8219126242383628,0.504557734717195
16,80,-0.8591245731634857,1.7444416101075055,0.534197134051736
17,80,-0.8010306004966602,1.666477318262692,0.5603131770074947
18,80,-0.7410225476755812,1.5895744478981413,0.5884163151146203
19,80,-0.6795793375795719,1.5151307604173119,0.6156059248826994
20,80,-0.6169971480427233,1.4445772336405394,0.6339127339385278
21,80,-0.5538444405878472,1.379274516239318,0.6567103747071098
22,80,-0.49033020255948423,1.320389912621829,0.6709473014510181
23,80,-0.42703643663538593,1.2689817669665548,0.6904095665420743
24,80,-0.36429403590819404,1.2258684840572855,0.698149300576624
25,80,-0.302431342785037,1.1913753551305184,0.7026805821528445
26,80,-0.24172831128682007,1.1658463646975987,0.6959502167817408
27,80,-0.1825067853521496,1.1490296857904376,0.6831344003613684
28,80,-0.12494464210819924,1.1400068152821752,0.6635591712379021
29,80,-0.06932102276955454,1.1380320912387494,0.6402734643403446
30,80,-0.01583869114996252,1.141624192469156,0.6193741622544614
31,80,0.0352649709875188,1.1492092548314579,0.5913371255982082
32,80,0.08373507799205411,1.1592123206052067,0.5599447414616405
33,80,0.12938552020323188,1.1702078370573463,0.541816761383119
34,80,0.1719191901506265,1.1807165439349088,0.521082408249273
35,80,0.21110485593958894,1.189533055412819,0.49925532325432065
36,80,0.24659480658311023,1.1959533729556762,0.4883730376192573
37,80,0.27797490492229554,1.1994312968988285,0.4874549577978579
38,80,0.3048045874595049,1.1998953555271903,0.47829409613053464
39,80,0.32662969240677736,1.1974054551907587,0.4733405868343031
40,80,0.34295526670704524,1.1921419145537149,0.48398605240877035
41,80,0.3533481941972283,1.184370872917083,0.4818019235911983
42,80,0.35734177194362793,1.1741891262877129,0.4799636840614482
43,80,0.35429227343005676,1.1618025636193239,0.4884130188530438
44,80,0.3440090467017082,1.147444961521043,0.4889328388043752
45,80,0.3261114958625482,1.1309859007600649,0.4909527057645641
46,80,0.3002211414628934,1.112498695101604,0.5010898949739411
47,80,0.2662008679858618,1.0920548696730108,0.5012072612866373
48,80,0.22397450900333762,1.0697994759706217,0.5044646578126988
49,80,0.17357677412916217,1.0462109930893138,0.5107805561895664
50,80,0.11523520035477207,1.0218563664455556,0.5120670684464551
51,80,0.04913505940045311,0.9974366825371408,0.5242142578575165
52,80,-0.024122900355595753,0.9735682777706113,0.5240613290065883
53,80,-0.10417728038805377,0.9507094444608958,0.5254308866324121
54,80,-0.19031605458921996,0.929273460216309,0.518763528922535
55,80,-0.28177086735952755,0.9093812107757547,0.4970966877675213
56,80,-0.37763411577044476,0.8904344184051052,0.4782278731993882
57,80,-0.4769143280928901,0.8716867797274851,0.44843903796190965
58,80,-0.5786400518962191,0.851870945149888,0.4240665276514035
59,80,-0.6816509062563326,0.8293478863179424,0.3939629187975248
60,80,-0.7848275587637783,0.8026574357356544,0.36588529323678953
61,80,-0.8868603469881988,0.7703391605360517,0.3385550840331171
62,80,-0.98665918956046,0.7314116343705463,0.3202431378682121
63,80,-1.0829005173153226,0.6851232737798303,0.3063559793813324
64,80,-1.1745256721191095,0.6313524983389783,0.30682415419305104
65,80,-1.2601945521198035,0.5705446433453877,0.3010961024341812
66,80,-1.3389911664424263,0.5036810477909668,0.307080584223566
67,80,-1.4097520381098005,0.4320339231861097,0.3146754011430984
68,80,-1.4715400005867167,0.3570117671858118,0.31231960164774253
69,80,-1.5236597482981593,0.27998776508461864,0.32030915848669095
70,80,-1.5653615404162506,0.20214333544263483,0.3191062989624577
71,80,-1.5961400681460634,0.12424253833038783,0.3212766644120978
72,80,-1.6156734684952812,0.04666915086468836,0.31063900926628163
73,80,-1.6238606156753328,-0.030487749365414905,0.3083286021592118
74,80,-1.6204792178747476,-0.10719431918481166,0.2978698364601957
75,80,-1.6060511705334153,-0.1837266195554199,0.30395281841278393
76,80,-1.5808128962035821,-0.2602359375807081,0.2999573892183706
77,80,-1.5454289708271345,-0.3362587917111737,0.313052805709516
78,80,-1.500601941225869,-0.4111591020388689,0.3285068792809159
79,80,-1.446985063716601,-0.48390004914039286,0.3561736147834967
80,80,-1.3856275503595712,-0.5529531853503824,0.3759299750305444
81,80,-1.3175648862122165,-0.616512547857801,0.41450584736073043
82,80,-1.243565143233895,-0.6729262488619177,0.44336878431081794
83,80,-1.164771403019267,-0.7205206247500874,0.47092735658992546
84,80,-1.0819116857559845,-0.7579918197168576,0.5032943738184221
85,80,-0.9959586358780558,-0.7845345265340525,0.5232025721190107
86,80,-0.9076823847196521,-0.800067978311645,0.5324411446007048
87,80,-0.8175067849251101,-0.8048948295489147,0.5466345652307785
88,80,-0.7263511506641549,-0.7996103452968776,0.5513175352292553
89,80,-0.634497927691237,-0.7853770302764788,0.5517015823834934
90,80,-0.5423660613379135,-0.7632067458655674,0.5608111442207289
91,80,-0.4501883619088098,-0.7338806431355659,0.5645083356221529
92,80,-0.358302886533172,-0.6981287291631117,0.5754923223236597
93,80,-0.266908142419894,-0.6559957691398152,0.589182857533266
94,80,-0.17623163770820632,-0.6073852433324791,0.5994251791830532
95,80,-0.08652688218745831,-0.5518406504231923,0.6045718873865253
96,80,0.0019756745064827843,-0.48903286890237574,0.614663086518969
97,80,0.08887039142883531,-0.4185900584449948,0.6097722367697274
98,80,0.17383722880112,-0.3406360321928358,0.5905089717657748
99,80,0.2564871233999264,-0.2557434830161044,0.5773135437455856
100,80,0.3363837863789673,-0.1652497289806513,0.5403065793515873
101,80,0.41298419533583536,-0.0712003265043971,0.5049019700729948
102,80,0.48589610199166366,0.024153152367862866,0.4594428728222633
103,80,0.5546601005206165,0.11782207243710956,0.41761448318177335
104,80,0.6189327823494858,0.20687343107154815,0.3697188911143031
105,80,0.678376966824341,0.28858770449701426,0.32991581977334317
106,80,0.7326496226621803,0.3605864040296312,0.2956469566070937
107,80,0.7817774991758029,0.42107728284696444,0.2714186195876939
108,80,0.8257350641545946,0.46886783728274517,0.26565486223034523
109,80,0.8647478593106684,0.50343676243369,0.25464231195484893
110,80,0.898975526522699,0.5251929742013296,0.2669839204372547
111,80,0.9289194448345857,0.534809168871659,0.294550081311648
112,80,0.9551168665296621,0.5338035798662049,0.3148976005727828
113,80,0.9781576521849114,0.523867353547968,0.34695087319061796
114,80,0.9986746510967499,0.507122243452914,0.3835582419609253
115,80,1.017314055827727,0.4858268269927664,0.4260094103725926
116,80,1.03481692429132,0.46224750654056784,0.4634453889874333
117,80,1.0517489086148892,0.4385560142453168,0.5012615634051415
118,80,1.0685721451356847,0.4167082997538133,0.5349909829830996
119,80,1.0859579835642381,0.3981721223927712,0.5733319212446301
120,80,1.1040373815253468,0.3842440492439572,0.6053096177680517
1,81,-1.4611901272644239,2.4050006757322113,0.420133245134303
2,81,-1.4402182523976226,2.3894565059638406,0.4646756220214148
3,81,-1.417161041227602,2.373712119129914,0.4725289812677628
4,81,-1.391978484542425,2.356821183017988,0.4767806442032909
5,81,-1.364593343659847,2.337465009880435,0.4655328749348131
6,81,-1.3347796036375517,2.31429145647032,0.455205740446955
7,81,-1.3022978467759128,2.2861777594659998,0.4465047892914945
8,81,-1.267088598777545,2.2521063929777694,0.43181334401687144
9,81,-1.2289665340107296,2.211361809267625,0.42805166916357273
10,81,-1.1878324236571205,2.16367852265091,0.4331218535483691
11,81,-1.1435324357301933,2.109165922841359,0.4450916785810671
12,81,-1.0960711253421307,2.0484053264129396,0.44947739078017895
13,81,-1.0456282017034504,1.982126568299971,0.4685856100251209
14,81,-0.9922867646134618,1.911212091544334,0.4834436609238161
15,81,-0.9361427293075638,1.8369690636303957,0.511692839044999
16,81,-0.8775839854443612,1.760690705303391,0.5407808995988365
17,81,-0.8168915750726266,1.6836050851707258,0.5581621857195763
18,81,-0.7543921725081154,1.6071032563130618,0.5873340512234684
19,81,-0.6905970478537717,1.532456388189529,0.609705411031503
20,81,-0.6258149591338863,1.4609907447557928,0.6347585073680136
21,81,-0.5606281203612629,1.3940319538147306,0.6606298335545688
22,81,-0.4952551119953078,1.3327617321853455,0.6831087955958
23,81,-0.43028315561259745,1.278316496629837,0.702961638039127
24,81,-0.3660489918411543,1.2316384868965835,0.7041624445218287
25,81,-0.30288274312542646,1.193226395023452,0.7186882295096678
26,81,-0.2410720426171267,1.163623970970674,0.7158164316012405
27,81,-0.18091666608403106,1.1427842481262684,0.7122820612462286
28,81,-0.12260277516064269,1.1299730832890034,0.695547901696827
29,81,-0.06640090048676733,1.1246092999071589,0.6780619516860064
30,81,-0.012506492839536785,1.1253248837225218,0.655260012451026
31,81,0.03886142058174815,1.1306117271132743,0.6266771519266359
32,81,0.08744138981504047,1.1389142336633924,0.6038700208406041
33,81,0.13307900818417523,1.148771668792894,0.5787065895222507
34,81,0.17547110448689085,1.1586448774721665,0.550593770709224
35,81,0.21440125907085616,1.1672522360480884,0.5298183050476718
36,81,0.24953644897377786,1.1738164959437003,0.5116186148051036
37,81,0.2804696629768011,1.1777298488643557,0.5024158435018792
38,81,0.30676739888935045,1.1788740672383502,0.5010728828530152
39,81,0.3279849679240102,1.1772723907926248,0.49238788268243633
40,81,0.3436224185998146,1.1730725357993417,0.49134558313707954
41,81,0.35324905960947495,1.166527214467043,0.4856320660467048
42,81,0.35639456330360786,1.1577006108329908,0.4901184972460444
43,81,0.3524113598579461,1.146768695284627,0.49236877309792954
44,81,0.3410880781491781,1.1339169747268096,0.4875774418812679
45,81,0.32203643771093926,1.1189597749066347,0.48819289611211875
46,81,0.2948475739551808,1.101920039137302,0.49259672255742765
47,81,0.25937549659744613,1.0828161508596685,0.4937267697447758
48,81,0.2155217774039675,1.0617614848656687,0.4975379586134769
49,81,0.16330551949820268,1.039219717750282,0.5059626294989513
50,81,0.10294736300245481,1.01577032380346,0.5091511964659834
51,81,0.034599652575304105,0.9921162313838062,0.5150214120046622
52,81,-0.04111991221230774,0.9688886750238016,0.516221034618921
53,81,-0.12385914698090347,0.9465620044177357,0.5072102122671356
54,81,-0.2128845636203284,0.9255493327672891,0.5042734478433981
55,81,-0.30741705287195903,0.9059153298310915,0.48668769387417726
56,81,-0.4065150603774353,0.8869834214966044,0.4649939472758228
57,81,-0.5091588966138823,0.8678936880130319,0.43886238199625516
58,81,-0.6143268494691237,0.8472643851790519,0.4032696415734564
59,81,-0.7208259539267433,0.82333477525122,0.3866319807912294
60,81,-0.8274831046745594,0.7945434575877317,0.35693523859825016
61,81,-0.9329349284223818,0.7593834668262494,0.3343135728221296
62,81,-1.0360476362132152,0.7168852011092932,0.32287465436305446
63,81,-1.1354531389626696,0.6663869738893504,0.318602546114934
64,81,-1.2300462833350354,0.6079369593514335,0.32281835993585045
65,81,-1.318449408535537,0.5422055877214448,0.326861582555332
66,81,-1.3997241688253907,0.4704357148143979,0.3362189385942833
67,81,-1.4726858517332628,0.39420019170089354,0.34850014030848714
68,81,-1.5363776195987044,0.3152000103077979,0.3657911505048136
69,81,-1.5901003317437494,0.2350855486853689,0.376213140139258
70,81,-1.6331028172948705,0.1552535639048102,0.36814177777720297
71,81,-1.664883958784007,0.07665855108115668,0.3657950926356338
72,81,-1.6851358168688653,-0.0002241178024910885,0.3654221911359925
73,81,-1.6937615213868404,-0.07525868367963448,0.36595485232467867
74,81,-1.6905744139042114,-0.14844403546321308,0.3540965911553548
75,81,-1.6761020150671613,-0.22016101985320347,0.34903236784194
76,81,-1.6506107672477857,-0.29073530280332405,0.3453944630107025
77,81,-1.6147839427601625,-0.35994509017821286,0.34220860802011166
78,81,-1.5693583866871859,-0.4274576239401095,0.3545320595862994
79,81,-1.51500605136929,-0.49257267742021654,0.3683216499263668
80,81,-1.4527823038823826,-0.5541545837385576,0.38995475135874286
81,81,-1.3837532196715674,-0.6107612235754887,0.4035943521105448
82,81,-1.308699382941577,-0.6611065392451101,0.43717083665474665
83,81,-1.2287767555779032,-0.7038019684898293,0.46205083677973235
84,81,-1.1446952514771178,-0.7377629240038573,0.4805419527255008
85,81,-1.0574476612891475,-0.7622979506777187,0.4971957384279008
86,81,-0.9677917484662166,-0.7773128987799931,0.5136502181182306
87,81,-0.8761444648044932,-0.7829958197267961,0.5280091134677881
88,81,-0.7834032401084281,-0.7797272587199128,0.5348723889935195
89,81,-0.6898408799003931,-0.7683783172566857,0.5433939554194471
90,81,-0.5958611574454912,-0.7496484478858539,0.5589243131264608
91,81,-0.5016690451173605,-0.7239930529054615,0.5667728931537699
92,81,-0.4076054981703636,-0.6918684033581649,0.5800230235212926
93,81,-0.3138498475732674,-0.6531165681035922,0.6001008541535947
94,81,-0.22063427153094567,-0.6075207003542672,0.6111852488804657
95,81,-0.12822145689052145,-0.554584535286679,0.6197268145000496
96,81,-0.03685425084440918,-0.4940312050565486,0.6187963602152955
97,81,0.053028427982565976,-0.42557900284743366,0.6217022208340498
98,81,0.14107411578552284,-0.3494640418988796,0.6048636729305008
99,81,0.22684067523212423,-0.26637357737927403,0.5876936250318147
100,81,0.30984508827181995,-0.1776989590040513,0.5613766607346538
101,81,0.3894766436250295,-0.08550058225042587,0.5166409437586036
102,81,0.4652909681866961,0.00801383244302571,0.46874405074703973
103,81,0.5367734684806903,0.0999338493629217,0.42518876299727815
104,81,0.6035224867535113,0.18745456402453345,0.38173607807376125
105,81,0.665157228082933,0.26795211473664843,0.3340853109644974
106,81,0.7213001140260336,0.3391553225522196,0.30680591428598764
107,81,0.7719603698589489,0.3993089188647188,0.28674549435335034
108,81,0.817092537974114,0.44720961344629856,0.26862946290479167
109,81,0.8569393996760077,0.48228268099689287,0.27548557862662043
110,81,0.8916741065408784,0.5048248733218411,0.27229656036519184
111,81,0.9218339994084609,0.5153863637134041,0.29302943036505963
112,81,0.9479895255266779,0.5153497987083585,0.3169899532023428
113,81,0.9707953654863599,0.5062908759505791,0.3478264720553324
114,81,0.9909278180868563,0.49024813898118785,0.384675258916293
115,81,1.009094000630433,0.46943846454381644,0.419713688077005
116,81,1.026099389237746,0.44613473604359283,0.4571578438245393
117,81,1.0425588103308046,0.4225378906914701,0.49369656027398173
118,81,1.0589868054264615,0.4006609845929848,0.5318107589318452
119,81,1.076087433799508,0.3820422192729229,0.564200271375669
120,81,1.0940116267142694,0.3680275071557767,0.5978256093924134
1,82,-1.50829668180904,2.4216028226338246,0.4366852483845331
2,82,-1.4869802215585237,2.405458295244554,0.4750401304317571
3,82,-1.4632429200412618,2.3885862480516264,0.4935804068601614
4,82,-1.4370583479275147,2.3701741272928425,0.4965938049091537
5,82,-1.4083679228652415,2.349062637922098,0.4907897270978181
6,82,-1.376973157111506,2.324096737935579,0.4785816606763893
7,82,-1.3426671964510806,2.294349074276885,0.4712513219911806
8,82,-1.305423033046849,2.258981041429175,0.4662333500652383
9,82,-1.2650965135795176,2.2174112812374047,0.45556747909370443
10,82,-1.2216170731170848,2.1694467653875997,0.45823594076714197
11,82,-1.1748812257386314,2.115218109159453,0.46335755134209733
12,82,-1.12492891026341,2.0552627064529347,0.47923612030821094
13,82,-1.0719793702436606,1.9902085457639038,0.49345462645075416
14,82,-1.0161334575433592,1.920793791026592,0.5056436979753415
15,82,-0.9575336607604779,1.848147670756515,0.5264581057940436
16,82,-0.8965947387451207,1.7733762221405776,0.5444285438686279
17,82,-0.8336220861215208,1.6975138097586284,0.5686635676176268
18,82,-0.7689524243170199,1.6217771242188523,0.5940556127347056
19,82,-0.703120787883692,1.547305497403192,0.6215479146991032
20,82,-0.6364423399059124,1.4753153659574905,0.6435576108245541
21,82,-0.5695061865824913,1.4070895741278024,0.6717269264363377
22,82,-0.5025361720225946,1.343812810068068,0.688670914151194
23,82,-0.43612066084477447,1.2866826153623354,0.7034061038774025
24,82,-0.37060070291640224,1.2367422636736494,0.7226917069714712
25,82,-0.3063079056240168,1.1946396039356555,0.7291258235025649
26,82,-0.24353966329658502,1.1610917937224705,0.7333804712822489
27,82,-0.18257693252793597,1.1362350974135251,0.7312897692701961
28,82,-0.12362092029864201,1.11950824692936,0.729941212355257
29,82,-0.06693890702532915,1.1104932736858153,0.7065695241603326
30,82,-0.01272734667869369,1.1079471566941719,0.6841526897658826
31,82,0.03880545726869638,1.1104507428852275,0.6548733772735796
32,82,0.08738363341775908,1.1165017505233492,0.62965947690146
33,82,0.13287652157547802,1.1246426337128534,0.6110722516770867
34,82,0.17496880613625931,1.1333166290372956,0.5848636983489707
35,82,0.21345288588529815,1.1412003484832831,0.568185737921395
36,82,0.24800767177844166,1.1474741057259485,0.5503672261453677
37,82,0.278233469746783,1.1514869619933605,0.530894639239903
38,82,0.3037050390734197,1.1530853887104577,0.51753138160208
39,82,0.323992050257303,1.1522573790476933,0.51551718968771
40,82,0.33859605956966154,1.1491144572796401,0.5043522441247744
41,82,0.3470979378917299,1.1438867346053858,0.5087982104572116
42,82,0.3490353492472872,1.1365949013894494,0.497252439652935
43,82,0.3437698254717521,1.1273737123113972,0.4980573610540308
44,82,0.3310829935581551,1.116346566174386,0.49092444345888453
45,82,0.31059301950522383,1.1032622116396862,0.4894730580531952
46,82,0.2818757955810488,1.0880772735257607,0.4903580976109618
47,82,0.24478986020557034,1.070740866206504,0.49216600088307483
48,82,0.19922706235613527,1.0513163537480046,0.4978167757775184
49,82,0.14520098676688228,1.0302354644610139,0.5008839532775817
50,82,0.0829329935919628,1.008070141356197,0.4998158451257368
51,82,0.01254829115976556,0.9855054975310754,0.5034520906658575
52,82,-0.0653170382304723,0.9631752500575069,0.5018229632066874
53,82,-0.15032043086497288,0.9415599685569176,0.4920979398249228
54,82,-0.24171094356695702,0.9210693780870681,0.4906476019752358
55,82,-0.3387071646891436,0.9017162569617747,0.4685244566882948
56,82,-0.44034371985007315,0.8827579147252724,0.4548652764418225
57,82,-0.5455865287302244,0.8632401940914585,0.4289445369356377
58,82,-0.6533779329907445,0.8416898619529306,0.4024970320810953
59,82,-0.7625091741967959,0.8162520552566632,0.3759574830333037
60,82,-0.8717715793031056,0.785287421126056,0.3506114954770358
61,82,-0.9797662609260502,0.7472603740828411,0.3351488767473505
62,82,-1.0853331483118545,0.7012237884821857,0.3269836432976218
63,82,-1.1870770470467444,0.6466021945327576,0.3296859765912369
64,82,-1.28386185892296,0.5835980701310577,0.33321130752003403
65,82,-1.374286437734229,0.513079950795351,0.3485862857035791
66,82,-1.4574008904652658,0.436513437113971,0.3661166052073255
67,82,-1.5320100683592093,0.35573069932152024,0.383455875946913
68,82,-1.5971422413851535,0.27268524094520324,0.4014251251093974
69,82,-1.6521000341940513,0.18927539697443396,0.42300292256246064
70,82,-1.6961311079430965,0.10709592017649568,0.43089863139725443
71,82,-1.728737817678342,0.027296292635415602,0.4297521907140974
72,82,-1.7496218954953886,-0.049532970524544154,0.42590457412603205
73,82,-1.7586856405962192,-0.12316642641055878,0.41953338802308426
74,82,-1.7557707275845569,-0.19358127366487005,0.4135251729722198
75,82,-1.7414006691802313,-0.2611997542783782,0.39680130485226817
76,82,-1.7158624767755128,-0.32645884840915657,0.3932899701189849
77,82,-1.6798461109993235,-0.38932365235006744,0.38469366624104046
78,82,-1.6341118403517894,-0.4497243864079032,0.3877256866159406
79,82,-1.5793392271898365,-0.5072723966298095,0.3958495927122402
80,82,-1.5165780479772448,-0.561220288932133,0.40327210206879033
81,82,-1.4469138581631638,-0.6105023687621572,0.4176127866465223
82,82,-1.371131860411163,-0.6542215585055646,0.4348177176681156
83,82,-1.290391168985579,-0.6913097318796959,0.44502772693952314
84,82,-1.2053782089973388,-0.7209385082626083,0.46886726988639793
85,82,-1.1170997833843617,-0.7425696949445136,0.4828129728652361
86,82,-1.0262981391210428,-0.7561298140401258,0.4959962497350867
87,82,-0.9333814129746671,-0.7617239763599417,0.5108058361684582
88,82,-0.8392250398636439,-0.7595448138768954,0.5214149524102132
89,82,-0.7440939830947101,-0.7501933064163864,0.5369283153518535
90,82,-0.6483797686086944,-0.7340769562256088,0.5490974153126211
91,82,-0.5522648193439703,-0.7113460512485276,0.5601621057224889
92,82,-0.4560977782660895,-0.6822037122022026,0.586399810176053
93,82,-0.3600446954741388,-0.6463118823075149,0.596500019927457
94,82,-0.2643502670487446,-0.6033577541466912,0.6107864470078773
95,82,-0.16929147099099529,-0.5528318147603033,0.6233638167013734
96,82,-0.07512942830616452,-0.4945301816474423,0.62791942782299
97,82,0.017657265514390973,-0.4282790069492603,0.624447252996971
98,82,0.10867998552206719,-0.354438609788187,0.6199916652766916
99,82,0.19743973042169308,-0.2738062991370982,0.5948611752850146
100,82,0.2834037762477491,-0.18781302498015462,0.560482462751645
101,82,0.36589302902377957,-0.09850481447296316,0.5237217128505189
102,82,0.44441051137575416,-0.008002613511010458,0.4816333143212826
103,82,0.5183871528461802,0.08091663098391152,0.43938911185206514
104,82,0.5873651101913294,0.16563521185533606,0.39635806883973496
105,82,0.6509236005838851,0.24368829983377555,0.3557680941120024
106,82,0.708654286428874,0.31297104224778094,0.32471011231662056
107,82,0.7605524672617319,0.3718171911648941,0.2998922631391093
108,82,0.8065573070959273,0.4190515865804662,0.28176001278336454
109,82,0.8469339855239268,0.45407254731250485,0.28502196489740267
110,82,0.8818744599569462,0.4770743411034302,0.28137563746380095
111,82,0.9119567236828657,0.488479141664926,0.29592536454618534
112,82,0.9377891684016304,0.48951410066522644,0.31791180501012534
113,82,0.9600960995561661,0.48160758356634203,0.34844673110820296
114,82,0.9796026652224903,0.46667229377644753,0.384547834422156
115,82,0.9970803591332018,0.44683334616278614,0.4142450178170643
116,82,1.0134029668065907,0.4243177510462948,0.45097100499575704
117,82,1.029237446909917,0.4013027397123581,0.4890883194722899
118,82,1.0451540022780652,0.37980925409454214,0.5222391322032824
119,82,1.0618907287863892,0.36140676966615504,0.5550081241035661
120,82,1.0796196806929315,0.34746055819992655,0.5820118017153721
1,83,-1.5518766208144934,2.4395031649088206,0.44971698155126894
2,83,-1.5302432755439268,2.4225824132105194,0.4800575078896881
3,83,-1.50588154907469,2.4042476718558725,0.49934317084958457
4,83,-1.478779633603138,2.383852831527403,0.5106180707842523
5,83,-1.448899003393304,2.360440301377288,0.5071151882967926
6,83,-1.4160714775554915,2.333100846296539,0.4973481624591129
7,83,-1.3801240232572243,2.301146955955882,0.49389033981984914
8,83,-1.3410629863496206,2.263961037611041,0.48954917201327364
9,83,-1.2987869161342447,2.2211258592869525,0.49472635435187745
10,83,-1.2532541122131153,2.1725396641536543,0.49276770944837844
11,83,-1.2044098575846944,2.118360944791958,0.49498965200249867
12,83,-1.152327177515279,2.0590815794410244,0.5028358210169831
13,83,-1.097259863546058,1.9952175283758025,0.5139175298448777
14,83,-1.0393222548683907,1.9273507783218256,0.5257852999214151
15,83,-0.978697225033215,1.8564199629537053,0.5370836597604208
16,83,-0.9158183592452344,1.7833334186213352,0.5669172014081034
17,83,-0.8510075321070166,1.7089270684790148,0.5823164411948688
18,83,-0.7846044878171173,1.6342396195245736,0.6011545749098469
19,83,-0.717158132004995,1.5602784039213289,0.6269390074011499
20,83,-0.6489829771576324,1.4881491476795718,0.6444484426868154
21,83,-0.5806676750203179,1.4190850113479854,0.6720092864879665
22,83,-0.5124365162804824,1.3542615979063581,0.6934015958019621
23,83,-0.4448746637502365,1.2949169496448247,0.7143128365532593
24,83,-0.37832567258507616,1.242166582975035,0.7316433347910118
25,83,-0.31312232560919206,1.1967749224983992,0.7455025894837809
26,83,-0.24957364778836322,1.1595955593762362,0.7482216283981606
27,83,-0.18794547005394435,1.1309139437246662,0.7558586310319928
28,83,-0.12846067931715666,1.1103184287726997,0.7479095163711328
29,83,-0.07138890594355528,1.0975404413441685,0.7327906731918175
30,83,-0.016936164613185763,1.0914632777454125,0.7201326586164694
31,83,0.03469186814436866,1.0907712791691175,0.6936207572692287
32,83,0.08319691136583594,1.0940444123777118,0.6641769888233138
33,83,0.12846315055010338,1.0998648818347232,0.6414076054260789
34,83,0.17015678449881047,1.1067013984910898,0.6234552385284032
35,83,0.20807222693670901,1.1132274753617264,0.5996935579442969
36,83,0.24189660278500963,1.118617157800587,0.5781728253183829
37,83,0.27123671640076186,1.1222021225440906,0.5658992285363226
38,83,0.2956756240863715,1.1238130572124054,0.5454154114339266
39,83,0.3148010321420749,1.123412252747331,0.5408538900282067
40,83,0.3281210718949406,1.121079227679003,0.5278744677556533
41,83,0.33523596736755795,1.1170199059442536,0.527663018932005
42,83,0.33570154695378185,1.1112076083255695,0.5190429380179586
43,83,0.3288998642312882,1.1037306983084103,0.5097943725896454
44,83,0.3146179698605404,1.0946420587289103,0.5015526102493344
45,83,0.29249318509081174,1.083619206779538,0.5023675924954556
46,83,0.2621004209893314,1.0705397740867377,0.4910123751814608
47,83,0.22331483877688987,1.0552701106383684,0.4849131950633114
48,83,0.17603038969893609,1.0378061174929656,0.4917926324967652
49,83,0.12026462832849788,1.0185298883211884,0.4922575916137102
50,83,0.056246676692404275,0.9979843532257084,0.4986588240875424
51,83,-0.015919371339395645,0.9768153499026506,0.4897569454136897
52,83,-0.09557811646502322,0.9556441641323518,0.4938561072537551
53,83,-0.1823963704760522,0.9349456230368514,0.49461122267426066
54,83,-0.27560974618670786,0.9151214304246756,0.48022582424614313
55,83,-0.37444228402252466,0.8961374194117867,0.46807338630213147
56,83,-0.4779144227059531,0.8771985936130766,0.4457184335628467
57,83,-0.5849905036888371,0.857279979336575,0.42307910126642223
58,83,-0.6945906800363947,0.8348439375223331,0.3900983507305417
59,83,-0.8055061089643771,0.8079736498404776,0.36345539250555137
60,83,-0.9165099835036806,0.7749797698033662,0.34231894943769253
61,83,-1.0261851369947126,0.7343182527088169,0.3358953566496395
62,83,-1.1333619383993363,0.6850746894315938,0.32613926729653864
63,83,-1.2366344984254554,0.6267525818368521,0.33233125182170126
64,83,-1.3348507158673044,0.5596853615319701,0.34989024985841405
65,83,-1.4265994401670077,0.4849011593344374,0.36681231984193857
66,83,-1.5109292180401659,0.4040357047421351,0.389298599471633
67,83,-1.5866449545303323,0.31912274625814224,0.4197226709404686
68,83,-1.652764572122165,0.2323112303070207,0.4389823740990512
69,83,-1.7085977388867317,0.14570106470104247,0.45957383896395787
70,83,-1.7533912721691889,0.06105334575250807,0.4714106390568909
71,83,-1.7866502436415481,-0.020295850684356243,0.48043720409503876
72,83,-1.808082047406528,-0.09762566395014355,0.48280049972156225
73,83,-1.817583456304231,-0.170582946423984,0.47908489448430464
74,83,-1.81501730565645,-0.23906863327027886,0.4614533860210909
75,83,-1.800894162889911,-0.3034789871655675,0.4456009078703753
76,83,-1.7755123653356812,-0.3642902973766568,0.4367307817288903
77,83,-1.7395571234394853,-0.42158711826612677,0.43248037593521443
78,83,-1.6938014121186902,-0.47550548249589303,0.4273364294026494
79,83,-1.638921849514301,-0.5259246632344835,0.42491219060429936
80,83,-1.5759513024754785,-0.5724600178521447,0.4186172639787512
81,83,-1.5059838524594316,-0.6144150890104875,0.4283910118042056
82,83,-1.4298015768791372,-0.6512858683105784,0.4363849994647942
83,83,-1.3485571500186302,-0.682344566373437,0.446302768881793
84,83,-1.2629085787796506,-0.7070448939814263,0.4606314647672914
85,83,-1.1738702522703817,-0.7250350678998042,0.46710272192746444
86,83,-1.0821660686060597,-0.7362967140283505,0.48095720350964766
87,83,-0.988193546054233,-0.7408889671699346,0.4946407037117188
88,83,-0.892806223935638,-0.7388530959373422,0.5087888925288928
89,83,-0.7962631236700344,-0.7305541866426091,0.5257263117319443
90,83,-0.6989466695093947,-0.716141999220966,0.5459022837872577
91,83,-0.601022474910119,-0.6954961617700028,0.5623441144086848
92,83,-0.502851668585101,-0.6685984025219934,0.580158513923039
93,83,-0.40459346164221516,-0.6349610730491191,0.6035323439586007
94,83,-0.30651304381673267,-0.594203790854393,0.6175594676031677
95,83,-0.20890703814508085,-0.5458311984588711,0.6290076557824595
96,83,-0.11206094825472862,-0.4897303583848873,0.6298186331704705
97,83,-0.01649939324444254,-0.4258488768998566,0.6240327333811462
98,83,0.07734908123507739,-0.35467868133121533,0.6083935564757155
99,83,0.16892508213686983,-0.27711871130039006,0.5911868929320625
100,83,0.257643574309945,-0.1946243339348615,0.5646546950304739
101,83,0.34275682883046243,-0.10919904458818291,0.5259646814988638
102,83,0.42371542204280155,-0.02283816583607732,0.49021454334557
103,83,0.4998971497550294,0.06186414318502796,0.4483337819771637
104,83,0.5707908113832442,0.14252875457677988,0.4088000368890962
105,83,0.6359400535952191,0.2169065223636567,0.3701261550486228
106,83,0.69491046020873,0.28311146187344893,0.3439464472802859
107,83,0.7476876850530534,0.33961522918869785,0.3182817529942248
108,83,0.794201112080706,0.38530933021556196,0.2976876422906677
109,83,0.8347438478213669,0.4195942891462845,0.29231566864231295
110,83,0.869532784176519,0.44257747352051163,0.29583409591602733
111,83,0.8991917095088354,0.45455556140425407,0.30822128905055796
112,83,0.9243722088957996,0.45658950020608063,0.32154251186575145
113,83,0.9458733032097429,0.44993789615405794,0.3417346157998572
114,83,0.9644747585021461,0.4363534101176486,0.37503861377024134
115,83,0.9810161843413249,0.4178257768063689,0.4033010567515525
116,83,0.9964433652128182,0.3964883474697057,0.437211780356122
117,83,1.0114786320193707,0.37444425168636075,0.4695277998939187
118,83,1.026751077903275,0.3536740497194669,0.5074217361010596
119,83,1.0430342665588164,0.33573883079488726,0.5423744892084984
120,83,1.060522508182488,0.3219925295932252,0.5695607890368015
1,84,-1.5898123440924734,2.4600906961556652,0.44722048818678506
2,84,-1.5679103541232309,2.442264191113247,0.4831548852057651
3,84,-1.5430204274824355,2.42221840412757,0.5072009064536734
4,84,-1.5151455758271708,2.3994955873910992,0.5133914772898902
5,84,-1.4842673987966133,2.373368522384659,0.5201663569506377
6,84,-1.4502490713241503,2.3432071390529567,0.5199941011214796
7,84,-1.4129506153444633,2.308593201831502,0.5169863222946377
8,84,-1.3724103985121923,2.26915911040413,0.5074608272068561
9,84,-1.3285687309954193,2.224672953006191,0.5179081151652449
10,84,-1.2814106472147828,2.1751387600487573,0.5221281147576351
11,84,-1.2309260407545006,2.1207492606857503,0.5271911129973266
12,84,-1.177216331216553,2.061953238348619,0.5283864437094689
13,84,-1.1205625827902141,1.9991513916174786,0.5369763948060843
14,84,-1.0610865183776512,1.9327666396195837,0.5483360617606894
15,84,-0.9990031293986261,1.8635448580317355,0.5694593308473828
16,84,-0.9347552120695277,1.7921961089340108,0.5755763732957422
17,84,-0.8686719003451083,1.7193628679034698,0.5945966382509879
18,84,-0.8010881058457989,1.645910587666346,0.6108975657860468
19,84,-0.7325558134430471,1.5727209105759816,0.6325736703421594
20,84,-0.6633812590145727,1.500794214865593,0.6542977204372635
21,84,-0.5941450795511346,1.4313101573626619,0.672205843770597
22,84,-0.5250670007745799,1.3654251200570733,0.6971577415089162
23,84,-0.456724547637903,1.3043964301099538,0.7240465912205989
24,84,-0.3894619429216202,1.249380433260828,0.7462372259343287
25,84,-0.32361284575231974,1.2012206496013664,0.752425657011631
26,84,-0.2594995904045689,1.160862801178211,0.7672451397006138
27,84,-0.1973768483184289,1.1286978298611106,0.7693602283502116
28,84,-0.13749544397738653,1.1044304684829738,0.7740473023034721
29,84,-0.08013292302149962,1.0879159562355418,0.7559504949629126
30,84,-0.025513124004929374,1.078154354365037,0.7342841783272007
31,84,0.02615276138437499,1.0739379602948174,0.715262112377254
32,84,0.07453654629054104,1.0739505133154832,0.6951352220953151
33,84,0.11952805489376984,1.0768460181515858,0.6740941752714694
34,84,0.16076903778435359,1.0811595725387602,0.6530690405714529
35,84,0.19804895263306718,1.0856022030887673,0.631769263213242
36,84,0.23105907404548112,1.0893813898871583,0.6077433479335642
37,84,0.2594113794078646,1.0918434139915743,0.5968011409468575
38,84,0.28269656341718535,1.092830278256289,0.5808118878354122
39,84,0.30052314256737245,1.0922961142639378,0.5669079724811422
40,84,0.31240967580343487,1.090300460650065,0.5534688387124754
41,84,0.3179822529709496,1.087030908749338,0.5471055908792156
42,84,0.31682352840186345,1.0824161981332594,0.5296601412776875
43,84,0.3083457644825512,1.07649839039583,0.5190181930876359
44,84,0.2923522299103057,1.0692561458911092,0.5111373659846407
45,84,0.26851019639483764,1.0602933534524592,0.5056273563371345
46,84,0.23640632625403407,1.0493983998449843,0.5028782316204456
47,84,0.19594256040666128,1.0363431885882788,0.4917535168002522
48,84,0.14702531533940527,1.0210391511471841,0.4858520480247155
49,84,0.08968432836114675,1.0038004528403408,0.4921495276723787
50,84,0.024162105773353384,0.9851184665892128,0.48904851546239336
51,84,-0.04945277700156515,0.9655774284754165,0.4874379182308988
52,84,-0.13048589226007723,0.9457696843186777,0.48509657909367454
53,84,-0.2186131165358373,0.9261514706341273,0.48668240667103146
54,84,-0.3130611797321784,0.9071119001318058,0.4730162178989164
55,84,-0.4130669731607822,0.8885766594625089,0.4545977684974024
56,84,-0.5176462026344139,0.8697149139398199,0.43458529582958677
57,84,-0.6257736215231412,0.8494590805658977,0.40992117869626493
58,84,-0.7363604395052354,0.8262388386571892,0.3875359970138929
59,84,-0.8482123481593261,0.7981123354339035,0.3565758578969498
60,84,-0.9601009907726629,0.763373112610116,0.3397801274799768
61,84,-1.0706070399603604,0.7204915848292026,0.32929112653876735
62,84,-1.1785670699217845,0.6685966817014724,0.3262860189578121
63,84,-1.2825796867253771,0.6072619091465244,0.333289806510772
64,84,-1.3814908660116398,0.5369229383507406,0.350801500411099
65,84,-1.4738920417598351,0.4587207853062176,0.3802647495101154
66,84,-1.5588391848900558,0.37439893806868835,0.40421379824291415
67,84,-1.6351470544773226,0.2861224796215989,0.4342643799236928
68,84,-1.701827369319829,0.1961652164010212,0.4653878596458202
69,84,-1.7582015912269122,0.10676734085600623,0.4888885549990453
70,84,-1.8035157512745086,0.019811034568907045,0.5074056969937315
71,84,-1.8372766791043236,-0.06320370956603794,0.5216110944701734
72,84,-1.8591934366707203,-0.14142217664120346,0.5270028224860744
73,84,-1.8691527711391838,-0.2143354753254747,0.5144192805888639
74,84,-1.8670314008181124,-0.28171972322362,0.5152197895873457
75,84,-1.8533184941448178,-0.343880597825777,0.4941075312314298
76,84,-1.8283145277378403,-0.4012592996052835,0.4875292245125037
77,84,-1.7926889468460103,-0.45398544325949847,0.47236421221545555
78,84,-1.7472166854594906,-0.5023313124245837,0.4636280021506936
79,84,-1.6925613272768059,-0.5463848759750985,0.45044579197499074
80,84,-1.629727853822315,-0.5860790529774244,0.4435799758540055
81,84,-1.559807966145544,-0.621059515488794,0.44433686681115303
82,84,-1.4835730210141276,-0.6511992014784744,0.4417388882427601
83,84,-1.4021597626590523,-0.6761129448765065,0.44576077704027234
84,84,-1.3161933335231302,-0.6955486000237073,0.45647913702234305
85,84,-1.2266890183264023,-0.7093644308874899,0.46287800655593936
86,84,-1.1343498461110741,-0.717628624015529,0.47472484905396417
87,84,-1.0395610378324793,-0.7203932050443732,0.48490526409216395
88,84,-0.9431545612108515,-0.7175910177734587,0.5001977186756977
89,84,-0.8453854196618849,-0.7093957112682839,0.512505445650796
90,84,-0.746630253554736,-0.6957449200785366,0.5334537453556657
91,84,-0.6470439259797319,-0.6762941272915804,0.5568285098122244
92,84,-0.5470047381924349,-0.6508455565145508,0.5763427026120618
93,84,-0.4466717581249115,-0.6188002908742019,0.592973937358082
94,84,-0.3463385834231017,-0.5797429968108683,0.6097057049492985
95,84,-0.24632681651644922,-0.5332215620192757,0.6199740533781594
96,84,-0.1469524718592159,-0.4792303675434788,0.6232321053722314
97,84,-0.048792195429119195,-0.4178490822426273,0.6173544164465592
98,84,0.047681983304682846,-0.3497051502162597,0.5995353545998947
99,84,0.1418472105938423,-0.2757878155913408,0.5872070465539059
100,84,0.23306402505095303,-0.19756136716936995,0.5584125713142574
101,84,0.32051636645471193,-0.11695992808786798,0.5241512332601197
102,84,0.403603159211951,-0.03581846819507972,0.48736841523163715
103,84,0.48165097793254386,0.04349495046580899,0.4524731811275349
104,84,0.5540986863210413,0.11888354276414964,0.4139271953025054
105,84,0.6204593710403022,0.18836384424418487,0.38396624738037805
106,84,0.6802777729063658,0.2503144508961653,0.35546056291214495
107,84,0.7335345683036725,0.3033902907349468,0.3320517964191668
108,84,0.7801555376268733,0.3465869678790302,0.31543248908859195
109,84,0.8204671541276063,0.3793380477998295,0.31118602195235057
110,84,0.854717702372326,0.4016843348927609,0.30619218323089337
111,84,0.8835817737827246,0.41380655835401675,0.30770041799956316
112,84,0.9077594630980093,0.41659699775938575,0.32994911834315543
113,84,0.9281292497127305,0.41113091477932007,0.3487107101408912
114,84,0.9455311285444558,0.398975188917909,0.3697008318482402
115,84,0.9608763813051776,0.38194756489002485,0.396347033579725
116,84,0.9751858915450534,0.36204559449975193,0.43001881733590663
117,84,0.9892404767607699,0.34125203544879834,0.45543270013027226
118,84,1.0037309896125117,0.321461592479715,0.4919762408371482
119,84,1.019467725827119,0.3041884992686278,0.5290439833029756
120,84,1.0366682273618961,0.2907453228147809,0.5525812158664847
1,85,-1.6205102603776875,2.4834869025831297,0.42672588283585844
2,85,-1.5984041525059516,2.464688533667699,0.4656093530502488
3,85,-1.5731143729007249,2.4428030718665616,0.4954426560241705
4,85,-1.5446582754291718,2.417570253527195,0.517777493463294
5,85,-1.513036516190688,2.3885055581427395,0.5231095698134262
6,85,-1.4781431034731207,2.3552728501767364,0.526189788556947
7,85,-1.4398687166872963,2.317734645133191,0.5357123316297779
8,85,-1.3982805520275825,2.275786015435892,0.5350886324344579
9,85,-1.3533576538826202,2.229390446749712,0.5388049722068394
10,85,-1.3051077846825725,2.1786658754820403,0.5401279277687787
11,85,-1.2535591522748397,2.1238438905125467,0.5569597829841167
12,85,-1.1988349813793238,2.065335395632185,0.5539243141743551
13,85,-1.1412345941212758,2.003428670789506,0.5651032223665319
14,85,-1.0808795225557633,1.938392897000719,0.5741827092669185
15,85,-1.018007104184147,1.8707885630652763,0.5865803461403551
16,85,-0.9530585511794041,1.8011359558155968,0.5923390542114453
17,85,-0.8863600133580872,1.7298976829491644,0.6035460435515883
18,85,-0.8182331904583995,1.6577780456454323,0.6242354957263196
19,85,-0.7492217390708761,1.5855448189316241,0.6413087821567559
20,85,-0.6796155525539638,1.5141042528399997,0.6532645892534127
21,85,-0.6099796274251887,1.4445820817223873,0.6766334214012157
22,85,-0.5405239294440828,1.3781085428004112,0.709743421869845
23,85,-0.47181375756012667,1.3159408206865355,0.7319237461323933
24,85,-0.40419196050788936,1.259245515953165,0.7441163283588667
25,85,-0.33799268615125866,1.2089070859998827,0.7653298031133613
26,85,-0.2735527788564719,1.165916480083265,0.7776989780911082
27,85,-0.21111979059200683,1.1307215336339131,0.7843360537954346
28,85,-0.1509780426094675,1.1031040985177665,0.7751413455355443
29,85,-0.0934183214294661,1.0830088406037903,0.7680963790610007
30,85,-0.03869002082985366,1.0695336239178677,0.7584029091449871
31,85,0.012982219167808924,1.061573142437262,0.741933917309846
32,85,0.061233378466188544,1.0579275224961875,0.7235231845715883
33,85,0.1059496408197149,1.0573476144541036,0.6940072985973517
34,85,0.14674266827342453,1.058470181529182,0.6789431203246359
35,85,0.18338987184257585,1.0600829346606322,0.6565111537634659
36,85,0.21558218007760657,1.0614666697593655,0.6340333017610005
37,85,0.2429347109224911,1.0620177770659285,0.6206466205500442
38,85,0.2650442800634055,1.0616220049970604,0.6033990037100977
39,85,0.2815417458365589,1.0602494747992977,0.5920513188070968
40,85,0.2919584931046554,1.0579586126613747,0.5802384799928774
41,85,0.29595136573258873,1.0549315628354756,0.5656059980237131
42,85,0.2931365628945889,1.0510618354772387,0.5545733329766995
43,85,0.28296413744062215,1.0463505283374865,0.5449708201900149
44,85,0.2652623540340857,1.0407033412126585,0.5273385938858524
45,85,0.23973704823343514,1.0336514008716213,0.51947902954048
46,85,0.20599750664740446,1.024886411535516,0.5054387178067049
47,85,0.16398039699512548,1.014076174040185,0.49762324863631185
48,85,0.11361329740555544,1.001031467536351,0.4986089064695021
49,85,0.054944914412153545,0.9859796078015288,0.48993974642212773
50,85,-0.0117646144764643,0.9693370479340283,0.4886954672225958
51,85,-0.08643716412409731,0.9516032785760514,0.4953500947093509
52,85,-0.1683805502100032,0.9333235258946049,0.4830017753736298
53,85,-0.25727919224635803,0.9149215617034409,0.4799128043878774
54,85,-0.352355743765789,0.8967691111409263,0.46623198751753714
55,85,-0.45286661988505594,0.878759767372863,0.4462439357908252
56,85,-0.5578316278952049,0.8600453099660124,0.4312744278667913
57,85,-0.6662465445604273,0.8395473995886854,0.40453994533824683
58,85,-0.7770258661822171,0.8156981884663577,0.37786650010061784
59,85,-0.8890026914846163,0.7865710743928747,0.35735701332497094
60,85,-1.0009621735789325,0.7504789399006779,0.33625315397545813
61,85,-1.111497156647095,0.705931546728694,0.3221839974394066
62,85,-1.2194645772860448,0.6521118239795896,0.3274495616950556
63,85,-1.323480841635219,0.5886534247990213,0.3358750242627364
64,85,-1.4224026430171066,0.5160622342316001,0.35602998888015974
65,85,-1.5148351508983071,0.4355405496996195,0.3822942329282653
66,85,-1.5998492589339026,0.3488719003661175,0.4166788758373317
67,85,-1.6762783625462987,0.25827521713179225,0.45079676649881006
68,85,-1.7431314727843104,0.16607045947418514,0.48801170460301657
69,85,-1.7997458485058575,0.07456693565828297,0.509929005503766
70,85,-1.845366704085578,-0.014286869548450673,0.5356580097455645
71,85,-1.87950151789319,-0.09886156061225457,0.5474936808712678
72,85,-1.9018574134473596,-0.17817590699961652,0.5527897343506386
73,85,-1.9123071787432429,-0.2515483010704712,0.55569830808142
74,85,-1.9107346103880756,-0.3185900684035908,0.5463069404501488
75,85,-1.8976001070864785,-0.3794583400415463,0.5355408118957892
76,85,-1.8731978289056799,-0.4344872190090614,0.5178217873248133
77,85,-1.8381716203553637,-0.48377521110590244,0.5010410350868412
78,85,-1.7932883935704595,-0.5276539198770807,0.492800916409901
79,85,-1.7391897060792003,-0.5663496950854895,0.47234331685193287
80,85,-1.6768427652541569,-0.600052192515554,0.4699035211982509
81,85,-1.6073266621976658,-0.6287051177384081,0.46099150869098077
82,85,-1.531395023294927,-0.6525243401761994,0.45560617629332234
83,85,-1.450159744104374,-0.6714532019471855,0.4452903164341035
84,85,-1.3642093207672246,-0.685532285093071,0.45175738411825456
85,85,-1.2745531610453853,-0.6948435986309407,0.45242016213439384
86,85,-1.181871205587962,-0.6995692218715395,0.4618028096858724
87,85,-1.086534774999344,-0.699792867120682,0.473204732713522
88,85,-0.9893544627271115,-0.6953860179623744,0.49132852281808537
89,85,-0.8905829703686623,-0.6863830323585477,0.506587302557705
90,85,-0.7905941695057439,-0.6725638597662473,0.5177695642154863
91,85,-0.689538123891221,-0.6534158786761619,0.5466305580921058
92,85,-0.5878143967581684,-0.628611714357611,0.5673039683629775
93,85,-0.48558843408170355,-0.5974855329261571,0.586150242022764
94,85,-0.383189528863025,-0.5596225523976958,0.6011219445762602
95,85,-0.28096916264134375,-0.5146436952805632,0.6079774710706057
96,85,-0.17927961639676737,-0.46266497228583603,0.6120264154517939
97,85,-0.07875485903855416,-0.40390536086780826,0.6032396366614756
98,85,0.020086460157540672,-0.33912791163518763,0.5863845795945801
99,85,0.11655557467344378,-0.26939797709157154,0.574239092948955
100,85,0.20995715643969534,-0.19617286746052826,0.5489852966189129
101,85,0.2994076779891628,-0.12129190814037678,0.5226841401648784
102,85,0.38425584988936723,-0.046399406766788304,0.4884434186691786
103,85,0.4637794686688305,0.026399533773247382,0.45619597125630235
104,85,0.5373713483307144,0.09532603153258443,0.4329062281642092
105,85,0.6045194212350647,0.15870477278000628,0.39598230637060555
106,85,0.6647532523822086,0.21521670168845794,0.3694148883138288
107,85,0.7180533574055924,0.263740457620708,0.3495339944532115
108,85,0.764348484526474,0.30341066808079536,0.33528774209168705
109,85,0.8040035725764927,0.33372493545183685,0.3284398074025236
110,85,0.8373049152186423,0.3546811185169564,0.32166709132007876
111,85,0.8649825938697466,0.3663595653737282,0.32595708364111575
112,85,0.8877903488645478,0.36948889467242363,0.3368458360283671
113,85,0.9066904271257605,0.36495602152703494,0.35259780029639576
114,85,0.9225882633710889,0.35412532910988587,0.3627299683088042
115,85,0.936470112807419,0.33861426051824056,0.39259154623348275
116,85,0.9494342751969983,0.3202499597681955,0.4167112785647349
117,85,0.9623229584092673,0.30085499760218837,0.44887669533900276
118,85,0.9758912160458667,0.28219795906737416,0.4736402130203985
119,85,0.9909871067742175,0.26571127732074834,0.5052685924772065
120,85,1.0078522383145772,0.2526385372345389,0.5287064142814479
1,86,-1.6425630913744245,2.509255691539931,0.40900752597621354
2,86,-1.6203356641886244,2.489497961191974,0.44517533703598966
3,86,-1.5948104049921008,2.465793809544386,0.481350858229923
4,86,-1.5660176811991642,2.438075814456206,0.49903372836974835
5,86,-1.5339747256716594,2.4060963955840484,0.5139509196128231
6,86,-1.4986039711025765,2.3698076165375683,0.5294772905833459
7,86,-1.4598223105676635,2.329344066533495,0.5349593130788836
8,86,-1.4177203180528575,2.2848572989574443,0.5402694190527446
9,86,-1.3723101971974454,2.2365026344951056,0.5496754128422473
10,86,-1.323616057448529,2.1845108235818524,0.5578978035796869
11,86,-1.271695616946362,2.129152604763324,0.5663611655153676
12,86,-1.216684935443354,2.070806293404011,0.5703485679188899
13,86,-1.1588905295653253,2.009654337399021,0.583384095559078
14,86,-1.0984244115691688,1.9458235060061118,0.587936213354028
15,86,-1.0355348070391954,1.8797037843659012,0.597115251085996
16,86,-0.9706492433379591,1.8116417681409045,0.6096622008553517
17,86,-0.9040796813541437,1.7419409451093084,0.613373144664886
18,86,-0.8361257402853443,1.67116323214238,0.6253422903768687
19,86,-0.7673109456589612,1.5999794554868503,0.6432494112202621
20,86,-0.6979006667208402,1.529219020902797,0.6617300444752049
21,86,-0.6284368745719966,1.4599577467314522,0.6791227793599223
22,86,-0.5591148080384373,1.3932978541245484,0.7042152032805973
23,86,-0.490483285732613,1.3304813685476247,0.728045702037518
24,86,-0.4228819944386841,1.272659096962889,0.7460852143790178
25,86,-0.3566455108848782,1.220721920370464,0.7626686253613245
26,86,-0.2921263063206812,1.175661270972711,0.7741213934926513
27,86,-0.2295692644146422,1.1379332509124553,0.7826708355827396
28,86,-0.16929736787759866,1.1073555312617027,0.7794004565788115
29,86,-0.11161989984207633,1.0839224975063972,0.7701309923318045
30,86,-0.056819066665235944,1.066803374683142,0.7576846503321708
31,86,-0.005140687174671215,1.0549804906357603,0.7485808991044369
32,86,0.04300713618633337,1.047373103755073,0.7303977652813183
33,86,0.08749779159549344,1.0428448646217037,0.7105225084194549
34,86,0.12790780052570874,1.040160954603991,0.6901433432017426
35,86,0.16399570439939337,1.0382202230188342,0.676045685086736
36,86,0.19544748130506262,1.0364136755042914,0.6517925398426904
37,86,0.22187902853064914,1.0342240663810702,0.6425032727150745
38,86,0.2428912936114625,1.0316163226274384,0.623750123720367
39,86,0.25813803071314584,1.028605829561457,0.6155496276342354
40,86,0.26716472689762055,1.0252746957553993,0.5993298601511527
41,86,0.26966238154318256,1.021819039357436,0.5877707750866455
42,86,0.26528566075849547,1.0181128861272744,0.5793211702809629
43,86,0.2535279686882141,1.0141269779891218,0.5611267664937956
44,86,0.2342491681537015,1.0097002188256852,0.5505883235352863
45,86,0.2071999839865037,1.0042946983688923,0.5401378250983161
46,86,0.1720209438435769,0.9975007050074298,0.5205298527164506
47,86,0.12868896794968968,0.9888737452762241,0.507862986632724
48,86,0.07715939357417725,0.9781080025297151,0.4999626765111169
49,86,0.01750484933531199,0.9653238727882006,0.49249027331372086
50,86,-0.04999447836778971,0.9508380025615488,0.491013920771369
51,86,-0.12526677603290387,0.9350407338378889,0.49152657054466425
52,86,-0.20760470020334695,0.9184097236293063,0.4901838173905538
53,86,-0.2967009338614832,0.9013210366802016,0.47905059825497676
54,86,-0.3917792785336282,0.8841237599011056,0.46778061668638377
55,86,-0.4921218104533849,0.8666882661370219,0.44812512096482554
56,86,-0.5967607138278428,0.8481689623309212,0.4206130931766045
57,86,-0.7047220324885941,0.8275115307364618,0.40523911037708094
58,86,-0.8149346228981457,0.8031885138333907,0.3759287984194132
59,86,-0.9262699164670672,0.7733315517531983,0.35588403809586017
60,86,-1.0375398407477339,0.7363122833339799,0.3340696183103548
61,86,-1.1473616358471628,0.6907067139130805,0.3274303132444696
62,86,-1.2546247130905328,0.6357630512496674,0.32619797635861886
63,86,-1.357974296888811,0.5711662334582073,0.33147559958678785
64,86,-1.456288529085648,0.4974600670417672,0.34848116266734813
65,86,-1.5481956343018413,0.4158558175035077,0.38578419938517206
66,86,-1.632787041399924,0.32810921190696196,0.42174837414130906
67,86,-1.7089220699807528,0.23641390381065816,0.45658181324540736
68,86,-1.7756097117985377,0.14305491185905447,0.4879107055800595
69,86,-1.8322058919110573,0.05033447491720535,0.5216169072424324
70,86,-1.8779546293971037,-0.03979331910440476,0.5440391095192882
71,86,-1.912362729989498,-0.12561416123272443,0.5614164252155621
72,86,-1.9351319887633447,-0.2060385948803995,0.5686360257263033
73,86,-1.9461177793026068,-0.2802085281824803,0.5771046531095345
74,86,-1.9452046564144874,-0.34754276573124865,0.5698906557670045
75,86,-1.9328180501613725,-0.4080035836946754,0.5636888112795163
76,86,-1.9092381624736559,-0.4617541342928721,0.5529717095685839
77,86,-1.8750747689335163,-0.5087896973363485,0.5308124908808709
78,86,-1.831077662036836,-0.5494226623924373,0.5214650615704145
79,86,-1.7778587074745387,-0.5839414018959115,0.49764803866115
80,86,-1.7163387386678863,-0.6127201092931613,0.48437618052491815
81,86,-1.6475749612821418,-0.635942426715001,0.47244989504697615
82,86,-1.5722970387835962,-0.6541172428921351,0.4657671406886805
83,86,-1.4915839408834675,-0.667486589421462,0.45505256480263095
84,86,-1.4059845763164676,-0.6763685048945856,0.4485737834999302
85,86,-1.3164958774821554,-0.6810710012563086,0.45010733917047085
86,86,-1.2237729306908816,-0.6819104949933206,0.45460372863526527
87,86,-1.1281717736549879,-0.6790376303695167,0.45900201989572087
88,86,-1.0304818498045316,-0.6723096760906604,0.4696860945028259
89,86,-0.9309551343581819,-0.6616773704904984,0.4903591168589686
90,86,-0.8299654948530604,-0.6468222857604421,0.5086913047862591
91,86,-0.7276639932992356,-0.6271258190427001,0.5289761740749395
92,86,-0.6244749581005221,-0.6021864377490341,0.5495259660707098
93,86,-0.5205764861726753,-0.5713203521761746,0.5684177337076515
94,86,-0.41634002991535324,-0.5341514048140508,0.5823762821972182
95,86,-0.31215145362995467,-0.49040449452333956,0.5866665608117682
96,86,-0.20840451919323588,-0.44033090564900046,0.5900716905901586
97,86,-0.10579496313624487,-0.38429439821396477,0.5833627143989664
98,86,-0.004890677760284448,-0.3231914180014919,0.5751759817103324
99,86,0.09355194116330467,-0.25814789632927243,0.5544727839478545
100,86,0.18878098382775138,-0.19059859950667066,0.5343458946780729
101,86,0.27984700487511033,-0.12226447040412969,0.5122612556354437
102,86,0.36605059134231593,-0.05457324081134631,0.48433708923435603
103,86,0.44662374160069085,0.010663503090744708,0.4603548914841167
104,86,0.5209175678761438,0.07201253360196336,0.4348866647029779
105,86,0.5884005675151643,0.12814160953353113,0.40987075349116164
106,86,0.6485930974982302,0.17806364407266523,0.38954068466485275
107,86,0.7014803852720795,0.2209156261801528,0.3701624386558472
108,86,0.747000932624219,0.2560023261077948,0.3534759890909266
109,86,0.7855628286394166,0.28291477217822725,0.3427034875600224
110,86,0.8174968441612022,0.3016327215869539,0.3381035132905243
111,86,0.8435926937563835,0.31215590441671115,0.3363171399600555
112,86,0.8646625841416707,0.315059883872933,0.339351653006883
113,86,0.8817560810692027,0.3110457384943408,0.3532369528342604
114,86,0.8958487021496883,0.3012673306604104,0.3702151359206713
115,86,0.9080044061888497,0.2871224007884042,0.3938130636984272
116,86,0.9194003495324132,0.2702420035062717,0.4072304864574079
117,86,0.9309425854405902,0.2522571591122414,0.4320646032207911
118,86,0.9434522432062553,0.23477777263661365,0.45533339984323223
119,86,0.9578157745216577,0.219125284536719,0.4939608801262038
120,86,0.9742995145626666,0.2064509877457043,0.5177467556415408
1,87,-1.6548623830992208,2.5356937912386934,0.38060469150338877
2,87,-1.6326077487809973,2.515071734195512,0.42882184597989265
3,87,-1.6070336874558238,2.4897277526307873,0.4583567421032106
4,87,-1.5781816185160795,2.4597695661935823,0.47964228837915607
5,87,-1.5460819424706753,2.4251636239161973,0.5019950413323802
6,87,-1.5106817255532063,2.3861246936826936,0.518583704760215
7,87,-1.471918314082824,2.3430314411904023,0.5351986566904245
8,87,-1.429898681797982,2.296267182726811,0.5466359262601131
9,87,-1.3846609213191274,2.2461617742399294,0.5613519474751656
10,87,-1.3362376519615098,2.1930477583999437,0.5728125057026917
11,87,-1.284705718003867,2.1372298078826875,0.5818523572416219
12,87,-1.2302037695412094,2.079057377311605,0.5847952789248548
13,87,-1.1730333541575502,2.018615411292891,0.5974557411546577
14,87,-1.1132868275822398,1.955903409238682,0.5982896245264826
15,87,-1.0512111090485565,1.891160946067058,0.610194692384535
16,87,-0.9872074759539949,1.8245824367352346,0.6193614906224663
17,87,-0.92156225714204,1.7563380636093735,0.6241563891060259
18,87,-0.8545441903593493,1.6868710102927418,0.6340123990321378
19,87,-0.7866450142992134,1.6167758579107543,0.6490544426113842
20,87,-0.7180975579642426,1.5468273228420446,0.6707117168992714
21,87,-0.6494138110129519,1.4780594368089668,0.6829901627933724
22,87,-0.5807695271688863,1.4115497545275812,0.7021344881313826
23,87,-0.5126928791494832,1.34851552888407,0.7282382758396687
24,87,-0.4455185648552708,1.290072044673342,0.7423164394723616
25,87,-0.3795813876491214,1.2370881363995523,0.7574023431266411
26,87,-0.31524992802707796,1.1905163111786459,0.7719655079797003
27,87,-0.25277050368515847,1.1507758562794734,0.7742911907401673
28,87,-0.19250876189969388,1.117680246827421,0.774911114114684
29,87,-0.1347969057911688,1.0912318503901113,0.773140753584758
30,87,-0.07995591555651135,1.0706399433970837,0.7595661040031013
31,87,-0.02825951033222905,1.0549524095385467,0.743335283120734
32,87,0.01983626873780406,1.0432013507478304,0.7322213409081639
33,87,0.06418376859403005,1.0343698135553756,0.7193103224860808
34,87,0.10432042315997406,1.0273685939104489,0.703333166881231
35,87,0.13997981050621586,1.021235537309584,0.6836619571980854
36,87,0.17083863160054796,1.0155035161125807,0.6728392321491736
37,87,0.19651107090788236,1.009776018599422,0.6544729350356643
38,87,0.21659986992849362,1.0041328170986972,0.6441725785018235
39,87,0.23078113956632004,0.9986663254133096,0.6376701149796693
40,87,0.23861448335069987,0.9935106389397002,0.6254533164335682
41,87,0.23982669145781016,0.9888996549021527,0.6112503401936554
42,87,0.23411359709943008,0.9847082150517169,0.5958002760245937
43,87,0.22101499327509128,0.9808910794610894,0.5796797948161759
44,87,0.2004263079205958,0.97723053332693,0.5643752338141311
45,87,0.172146592550468,0.973125321833899,0.5467363608689872
46,87,0.1358534061835524,0.9680620993172511,0.5328546578030505
47,87,0.09156646153080011,0.9614773284159334,0.5253493132413757
48,87,0.0392728121961337,0.9529333404652921,0.5088543862679463
49,87,-0.020928314858690625,0.942422907241086,0.5037683579734732
50,87,-0.08873652719170896,0.9301374355394648,0.4928196395314823
51,87,-0.16408346192082013,0.9163333167824966,0.49641568467529074
52,87,-0.24625074339428485,0.9013990195525691,0.48611008516613047
53,87,-0.33493941351015066,0.8856472231343129,0.4770607664553472
54,87,-0.4293801754939754,0.8693995343454941,0.46785687572726214
55,87,-0.5288862820185651,0.8525132710546667,0.4517053804602233
56,87,-0.6325099026894093,0.834167310705336,0.4197584934233218
57,87,-0.7393150629871311,0.8133684830171009,0.4025029308671277
58,87,-0.8482546396193611,0.7886698633185515,0.3804587107454524
59,87,-0.9582471060623095,0.7583060036697449,0.35588959897786276
60,87,-1.0681422802072913,0.720748375991253,0.3319429705643501
61,87,-1.1765915922489574,0.6746674128654232,0.32787002998451736
62,87,-1.2825265861034145,0.61938800174076,0.32164701350142505
63,87,-1.3846297258434015,0.5546389066258806,0.33484764942156003
64,87,-1.4818090475529495,0.48097085063499384,0.35648517013659936
65,87,-1.5727229517158736,0.39955384833443575,0.3823443330316946
66,87,-1.6564868554729977,0.3120516089613809,0.41586955092957306
67,87,-1.7319914750941483,0.22055648565320388,0.4468664213473224
68,87,-1.798247323030192,0.12724026601164792,0.49055284648839287
69,87,-1.8546304880152729,0.03432211403697065,0.5155049918723513
70,87,-1.9003829084045694,-0.056300224838888156,0.5402163747524987
71,87,-1.935008926942935,-0.1428784113884989,0.5594248936512344
72,87,-1.9582017655747102,-0.22424178832992422,0.5710588754212566
73,87,-1.9697962976604098,-0.29936452557735943,0.5813572517462049
74,87,-1.9696719660375994,-0.36745861011991354,0.585988279548604
75,87,-1.9582141734251892,-0.4282593296069634,0.577226042816716
76,87,-1.9356824479935795,-0.4817073081250612,0.5713260653184224
77,87,-1.90264554366725,-0.5276315241346332,0.550302117646264
78,87,-1.8598281604528502,-0.566250948921947,0.5368799317291397
79,87,-1.8078063342149557,-0.5978393920612767,0.518737538311572
80,87,-1.7474476052675552,-0.6228779335679009,0.502708500494786
81,87,-1.6797792515375085,-0.6417229861532076,0.48434181067601667
82,87,-1.6055018973686994,-0.6551149132297704,0.4653559772805484
83,87,-1.5256547057467191,-0.663551797799247,0.4556243542863946
84,87,-1.4407452092912485,-0.6676014339475165,0.4434794099848979
85,87,-1.351751756136866,-0.6677886699746715,0.43822003626402
86,87,-1.2593034793063014,-0.6645763201902164,0.4432795949370721
87,87,-1.163740153731317,-0.6582107425658276,0.44489589967050835
88,87,-1.0658303321835163,-0.6485786138670965,0.45807285713587265
89,87,-0.965826734780957,-0.6356020445930551,0.4693065936068818
90,87,-0.8641055677443384,-0.618924232332811,0.4906292435646118
91,87,-0.7608243184938352,-0.5978847704576371,0.511902599473209
92,87,-0.6564346983463935,-0.5720658982391792,0.5277662598424631
93,87,-0.5511330093168608,-0.5408171726636337,0.5493516674168983
94,87,-0.44533816751324057,-0.5038405449536638,0.5571429887359032
95,87,-0.33947396003651004,-0.4609967410390025,0.5600707516250697
96,87,-0.2339798543734805,-0.4126860115454874,0.5652132387467808
97,87,-0.1296164225013907,-0.3594218138042249,0.5581659592903998
98,87,-0.027002484981831974,-0.302230954692903,0.5450589471128825
99,87,0.07303734804489145,-0.24228483499983466,0.5322601827444641
100,87,0.16969490791289268,-0.18098166364705218,0.513961366302686
101,87,0.2619572863268459,-0.1199035305324104,0.4907941478290667
102,87,0.3490798631356239,-0.060240850839238164,0.47169396263099855
103,87,0.43025235396937545,-0.003488077973424638,0.45472001029445747
104,87,0.5047888818380192,0.049286737934721485,0.4398380073829528
105,87,0.5721443574083543,0.09712133884552275,0.420355561661391
106,87,0.6318359161978417,0.13938155279153444,0.40307032950182264
107,87,0.6838580610767555,0.1754906407672483,0.3926215821288447
108,87,0.7281655712521752,0.204949830716838,0.37656894434524424
109,87,0.7652133776090393,0.22747006148475163,0.3671854838627365
110,87,0.795382501972564,0.24303771659333553,0.3536463157048517
111,87,0.8195253077047202,0.2515946506505263,0.36141846864609656
112,87,0.8385162971583298,0.2535787628601245,0.3572635366298487
113,87,0.8534945185354476,0.24951498149386778,0.3634780097394453
114,87,0.8655089237921182,0.24034764443817844,0.37458738629003036
115,87,0.875702865450764,0.22724556136602675,0.3930182917641673
116,87,0.8853323041487386,0.21162885288320207,0.4032898485510382
117,87,0.8953686871552249,0.1949164599199545,0.42144675653903974
118,87,0.9067000521055611,0.17853712634169544,0.4501992409596828
119,87,0.9202512252052789,0.16368029504499493,0.4762097967758218
120,87,0.9363135591951189,0.1513877978333168,0.503040210428093
1,88,-1.6565897546245316,2.5611236151292487,0.35002606538267333
2,88,-1.6344126895006068,2.5398093340065535,0.3964153793942877
3,88,-1.608997526282131,2.5131523033638006,0.4328962944672918
4,88,-1.5803941536945385,2.481406246981003,0.4670665546574404
5,88,-1.548641700135232,2.444713375411862,0.49072745623573993
6,88,-1.5137067469711736,2.403507928837638,0.5047290210290162
7,88,-1.475539976630485,2.3583670767737828,0.5289612877756589
8,88,-1.4342562926399898,2.3098639402004366,0.5491385542858608
9,88,-1.3899106478817251,2.258472215574192,0.5634004976270104
10,88,-1.3425348845079437,2.20460478644154,0.5781953034039897
11,88,-1.2922130160377487,2.14858855491273,0.5842876076284259
12,88,-1.2390747272243183,2.0907444929544474,0.5955864779519321
13,88,-1.1834033750387563,2.031068272827283,0.6006732744694613
14,88,-1.1252606945499795,1.9694491441834179,0.6010427605347506
15,88,-1.0648794113848563,1.9059995442333033,0.612999303429148
16,88,-1.0026215734380273,1.840787339760383,0.620436210701473
17,88,-0.9387362447417276,1.7738789661736014,0.6248762532464178
18,88,-0.8734525790092281,1.705626859877031,0.6355049453481297
19,88,-0.8072191362044532,1.6365735990018795,0.6450746920153105
20,88,-0.7402284415501602,1.5674660703185501,0.664159914159435
21,88,-0.6729560406698196,1.4993093804637054,0.6822859868747604
22,88,-0.605553776631948,1.4331657263380024,0.6959018544146537
23,88,-0.5385253115422862,1.3702246185315197,0.7143582431763615
24,88,-0.4721985633113837,1.311553993992341,0.7340057246070512
25,88,-0.40690841677890105,1.2579803086007448,0.7427890264673555
26,88,-0.34303955410506165,1.2103854875618154,0.7542570020692254
27,88,-0.2808436936125977,1.1691134189536758,0.7621158758731267
28,88,-0.220732130140089,1.1339373027783162,0.762628460600581
29,88,-0.1630638083227956,1.1048267722367178,0.7544274192128037
30,88,-0.1082032608626078,1.0809974567896756,0.7469597074872784
31,88,-0.05645800426417892,1.0615356032723435,0.7441174149621724
32,88,-0.00833568252712957,1.0455720990381927,0.7200450503860333
33,88,0.03598762293751508,1.032206956505442,0.7093819243684697
34,88,0.07600726302491671,1.0205038249630045,0.6995674171268141
35,88,0.11142650183260125,1.0096594700846027,0.6899249771479371
36,88,0.14190868061947587,0.9993731094443065,0.6823984894605655
37,88,0.16706360814403076,0.9893990295554879,0.6738310761117926
38,88,0.18649318362826475,0.9799648392340318,0.6633060008312766
39,88,0.19989424941130232,0.9712714183964049,0.648171134794466
40,88,0.20683944147353542,0.9635339879280348,0.636513302198828
41,88,0.20709123412935948,0.9570498310910647,0.6262566968629779
42,88,0.20038721569879364,0.9517173684023347,0.6205612014716922
43,88,0.18631427507741125,0.9474920426973686,0.6005914914303511
44,88,0.16480473040222765,0.9441125478428672,0.5827073284726787
45,88,0.1357067617381668,0.9409214393372434,0.5671744415883525
46,88,0.09873795447499745,0.9373021689508727,0.552043335655627
47,88,0.05396054068651753,0.9325673305743404,0.5287328234809614
48,88,0.0013947689036013804,0.9261338714954861,0.5216440097580495
49,88,-0.05883304141190808,0.91784710832427,0.5114519648209842
50,88,-0.1264041557486537,0.9077486818483006,0.5039636759884868
51,88,-0.20125204692716056,0.8959372959071438,0.49587192783831313
52,88,-0.2826526621335601,0.882690654232088,0.48513948951678965
53,88,-0.37031578802370996,0.8682425191613936,0.47563435840140716
54,88,-0.4634850328789944,0.8528826800685507,0.4605176293532714
55,88,-0.5615094768442321,0.8364658855039981,0.4454116452093247
56,88,-0.6634679689458576,0.8182174701549447,0.43014553526263216
57,88,-0.7684684182525582,0.7972422304063173,0.3971880842872349
58,88,-0.8754956860622872,0.7722132055152159,0.37854310067395264
59,88,-0.9835214981365429,0.7415110412297057,0.3495511426354122
60,88,-1.0914422828834225,0.703746693399332,0.33900481678468464
61,88,-1.197950758668898,0.6577119969371069,0.33175429376299764
62,88,-1.3020276134821405,0.6028187391033325,0.3351386427714747
63,88,-1.4023982202778715,0.5388333174320452,0.3380139797686646
64,88,-1.49800655428803,0.46628506463099656,0.35505479459091577
65,88,-1.587546072959951,0.3862576074625821,0.37066437053007956
66,88,-1.6701575455194393,0.3002663559228459,0.4094681108775274
67,88,-1.7447667969137184,0.21023478354250894,0.437865915143473
68,88,-1.8103865372834556,0.1181520645862923,0.46585903562732556
69,88,-1.8664133212609253,0.026084926926780834,0.49880985577713033
70,88,-1.9120859182285044,-0.06418270495995831,0.5252289382660691
71,88,-1.9469043680819462,-0.1509205003551554,0.5445927651860142
72,88,-1.970550618908389,-0.23290847072296764,0.5591517846559994
73,88,-1.9828367225724002,-0.3089721143076943,0.5704791489337611
74,88,-1.9836320847690034,-0.3781152593200298,0.5805670671470275
75,88,-1.9732786032221956,-0.4398294304700245,0.5762252009590197
76,88,-1.9520097771490434,-0.49379646273454036,0.5654205464469624
77,88,-1.9203483104119328,-0.5396292171250718,0.5643580070278017
78,88,-1.878987325612645,-0.5773889530039847,0.5451434699158807
79,88,-1.8284627310244665,-0.607263926161117,0.5302508273788092
80,88,-1.7695836611421554,-0.629765216819668,0.5052834931111588
81,88,-1.7033409229517273,-0.6453513496788147,0.4915394828576467
82,88,-1.630402239460518,-0.6549258649584518,0.46815518049450044
83,88,-1.551761327750051,-0.6591910567005667,0.45754026539098963
84,88,-1.4678835511006678,-0.6589267684037676,0.43534014722549547
85,88,-1.3797230416607456,-0.6548549718308411,0.4375130318313073
86,88,-1.287882309069618,-0.6475878876757184,0.4307928612658038
87,88,-1.1926840497927056,-0.6374880119647819,0.4303285476814908
88,88,-1.0948759443083558,-0.6245089018150785,0.44075939480839993
89,88,-0.9947125088269033,-0.6085949081705888,0.45221095391221305
90,88,-0.8925738770423726,-0.5894081403178223,0.46769382285172206
91,88,-0.7886285860798021,-0.5663092027585676,0.4820576859212755
92,88,-0.6833572095839342,-0.5389216696345428,0.5014600847799481
93,88,-0.5769787210455547,-0.5066798448504445,0.5119505830193707
94,88,-0.4699632037107249,-0.4694032936027725,0.5225545753812005
95,88,-0.3627747215462805,-0.42712041496509934,0.528046550642201
96,88,-0.25590135615251036,-0.38039419068464453,0.5251388308716484
97,88,-0.15016996014533027,-0.32989242848430855,0.5200976212086698
98,88,-0.046250817348939134,-0.2767689525566924,0.5141387597972958
99,88,0.054963960367587335,-0.2222266927338041,0.4968032116655452
100,88,0.152611446683722,-0.16761522246634045,0.49073139400573357
101,88,0.24561871798184032,-0.1143609181216911,0.47102528443436076
102,88,0.33319968402405326,-0.06340148943353564,0.4576380858288553
103,88,0.41450583808600416,-0.015897750153809533,0.4435523515448523
104,88,0.48881934310016345,0.027458800478220326,0.4353159373980145
105,88,0.5555873262497107,0.06609437852907035,0.42462229822658537
106,88,0.6143295347821495,0.0997399465673739,0.4125518350449347
107,88,0.6650537803809666,0.12812531833114316,0.4004048503457419
108,88,0.707737121753269,0.1509688662202679,0.3950793336140771
109,88,0.7428837116846906,0.16812374334112695,0.39098906042902065
110,88,0.7709295390488112,0.1796061518147913,0.37864415076110064
111,88,0.7927910788447196,0.18532431901018784,0.3805920167267779
112,88,0.8094076030083379,0.18559725269981314,0.3750192854269643
113,88,0.8220079748759921,0.1807895677083766,0.37722868309815183
114,88,0.8317161982641889,0.17164549472576543,0.37924715755648875
115,88,0.8397551993261959,0.15910597740740745,0.39641040141323214
116,88,0.8474579014214559,0.14437672988904626,0.4030721601657644
117,88,0.8558613720057758,0.1286559415419686,0.4182046241510629
118,88,0.8659201377580591,0.11318010997977693,0.44734410019242954
119,88,0.8785963944349651,0.09899509303334934,0.4684571125678933
120,88,0.8942063348200192,0.0870233759378645,0.4904633832883133
1,89,-1.6476735968719451,2.5831088235872866,0.3270935923059303
2,89,-1.6256837573895055,2.561336773222488,0.37426200813932703
3,89,-1.6006447409073419,2.533813889582768,0.4140966581607111
4,89,-1.5726118791674035,2.5009029253558532,0.4415159486898568
5,89,-1.5416279139157747,2.4628728565064764,0.4696247286573762
6,89,-1.5076727186717267,2.420321479286203,0.4973817482148817
7,89,-1.4707023348881199,2.373966480803006,0.517644509620869
8,89,-1.4308300969241936,2.324516069141506,0.5420390231289117
9,89,-1.3881175732488842,2.2725468566941918,0.5596224026380484
10,89,-1.342585618297452,2.218521947728138,0.5701392008897438
11,89,-1.294312495255367,2.162772513231736,0.5850826401630391
12,89,-1.2434066700102795,2.1055869379019843,0.5969727675878246
13,89,-1.1901196332772637,2.0468774852527725,0.6029789242906395
14,89,-1.1344712521151235,1.9864388984868275,0.6106818006306058
15,89,-1.0766670949342958,1.9242793004984313,0.6114441298102599
16,89,-1.0170171482596324,1.8603662885081962,0.6149208019388351
17,89,-0.955721902314331,1.7946923010504943,0.6252848443456345
18,89,-0.8929627038160414,1.7275483627362997,0.6322084061367643
19,89,-0.8291342654179963,1.6594505607298389,0.641636388648652
20,89,-0.7643816981126066,1.5911473687732258,0.6589148256882317
21,89,-0.6991384023994317,1.5236316404193444,0.6683757082026884
22,89,-0.6335284884770154,1.457964950902776,0.6871415482288943
23,89,-0.5680277065021379,1.3953129257049346,0.7063436827979542
24,89,-0.5029555945272075,1.3366931907059512,0.7201246676994587
25,89,-0.43864708990484347,1.2828790200984421,0.7326126887919234
26,89,-0.3755025339073687,1.234660144582468,0.728904108915509
27,89,-0.313782735344095,1.1922757516711675,0.7432517344694272
28,89,-0.2539465812731057,1.1554294496703326,0.7439829856858273
29,89,-0.19638277437019086,1.1240218193312366,0.7318049374629914
30,89,-0.14150284388929588,1.0972418053997555,0.727773359432604
31,89,-0.08965286725158486,1.0741845212370829,0.7171912219984453
32,89,-0.041394340566986355,1.0540596681188887,0.7111039148396737
33,89,0.003062078995899127,1.0360736120181429,0.6978505586868298
34,89,0.04316789495411863,1.019440226055378,0.6897014587229501
35,89,0.07859179836568789,1.0035259735919597,0.6811618812640108
36,89,0.108980249609079,0.9882119007499023,0.6750010159883573
37,89,0.13393615503320236,0.9734263967743065,0.6723217461828465
38,89,0.15305802378151948,0.9595722918981442,0.6664200281009252
39,89,0.16606091001297826,0.9469874660834188,0.6616550636364081
40,89,0.1725285343486601,0.9359960581485468,0.6545019590175118
41,89,0.17225741845569814,0.9269844693392543,0.6435570118169047
42,89,0.16502549231770428,0.9198988523098005,0.6273413408640652
43,89,0.15046519205104464,0.9147139690211765,0.6203149599925807
44,89,0.12854445077705565,0.9111408585449499,0.6037921298181741
45,89,0.09915867361788155,0.9084747397046489,0.5847609681288821
46,89,0.06206547474311042,0.9059994401279559,0.5631601686889545
47,89,0.017366480898269615,0.9029010405020835,0.5477440076287778
48,89,-0.03488617090489596,0.89843957345129,0.5277035954675545
49,89,-0.09454098215398438,0.8922940454041922,0.5246639165165515
50,89,-0.16126503456788543,0.8843326374713505,0.5058438080334311
51,89,-0.23499352217021247,0.8744734613773932,0.49839252754522684
52,89,-0.31500346149461844,0.862861704045936,0.48577485651132785
53,89,-0.4010144412629081,0.8496364823723724,0.48252632610696805
54,89,-0.4922893080746868,0.835051541233611,0.46234714921864806
55,89,-0.5882169744778944,0.8189691676592777,0.4497930057560979
56,89,-0.6879087624825846,0.8006825446671719,0.4294791710687743
57,89,-0.7905206787949622,0.7794296068855879,0.4059211684204308
58,89,-0.8950757292261783,0.7540408931952455,0.3855334700086706
59,89,-1.0006025758375976,0.7230833674292559,0.3581538881280223
60,89,-1.1060503523123821,0.6853441264785961,0.34426468135950694
61,89,-1.2101572722690717,0.6397610264501923,0.3372880829358988
62,89,-1.3119572643145514,0.5858411614016084,0.33309229409296137
63,89,-1.41022124824792,0.5233835940322554,0.3465982260413832
64,89,-1.503932421390364,0.4528717026906822,0.3450413945988373
65,89,-1.5918216274538326,0.37526471088802843,0.37028749246857595
66,89,-1.6730539540496856,0.2918842868299761,0.39166614486665524
67,89,-1.7465919650100996,0.20442968617289314,0.4255031132566088
68,89,-1.811450104250708,0.11465140904710823,0.4441139444482708
69,89,-1.8670442542110293,0.02440591062847423,0.4766049163846888
70,89,-1.9126085047856718,-0.06468510673959159,0.4965334183530331
71,89,-1.9476365463526992,-0.1509579850241225,0.521555663788257
72,89,-1.9717967405676444,-0.23317666917028446,0.5395240429582467
73,89,-1.9848766827936328,-0.3100448042109331,0.5579802429836804
74,89,-1.9867317106381326,-0.38036864138668414,0.5618819017539356
75,89,-1.9776582549043356,-0.4433948155281694,0.5671129359925765
76,89,-1.957859799290737,-0.4985275507929887,0.5663756637351599
77,89,-1.9278099122750851,-0.5451303193993146,0.5612983364300561
78,89,-1.888165216062068,-0.5830571649676309,0.547527859561645
79,89,-1.8394189830049552,-0.6123508325438154,0.5293814087941705
80,89,-1.7823188235417302,-0.6334821364817803,0.5144169449268591
81,89,-1.7178140276544571,-0.646943063300301,0.4891410756447813
82,89,-1.6465367802695636,-0.6537301800623904,0.46969001984876235
83,89,-1.569431050870614,-0.6546924460140091,0.4498420537952918
84,89,-1.4869202600678766,-0.6507760668315135,0.43358104646889567
85,89,-1.3999292312101088,-0.6428702436211354,0.42144979346938455
86,89,-1.3090336428454004,-0.6317290368110408,0.4159496949799335
87,89,-1.214538536713051,-0.6178401443572294,0.4142048581604483
88,89,-1.1171704784551089,-0.6012513954303476,0.4180246947934629
89,89,-1.0171864993199735,-0.5819713287269171,0.42792558544288617
90,89,-0.9149715203046113,-0.5597307810182133,0.4393075257747124
91,89,-0.8107090086503709,-0.5339682630408488,0.4544615769216982
92,89,-0.7049088176592053,-0.5044023576540245,0.46761980903326195
93,89,-0.5978160440948423,-0.4706010039897073,0.4760559768767757
94,89,-0.48995411064840483,-0.43253973937442886,0.4851110973938787
95,89,-0.38182868169813716,-0.390446314031703,0.4845368285222493
96,89,-0.2739781719998764,-0.34506130394586154,0.4790981265388695
97,89,-0.16729568115582227,-0.2972131440366684,0.47819337499806863
98,89,-0.0625025672895278,-0.24818135837331967,0.4711011878602386
99,89,0.039443364607827255,-0.19919032402906525,0.46106597986966164
100,89,0.1376268706274047,-0.15153304926634717,0.45337010172694603
101,89,0.23091921671001822,-0.10646914499655061,0.44645950956912756
102,89,0.31849713453066264,-0.06467518966160837,0.43893660489569963
103,89,0.39947830261051714,-0.026970278445699394,0.43920651525124155
104,89,0.4731179496213824,0.006333038056945524,0.4316316583841786
105,89,0.5388609991018404,0.035058657726723966,0.430324403440024
106,89,0.5962352779445755,0.059305680637391056,0.42079261510045907
107,89,0.6452652903918452,0.07912230515770294,0.42863027984036073
108,89,0.6859556374930623,0.09445835270032715,0.41893495426156857
109,89,0.7188608570122414,0.10532637619489701,0.408302200969189
110,89,0.7444754245278157,0.1117933045357902,0.40532898863447026
111,89,0.7637799625208161,0.11375873544366545,0.4004313767270727
112,89,0.7777797217578557,0.11144464968643351,0.3999107155322149
113,89,0.7877920241714783,0.10507756844916274,0.3964406153339271
114,89,0.7950159704601762,0.09522006281363382,0.40059535616517516
115,89,0.8007529178385774,0.08259804113930673,0.4116329325393663
116,89,0.806409358864385,0.06821266262396601,0.414504970615833
117,89,0.8130870576454937,0.05304664276138076,0.42704014060444073
118,89,0.8218054950107827,0.03814668330580467,0.44721453542383566
119,89,0.833562403046247,0.024414992533464654,0.47158866076334605
120,89,0.8486983184315396,0.012653607169483985,0.4921161843809005
1,90,-1.628240051885181,2.599949348622058,0.3159018045476855
2,90,-1.606547346048479,2.577989357550534,0.35533992913234025
3,90,-1.5821021374485411,2.550116524092385,0.3985784909267919
4,90,-1.5549619077416525,2.5167615354127206,0.4360088846716251
5,90,-1.525167468112196,2.47826536121503,0.4570456428129383
6,90,-1.4927051212109832,2.4353264812796587,0.48764637513069115
7,90,-1.4575278184942142,2.3887383002324096,0.5068771249659507
8,90,-1.4197373337452466,2.339282077739844,0.533905377785544
9,90,-1.3793909762125032,2.2875901992768277,0.5487519163281797
10,90,-1.336488047975397,2.2341401314739016,0.5631458402367824
11,90,-1.2910878193990887,2.1792449651428107,0.5774313285114454
12,90,-1.2432652300321265,2.1231527615520664,0.5864587454429432
13,90,-1.1932263670655474,2.0656958095797116,0.5948060512653925
14,90,-1.1409383652883172,2.0065883455061484,0.5969572482325441
15,90,-1.0865670988991432,1.9457555677891887,0.6060443095152199
16,90,-1.0303583297075076,1.8830908401198083,0.6067105157599909
17,90,-0.9724534421416194,1.8185414465521328,0.6160023345848874
18,90,-0.9129785383989952,1.7523665741812666,0.6246285515006842
19,90,-0.8522648693651766,1.6850816113076088,0.6346937533610417
20,90,-0.7904038785770793,1.617466932839687,0.6502549900164228
21,90,-0.7277819771083789,1.5505222677824477,0.6599705085075068
22,90,-0.6644923210240689,1.4853269176425237,0.6799795623632058
23,90,-0.6009798334794231,1.4230316223833295,0.6853275333043716
24,90,-0.53755415806058,1.3646078640747978,0.7027317010938867
25,90,-0.47455024406749496,1.3107731526834057,0.7077227158568377
26,90,-0.4123830289305472,1.262212844947082,0.7122205412132243
27,90,-0.3513256684413647,1.219041861493905,0.710627237077659
28,90,-0.29188531845332866,1.1808727808781414,0.7090102695952923
29,90,-0.23448245711831403,1.1475075840929325,0.7065511094559936
30,90,-0.17957752265743201,1.1180793555532087,0.7024780431879988
31,90,-0.12755863154524855,1.091663935373104,0.6892800493374228
32,90,-0.07904184327039121,1.0675275295247961,0.6856237816694252
33,90,-0.03427708968134047,1.0449670748999536,0.6777031226861691
34,90,0.0061428348346054765,1.0233366590380406,0.673482982375599
35,90,0.041848980675971106,1.0021749482758209,0.6719009065319732
36,90,0.07246808600810586,0.9815511713637186,0.6686474607762182
37,90,0.09759386890066364,0.9615828738340387,0.6644017312399477
38,90,0.11681906202295039,0.9428671912177564,0.664976671839875
39,90,0.12987357663183566,0.925901356765278,0.665348930986486
40,90,0.13634962308558188,0.9111412475295718,0.6572719440722934
41,90,0.13607468375084447,0.8990843812387375,0.658673816612511
42,90,0.12886379594690067,0.8897466149738811,0.6424604450330839
43,90,0.11439137611956711,0.8831396740458383,0.633965778266429
44,90,0.09265729516342788,0.8789632746481669,0.6105810191071153
45,90,0.06359986361022998,0.8764744097282867,0.5936978813535926
46,90,0.027013981739386093,0.8748631528451418,0.5743793899505124
47,90,-0.016964976086766385,0.8731887304619171,0.559133278285649
48,90,-0.06825673587717383,0.8705457311564172,0.5318855439293029
49,90,-0.1266886379697825,0.8664310297041492,0.5230857323501196
50,90,-0.19191964572298692,0.8605190688284151,0.5096065132796722
51,90,-0.2638878494293455,0.852528093717798,0.4968736402504042
52,90,-0.341879112038621,0.8424519066035111,0.49160838619596753
53,90,-0.4256243425730356,0.830321638246158,0.4731733285699769
54,90,-0.5144120898567407,0.8163527841399207,0.46228229095038564
55,90,-0.6076742818978932,0.8004256925062958,0.45018146592574476
56,90,-0.704559529385222,0.7819219281355254,0.4255969321678185
57,90,-0.804274448644719,0.7602443685565986,0.40914242721453986
58,90,-0.9058845992928802,0.7344144217383229,0.3891213418919467
59,90,-1.0084767965760626,0.7032196170868997,0.3675657320782842
60,90,-1.1110566001358573,0.6656533584983323,0.3531750754707707
61,90,-1.2124092596615805,0.620818544173882,0.3407469325571505
62,90,-1.3116233693474542,0.5683217176342835,0.3376415994481549
63,90,-1.4075153291176148,0.5079888516001065,0.3371728846712178
64,90,-1.4991084429557964,0.44023570727833833,0.3547712088841037
65,90,-1.585171025593801,0.365866461140248,0.3696278540565135
66,90,-1.6648895071805565,0.2859755313550789,0.38152988490128614
67,90,-1.7372629659598182,0.201997071534531,0.4051828950323593
68,90,-1.8013062413577945,0.11540319599407226,0.4259430252004895
69,90,-1.8564522203562777,0.027797799515642367,0.45539459349340605
70,90,-1.9019285437552855,-0.05939494337785706,0.4714467525450011
71,90,-1.9372204823226218,-0.144618620904729,0.4907429278417436
72,90,-1.9619809498012648,-0.22665135891249535,0.5119269675161017
73,90,-1.9759720730734855,-0.3041055222034632,0.5283026232519163
74,90,-1.979032037227974,-0.37560952962160615,0.5370686587128978
75,90,-1.9714112596200728,-0.4401778156289996,0.5447693608557469
76,90,-1.953280569920311,-0.4969354706107865,0.5468787700358245
77,90,-1.9250631254413968,-0.544981183965764,0.5530091726204857
78,90,-1.8873756551612568,-0.5839301476740161,0.5388575830491373
79,90,-1.8406679604708571,-0.613634724855948,0.5244933973523002
80,90,-1.7856248875985619,-0.6344669020302802,0.5147529868638615
81,90,-1.723150659276166,-0.6468906227372371,0.48490327319651566
82,90,-1.6538404851966133,-0.6519284064222423,0.467706635316249
83,90,-1.578585610216554,-0.650516873052804,0.45413197965399343
84,90,-1.497768652592655,-0.6437180185174777,0.4248473245316479
85,90,-1.412280672511032,-0.6325501173987788,0.41575879263864995
86,90,-1.3226706764687997,-0.61789123238992,0.4046360687729055
87,90,-1.2292256523251184,-0.6003509138592332,0.4050787318155046
88,90,-1.132650504067952,-0.5800866362241612,0.403551998033488
89,90,-1.0332050854782835,-0.557200987335062,0.40495107849260026
90,90,-0.931279107322516,-0.531532429620681,0.41405903745279643
91,90,-0.8270738846624324,-0.502644490318572,0.4237172058063345
92,90,-0.7211277797538872,-0.4703969328054269,0.43146991316980265
93,90,-0.6137141522298775,-0.4345344895988258,0.43478082804248236
94,90,-0.5054103154412539,-0.39522343780084634,0.43840761910602977
95,90,-0.3967635267424862,-0.35292049404859294,0.4423400657742606
96,90,-0.28836286824343343,-0.3085591604053138,0.43690460265272435
97,90,-0.18116603105470488,-0.2631363465733091,0.4376481132227814
98,90,-0.07594395991129328,-0.2180587453571802,0.42874605899227314
99,90,0.026282792868050103,-0.17456728520153536,0.42519338714290583
100,90,0.12455005690949157,-0.13389591972467196,0.41633688294341026
101,90,0.21767824906174205,-0.0971338700607338,0.42127579441702306
102,90,0.3048116704556421,-0.06469649812867127,0.42253457399119104
103,90,0.3850387218005873,-0.03706275419948335,0.42707517775869075
104,90,0.4575925966425028,-0.014173640928553758,0.42299398699242075
105,90,0.5219210715417228,0.004191272840037738,0.4337596672435698
106,90,0.5775648198178777,0.01849252301262237,0.4324997982002774
107,90,0.6245674360003526,0.02909899671163303,0.43507601300210197
108,90,0.6629652692623769,0.03619896485289784,0.43548316923451913
109,90,0.6933627761822472,0.03997543531336946,0.43763348808968144
110,90,0.7163148602829921,0.040563461195385474,0.43529396716152824
111,90,0.7328645122186618,0.03787843803616989,0.4253850476782421
112,90,0.7440825332820049,0.032069264960839866,0.41996364191168956
113,90,0.7513713182982246,0.023252016403642595,0.4227595686678368
114,90,0.7560031640188176,0.01183450053833583,0.4206513975771103
115,90,0.7593550621043001,-0.0016478641595166787,0.41590511640753297
116,90,0.7629019344921262,-0.0163751458315425,0.42772276699449935
117,90,0.7678079159180711,-0.03156029681281347,0.4406343064988924
118,90,0.7751545616524753,-0.04632982114523551,0.4485228404159636
119,90,0.7859723507970854,-0.059912964667098376,0.47511009993370507
120,90,0.8006252732073338,-0.07161980621907361,0.4947335354797453
1,91,-1.5987855263737911,2.610166149132901,0.30605636834119404
2,91,-1.5774998142109318,2.5883026327457235,0.35527080900903785
3,91,-1.5538658908899567,2.5606249288620377,0.393836095926745
4,91,-1.5279397251415971,2.5275902056664794,0.43042585401414485
5,91,-1.4997541628766298,2.48955572084327,0.4547104005467751
6,91,-1.4692942601080974,2.447256243979847,0.4806861802274549
7,91,-1.4365008470859197,2.4014945852239364,0.5090635677456294
8,91,-1.4014534984035958,2.353060603337235,0.526501458669592
9,91,-1.3641935844083881,2.302592554424054,0.5422343115709963
10,91,-1.3246877972696725,2.2505429587851484,0.5570404616077994
11,91,-1.2829627145267544,2.197181033975731,0.5697835571876257
12,91,-1.239047314110812,2.1427029454548294,0.5831001951617766
13,91,-1.193088833852443,2.0868608818090517,0.5832617753207031
14,91,-1.144991076086592,2.0292990896644465,0.5898245288385726
15,91,-1.0948682211209273,1.9698777208878344,0.587085958866378
16,91,-1.0428903746562492,1.9084396903823857,0.5923105127504553
17,91,-0.9891302336477681,1.8449131992300727,0.5996202661944454
18,91,-0.9336521557337034,1.7795538014041163,0.6095423966364075
19,91,-0.8767156228964853,1.7129011969718066,0.6173781025443644
20,91,-0.8183533103327824,1.645797506909951,0.626052365983457
21,91,-0.7589009522639928,1.579270315099949,0.6420299375363275
22,91,-0.6984185252330953,1.5144377992203295,0.6541553720129062
23,91,-0.6373180062331791,1.4524492161273348,0.6705483292469702
24,91,-0.5758981510062334,1.3942404210922974,0.6766927398665411
25,91,-0.5144941619244975,1.3404779477136808,0.6788994066906675
26,91,-0.4535343351199236,1.291739545832285,0.689608051259602
27,91,-0.3933072008377193,1.248005782504955,0.6826301311649248
28,91,-0.3343679181508561,1.2087846550245802,0.6864846654544164
29,91,-0.27716996275139505,1.1737576336836675,0.677230221523269
30,91,-0.22222325171896914,1.1419778615580556,0.6640578344742654
31,91,-0.1699601243981491,1.1124767300952871,0.6667029726608643
32,91,-0.12105047140516954,1.084554186800174,0.6546757449346919
33,91,-0.07578662890043746,1.057578292514038,0.655453368336371
34,91,-0.03480478028302456,1.031027517864999,0.6545128801752437
35,91,0.0014868079665028109,1.004607559750115,0.6533305464658484
36,91,0.03269325401957135,0.9785733369809263,0.6502452826772629
37,91,0.05839731773854219,0.953237833620284,0.6638286680554942
38,91,0.0781840955550545,0.9294023741969253,0.6634111205636795
39,91,0.0917944990959494,0.9077385157526872,0.6712253023925772
40,91,0.09882635876741291,0.8888507578641942,0.6624834250874141
41,91,0.09913390847727933,0.8733650771364178,0.6637959807901987
42,91,0.09256459913607622,0.8613862114536003,0.655389088145307
43,91,0.07882951895297997,0.8529795055245848,0.6451386409818173
44,91,0.057954703532244516,0.8478503039267555,0.6249027955036655
45,91,0.029914857976864377,0.8452275318614589,0.6083435953608197
46,91,-0.005463200413909069,0.8442165184945277,0.5855259799929537
47,91,-0.048018358555642626,0.8437526428133075,0.571027960819646
48,91,-0.09764833299421069,0.8427606219978176,0.5441603472394487
49,91,-0.1541654273407853,0.840543616297514,0.5295525415644643
50,91,-0.21722850110721978,0.8365663230846273,0.5132579930241958
51,91,-0.2867811003031669,0.8303319249844993,0.4997514763591442
52,91,-0.3621267233638652,0.8216670016786742,0.48656370290518786
53,91,-0.44300979939301954,0.8104831675707412,0.4748733672630641
54,91,-0.5287511341703846,0.7969562413784846,0.46065507101399433
55,91,-0.6188281613016381,0.7809937420111703,0.4475255211185008
56,91,-0.7124306396170168,0.7620830317557382,0.425530818534538
57,91,-0.8088166837796991,0.739817672954797,0.40880912359668936
58,91,-0.9070969680636676,0.713436618792936,0.3920155684105752
59,91,-1.0064153246667085,0.6819740149864228,0.37538304993043337
60,91,-1.10583486326496,0.644651391084661,0.36438470118124056
61,91,-1.20418676007469,0.6007489701218565,0.35314740714522347
62,91,-1.3006128662684595,0.5499725889355848,0.34382495102024885
63,91,-1.3939722891824837,0.4921687656254416,0.34443502005989923
64,91,-1.4833267071678717,0.4276680331616042,0.3513127673208785
65,91,-1.5674796829030548,0.3570978296690187,0.3596148781162738
66,91,-1.6456339612837563,0.2813054670247054,0.37100887696586143
67,91,-1.71682302824155,0.2014356876978705,0.3869780578478786
68,91,-1.7800599155273122,0.11866091977162282,0.4034700135285528
69,91,-1.8347909867615053,0.03430825632922189,0.41569808855422546
70,91,-1.880235485009407,-0.05041556321389074,0.4408478711787711
71,91,-1.915868218229773,-0.13409118626544791,0.4538458086438873
72,91,-1.9413253437164897,-0.21553571746436218,0.4717480278563856
73,91,-1.956343328605979,-0.29330219704452526,0.4949115900969648
74,91,-1.960741222696104,-0.3658683293811177,0.5093704017802985
75,91,-1.9547244577074963,-0.43204155108190667,0.518499567198928
76,91,-1.938430140168087,-0.4906832667601042,0.5271129240406194
77,91,-1.9122317552921275,-0.5406303417563008,0.5315051047771194
78,91,-1.8767044898575889,-0.5812471334276789,0.5266246285723719
79,91,-1.8322556806279,-0.612168259548847,0.518700371736795
80,91,-1.7795082164068554,-0.6336232685595108,0.508118206232217
81,91,-1.7193193514838507,-0.6459971983218789,0.4932147878953109
82,91,-1.6522472176272018,-0.6502781411111226,0.4677839987864802
83,91,-1.5791287834522865,-0.6474330368382133,0.44062128196046363
84,91,-1.5003079379521256,-0.6385869933564905,0.42133713279162605
85,91,-1.416638263319871,-0.6248427840188249,0.4089701162205804
86,91,-1.328642610456537,-0.6071752035412399,0.39571091860185054
87,91,-1.2365897343652175,-0.5862999223053332,0.3799538208863724
88,91,-1.1411620004020282,-0.5624865881137158,0.3833612849853071
89,91,-1.0426219773874668,-0.5359479288186884,0.38197927530640263
90,91,-0.9413633290852255,-0.5066558993121716,0.3850849475703381
91,91,-0.8376071120518108,-0.47433382710404576,0.3920849756641483
92,91,-0.7319182842395657,-0.4390188974046472,0.39686654152959083
93,91,-0.6245992844659934,-0.40066780204515234,0.40342645527622467
94,91,-0.5162801879435548,-0.3596670604618681,0.4031855189584917
95,91,-0.4075485831260259,-0.3167285296141184,0.39966860253069897
96,91,-0.29904317247279394,-0.2729939871345408,0.3924290827737969
97,91,-0.19178291053296942,-0.22963844694949986,0.3840834747311387
98,91,-0.08658573966422146,-0.18820076859356571,0.3790624812174407
99,91,0.015469232142631907,-0.14993983299545466,0.3827425897457747
100,91,0.11337327071416876,-0.11603470118759615,0.37566443811950573
101,91,0.20590178778624268,-0.08740932020131661,0.39083475443431226
102,91,0.2921719631304604,-0.06422701433893578,0.39446884314756037
103,91,0.3712477932153531,-0.04663847676501664,0.4071392111026755
104,91,0.44234528402429324,-0.03423059156254955,0.4196890278487233
105,91,0.5049197988190848,-0.026397999983438253,0.4432048770439846
106,91,0.5585290905338854,-0.022334712611408337,0.4440036978669513
107,91,0.6032374088581866,-0.021358073207236466,0.4517834337591744
108,91,0.6391160416295582,-0.023041338388311274,0.4571255814127714
109,91,0.6668174020077535,-0.02702582473952853,0.45802232418818767
110,91,0.6869571279427003,-0.033094308499510394,0.45171315824350844
111,91,0.7006369784289389,-0.04129198814513007,0.45514526246140324
112,91,0.7089911367203767,-0.05151716776421311,0.4483221139914103
113,91,0.713501478981311,-0.0637314449630861,0.4439047435829532
114,91,0.715509447367478,-0.0776470133239996,0.4441468708858599
115,91,0.7164630003242567,-0.09288309256171519,0.44736644472790044
116,91,0.7178983842357405,-0.10876471118146284,0.4431460714457258
117,91,0.7210380994644023,-0.12466671462406403,0.4559011127521597
118,91,0.7270213337424842,-0.13985864664982275,0.46621220226966414
119,91,0.7369073918231226,-0.1536771483156712,0.4810409600747641
120,91,0.7510822748476598,-0.16552688111139743,0.5071928900054472
1,92,-1.5600910390418754,2.6129575185227716,0.3146488385946711
2,92,-1.5393150105911162,2.591460670505554,0.3565274032954428
3,92,-1.5166956235146891,2.5644969039955487,0.3967477304062571
4,92,-1.492283714729591,2.5325118462454426,0.43173582740112365
5,92,-1.4660981475028447,2.495827627299496,0.451452956456898
6,92,-1.4381150254445498,2.455155354898105,0.48334514083411856
7,92,-1.4082543169584425,2.411245581482479,0.5030338942360304
8,92,-1.3765630739631238,2.3648359536564616,0.5241181787856457
9,92,-1.343055303059141,2.316522647411615,0.5375458567972415
10,92,-1.3076545594673885,2.2666943830939026,0.5540568261536329
11,92,-1.270341643645884,2.2155498234619597,0.557052273623252
12,92,-1.2310880213369284,2.1632194401130387,0.5653138818665613
13,92,-1.189969631706834,2.1093721130591367,0.5723871784604313
14,92,-1.1468174664374913,2.0535889003317855,0.5700048390132498
15,92,-1.1016832097676517,1.9956782802329032,0.5798959528782166
16,92,-1.054651247451811,1.935453188397801,0.5743137463027752
17,92,-1.0057172719512766,1.8728445836254142,0.5814224806283154
18,92,-0.9548785652197744,1.8081296661999493,0.5947412794076532
19,92,-0.9023159488590411,1.7418951410011125,0.595290648721128
20,92,-0.8479993176099975,1.6750722781119047,0.6106458719614652
21,92,-0.792210969377683,1.6087375781329432,0.6308635619738671
22,92,-0.7349761529169095,1.544069885246677,0.6356707649375358
23,92,-0.6766722820901752,1.4822328614710867,0.6472771069854798
24,92,-0.6175861896507225,1.4241414926449723,0.6633913729562754
25,92,-0.5580535084965319,1.370421833983898,0.6646073755239195
26,92,-0.4985139807090899,1.3215485614535956,0.6605925489784561
27,92,-0.4392738821880834,1.277367008209034,0.6565389252836813
28,92,-0.3809347453282228,1.2372754465715023,0.6518078681793741
29,92,-0.32398316376307895,1.2008221486386719,0.6489064936347879
30,92,-0.2689774519469582,1.1669636916258537,0.6392727115821403
31,92,-0.21639486190176013,1.134667731112469,0.6272989313059185
32,92,-0.16695682105530987,1.1032475516486766,0.6318093041368823
33,92,-0.12099950461461476,1.0721217541774284,0.6232265548146216
34,92,-0.07920017404829156,1.0408735797466901,0.6278080657743902
35,92,-0.042006719396334505,1.009363579952601,0.6381448452287404
36,92,-0.00983665627460463,0.9780209037394366,0.63712556891425
37,92,0.016880476875586723,0.947350320200894,0.6478616590879582
38,92,0.037720730155272386,0.9183560375617772,0.658099612212768
39,92,0.05243153581239354,0.8918892610213899,0.6709380623314621
40,92,0.060613174549273965,0.8687118318734475,0.6715352572706095
41,92,0.06214120045309756,0.8495887468566621,0.667294958581825
42,92,0.05688930230293132,0.8347282768889837,0.6622919165770913
43,92,0.044598224032456585,0.8242639146876801,0.651478299940589
44,92,0.02531224382726051,0.81792330287261,0.6438924315499837
45,92,-0.0009661991590117492,0.8149184529710879,0.623664390329139
46,92,-0.03438630616643799,0.8142818974892695,0.5981276160173483
47,92,-0.07477143490795586,0.8148318629236053,0.5737849910176993
48,92,-0.12200576352424589,0.8153234104170043,0.5460334005048484
49,92,-0.1758946548825689,0.8148596851570449,0.5296316399222001
50,92,-0.23610661635693722,0.8126850504375354,0.5128415280319799
51,92,-0.3025945009591554,0.8080777184194387,0.5013244678727288
52,92,-0.37468901502745233,0.8006855847814001,0.4822267051873947
53,92,-0.4521508666736973,0.7902921669977291,0.46622691765889435
54,92,-0.5343396016053613,0.7770337250716447,0.4602418558576849
55,92,-0.6207797683800715,0.7608527871327656,0.44005970202811995
56,92,-0.7107050540286862,0.7413564134650067,0.4267350651052097
57,92,-0.8034242303881876,0.7183474302587082,0.4181710373982666
58,92,-0.8980937350300955,0.691300935591328,0.39502078960637216
59,92,-0.993910824210665,0.6595137962943145,0.3815964743353362
60,92,-1.0899947070101743,0.6224472280642652,0.37503866525082097
61,92,-1.1852185899830896,0.5795623578717998,0.36961459664304824
62,92,-1.2787734366800172,0.5306585838523554,0.35546773252236447
63,92,-1.3695555598587523,0.4755945121988539,0.3534930622293921
64,92,-1.4566607880784468,0.4146010563377588,0.3529488000615375
65,92,-1.5389234610751914,0.3481154624216819,0.35288104754238553
66,92,-1.6155557470407271,0.27673134100165125,0.36009499453900223
67,92,-1.6856216496373817,0.2012963759277315,0.36887212264200275
68,92,-1.74812940834962,0.12268103905345949,0.37551985253549325
69,92,-1.8025343594598542,0.04193090661519244,0.39220372547567556
70,92,-1.8480452591634657,-0.03996749087053298,0.41489528241391427
71,92,-1.8841246679675592,-0.12174767512342696,0.42469595018623446
72,92,-1.910391320115886,-0.2022816848480422,0.43865343291281433
73,92,-1.9265567051376953,-0.2800924406707619,0.4619040802823449
74,92,-1.9324199730291651,-0.35353768758921156,0.4765493204900548
75,92,-1.9281441976439,-0.4212519887222437,0.49062104404316353
76,92,-1.9138333022668343,-0.4818629252576919,0.5075472644016435
77,92,-1.8898138414476748,-0.5339654581134354,0.5193078169130871
78,92,-1.8566196067354332,-0.5766808893295118,0.514123466955598
79,92,-1.8146182075769162,-0.6094177162663582,0.5106418415867611
80,92,-1.7643733451362955,-0.6322370480803295,0.49955937961175184
81,92,-1.7066950302871995,-0.6454081011127349,0.48191677202836686
82,92,-1.6421054456869622,-0.6498346730094648,0.4601082662293874
83,92,-1.5713871095388787,-0.6464620014814493,0.4434032822677428
84,92,-1.4948479886347954,-0.6364266494359726,0.42359153123847043
85,92,-1.4133011738751298,-0.6208675116217711,0.40625760800043365
86,92,-1.3272441116179736,-0.6008209212471213,0.38872816939432736
87,92,-1.236927180801916,-0.5770813675390182,0.374913544195736
88,92,-1.1430088715741988,-0.5500203484198426,0.36634118527033643
89,92,-1.045753834610706,-0.519962126412857,0.37035997947465743
90,92,-0.9455578209992056,-0.48702369844498855,0.3616584240116887
91,92,-0.8426623191750405,-0.45110896763239283,0.36213873571433014
92,92,-0.7376557423050877,-0.4124569333181873,0.361822710824308
93,92,-0.6308688903163552,-0.3712615689732797,0.36067651583451554
94,92,-0.5229817371680009,-0.3281522972478433,0.35528445433667255
95,92,-0.41461953421203607,-0.2841173802848756,0.35175172735484084
96,92,-0.3064680430355295,-0.24052140299055483,0.34370194222915357
97,92,-0.19960248610277,-0.1987283460905743,0.3454828022805616
98,92,-0.09488412815261736,-0.16041783269703724,0.3382474455542027
99,92,0.006554723926017315,-0.1268747043673877,0.3371637761408144
100,92,0.10366605682127109,-0.09923428098388638,0.3472310769358468
101,92,0.19518679628626218,-0.07826967511605347,0.3550096345758716
102,92,0.2802126560705631,-0.06391112294809359,0.37011409868673495
103,92,0.3577882256973307,-0.05600363470451109,0.391092326347514
104,92,0.4271168819790316,-0.05380754053875078,0.4169945288850589
105,92,0.48766564592559875,-0.056355116917709724,0.4366356347988211
106,92,0.5390127448420445,-0.06252013090128695,0.45451304871806325
107,92,0.5812434803098375,-0.07132277473170279,0.4632911708526351
108,92,0.6144659642465212,-0.08210530112562218,0.4773184399644866
109,92,0.6393768674827384,-0.09433448409979374,0.47632927326937863
110,92,0.6566510026847452,-0.10770097028841032,0.4847958542011538
111,92,0.667443298029506,-0.12218886259497906,0.48426350242196187
112,92,0.6729472312442888,-0.13771652989262054,0.4775477126638197
113,92,0.6747162924045871,-0.15428633624591154,0.47084212680370746
114,92,0.6741547881551909,-0.17168864528855599,0.47494989158650724
115,92,0.6727749943922572,-0.1896508632626345,0.4652582898428554
116,92,0.6721654847371923,-0.20759444707134206,0.46572044778415583
117,92,0.6736014656949542,-0.2250089139779193,0.4840425595351733
118,92,0.6782737526944085,-0.24126363181293595,0.4885384160589665
119,92,0.6872654208651359,-0.2557670150028616,0.507675133700074
120,92,0.7009825488817879,-0.26799191406513345,0.5300079031736898
1,93,-1.513307635190957,2.6082906536487176,0.3322089029177125
2,93,-1.4931357179513394,2.5873993445697145,0.3757622369648973
3,93,-1.4717176853275222,2.5616090211732163,0.41059086014769325
4,93,-1.4490956036250795,2.531321136488565,0.44446720325129824
5,93,-1.4252683558226125,2.496778220575498,0.4679882408490416
6,93,-1.400195274581237,2.458615391766795,0.48747317688230224
7,93,-1.3737668812953037,2.417477005255286,0.5117565102184303
8,93,-1.345987620540867,2.373994651583632,0.5275067482615923
9,93,-1.3168328689238895,2.328679099005264,0.5367341093006024
10,93,-1.2861729488972917,2.2818192527287975,0.543191543643143
11,93,-1.253930291738979,2.2335175749207847,0.5502793832172732
12,93,-1.2200080967710671,2.1838244376329143,0.5545400137607552
13,93,-1.1843994943688108,2.1323202643072454,0.5603587642939732
14,93,-1.1468541989248906,2.0785268309170983,0.5594410064111667
15,93,-1.1073517854650896,2.0222104360597717,0.5585125128524823
16,93,-1.0658821912433052,1.9631712834633153,0.5536077667582529
17,93,-1.022357228206942,1.9013608288920743,0.5595703366481771
18,93,-0.9767029220509234,1.8370997631149246,0.5712375111689078
19,93,-0.9290161546362903,1.7710417501368925,0.5778834475705917
20,93,-0.879201358387314,1.7042310108834118,0.595787937931657
21,93,-0.8274857890415861,1.6378129665191292,0.6070557667707406
22,93,-0.7738594208544608,1.5730479441922383,0.6175610858482321
23,93,-0.7186644089044161,1.5111306553383155,0.6321748994749941
24,93,-0.6621750764424221,1.4529721662168753,0.6346833519976846
25,93,-0.604728069527892,1.399172021752933,0.6366221519455418
26,93,-0.5467726105697347,1.3501122136181714,0.6312357928226868
27,93,-0.4886349527008593,1.3055093099384185,0.6310510651398025
28,93,-0.4309606878607322,1.2646537626968484,0.6228333043841786
29,93,-0.37426906778745567,1.226956399372649,0.6117487675420692
30,93,-0.31916472308427307,1.1912680686315311,0.6013436807833059
31,93,-0.26616951314460113,1.1564796427206876,0.5976862552665577
32,93,-0.21605305521611778,1.1219006616082667,0.5923526432562419
33,93,-0.16919545028003663,1.0869798543201494,0.5931399086963185
34,93,-0.12631167513149244,1.0513834159957491,0.5931884493302918
35,93,-0.08788839287482603,1.0151088119950549,0.6095696698796725
36,93,-0.054365925075167694,0.9787402939193128,0.623077344845407
37,93,-0.026186865867218457,0.9429616117229142,0.6421415441017383
38,93,-0.0037849973163493165,0.908968005894605,0.6543096372943391
39,93,0.012588907902142439,0.8777861810549628,0.6626745581668323
40,93,0.022534590955010755,0.8503359610831751,0.6659443870115395
41,93,0.025942883752669375,0.8275250202891651,0.6733228299084661
42,93,0.022706719126437167,0.8096750321370514,0.6733859888952458
43,93,0.012588574811506728,0.7969997853103526,0.6647623254150946
44,93,-0.004358254961256164,0.7892654332983369,0.6523686022121014
45,93,-0.028113537917929827,0.7856795108014606,0.6230363190900907
46,93,-0.05881219570904803,0.7852167763283476,0.6081622268947285
47,93,-0.0962736440329801,0.7865892839543533,0.5760633535138406
48,93,-0.14037850985426142,0.7883881365338384,0.561179793932277
49,93,-0.19093464705468882,0.7895166649528239,0.5339081249606051
50,93,-0.24763107791403716,0.7889949391434296,0.5109853964605909
51,93,-0.31043469417051606,0.7858726887149501,0.4933542744634161
52,93,-0.3787133027426874,0.7796128800706034,0.48383720250556944
53,93,-0.45224708226447174,0.7698657250327652,0.46810100687506817
54,93,-0.5304405212558505,0.756729188996258,0.4598053491634823
55,93,-0.6128660926601838,0.7401863549997564,0.4478560667119627
56,93,-0.6988031859056889,0.7199728845579775,0.44201370652004485
57,93,-0.7876089424494653,0.6961105106494468,0.41943575717200937
58,93,-0.8784845489324781,0.6683191419028609,0.4074188431092687
59,93,-0.9706750410959011,0.6361630795676626,0.397209264833294
60,93,-1.0633521364568719,0.5993433473461455,0.38356445517431803
61,93,-1.1554249317673437,0.5574962045046234,0.378855823746854
62,93,-1.246127068927971,0.5105033409714465,0.3705184833947178
63,93,-1.334384434025658,0.45822498585393356,0.36018679957208033
64,93,-1.4193206925875959,0.400781515737502,0.3546143818704663
65,93,-1.4997946886339675,0.33841484971474334,0.3586220800033201
66,93,-1.575019822592373,0.27147100694536314,0.35549106191744606
67,93,-1.6440852510957518,0.2005089593409385,0.359447697611242
68,93,-1.7059909936854551,0.12611281022390847,0.35988151476387803
69,93,-1.7601961533848944,0.04906047698574862,0.3679470412930938
70,93,-1.8058969838116312,-0.029868333251171518,0.3798807366481745
71,93,-1.8425424266701498,-0.10956199197914451,0.392177470224134
72,93,-1.8697337694036915,-0.18895423309911985,0.4079908785695489
73,93,-1.8871590906016842,-0.26656295781705325,0.4321840800235958
74,93,-1.8945980893453722,-0.3406586710592292,0.44952235114421285
75,93,-1.8921755559558584,-0.4097438094275712,0.4681850985549424
76,93,-1.8799642923021438,-0.4722540382146358,0.4803963400241323
77,93,-1.8582484354713058,-0.5265771914911219,0.5016473262259373
78,93,-1.8275221312184486,-0.5716173871327385,0.5014140300317854
79,93,-1.7881174796962584,-0.6065668404789445,0.4994012696483784
80,93,-1.7405435275314813,-0.6313096983635685,0.4952013052174046
81,93,-1.685564157353723,-0.6459771708487878,0.48366090849721427
82,93,-1.62366774149092,-0.6513507633564916,0.4667027607073231
83,93,-1.5555833533998789,-0.6483092029388671,0.44370115685257205
84,93,-1.4815863700875944,-0.6379520575717228,0.42663872493685867
85,93,-1.4024469929044665,-0.6214045152037458,0.4021195130574084
86,93,-1.3186380710176493,-0.5997234618898906,0.3867058520893862
87,93,-1.2303914552939657,-0.57374531515034,0.3766947885238557
88,93,-1.1383399420679687,-0.5439216676470533,0.36294152936294083
89,93,-1.0427491201536396,-0.51067578441223,0.36013153782349744
90,93,-0.9440140602305308,-0.4742670952746629,0.3509034926560565
91,93,-0.8423961658554746,-0.4347861982170234,0.34328864921200763
92,93,-0.7385031699814455,-0.3926852437443481,0.3407972474603132
93,93,-0.6326921104785838,-0.3484093573920437,0.3338318007372533
94,93,-0.525688492379948,-0.30284482756081094,0.32763643740431553
95,93,-0.41815142414449546,-0.25727057660598657,0.316559928743035
96,93,-0.31080987177813557,-0.21328602061079177,0.30215452877853466
97,93,-0.20478896807915525,-0.1724547757661589,0.30034297227667445
98,93,-0.10098872149176677,-0.13660836644735433,0.2925564724489022
99,93,-0.0005883561366598811,-0.10707152447880171,0.30250653408028016
100,93,0.09533073322447079,-0.08495350654273552,0.30818104263595963
101,93,0.18547406808664169,-0.07089983119614954,0.3264264928802856
102,93,0.2689217262310353,-0.06463584646550345,0.34214484431493997
103,93,0.3447038500548734,-0.06573329775187779,0.368464105857414
104,93,0.41201544005579305,-0.07316261465677033,0.39885020558472284
105,93,0.4703385544971937,-0.08562594869004178,0.43147489206137046
106,93,0.5192745115938874,-0.10170984350053124,0.4488424252067253
107,93,0.5589290216609666,-0.1201622220304848,0.4800977905143056
108,93,0.5894476683377379,-0.14010843253978028,0.4889302544694396
109,93,0.611566210101218,-0.16084748939282975,0.5012639609913107
110,93,0.6260153116415601,-0.1819721646679186,0.5118952652937679
111,93,0.6339957674357575,-0.2033867474086539,0.5057887969347926
112,93,0.6367545791777913,-0.22500290894179012,0.5072816630288527
113,93,0.6359069626161444,-0.24682530276822598,0.5016615419404511
114,93,0.6329118253001563,-0.26867683146529203,0.5050070056379792
115,93,0.6293373660356666,-0.2903397960359182,0.5015393403933004
116,93,0.6268139014821452,-0.3112755236045268,0.5032044295235593
117,93,0.6266621640697483,-0.3310316389519869,0.5110484569314362
118,93,0.630117168378235,-0.3490249351689365,0.5224363470500589
119,93,0.6382797311183626,-0.36469162778718595,0.5411832003493354
120,93,0.6515736762792774,-0.37753981938033493,0.5654232108949786
1,94,-1.460149013534706,2.59720197497658,0.3513468246703412
2,94,-1.4406607767068336,2.577102340181175,0.4010187910263659
3,94,-1.42060142330437,2.552843922743988,0.43218847739635863
4,94,-1.4000008329651015,2.5247586947630505,0.4623463388820958
5,94,-1.3788322683575525,2.492974889347221,0.4843801893571774
6,94,-1.3570308747468751,2.458010364271381,0.5051136238376094
7,94,-1.3344499140944024,2.4203606988923423,0.509691415586883
8,94,-1.3110420169114514,2.3805085362404235,0.5235369299267117
9,94,-1.2867335940937692,2.3388440133301738,0.529178075324147
10,94,-1.2613327965048302,2.295526512642178,0.5397168686665549
11,94,-1.2346924780229596,2.2505405463780166,0.5390210965346643
12,94,-1.2066384393227596,2.203843875212491,0.5404204688327944
13,94,-1.1770712201921625,2.1549231691191695,0.5340252325057473
14,94,-1.1456526503244804,2.103243133168084,0.534872453112211
15,94,-1.112282466993854,2.0485340091163278,0.5356537306277096
16,94,-1.0768495903575486,1.9905970708496215,0.5371200602052126
17,94,-1.0391770329002163,1.929417329147695,0.5415421243311573
18,94,-0.9991171383412881,1.8653761633519936,0.5495292841309823
19,94,-0.9566795775956662,1.7992099145134697,0.5606303444997679
20,94,-0.9117023502702654,1.7320941735971527,0.5760076206902573
21,94,-0.864357449008761,1.6652604779361686,0.5882298138171784
22,94,-0.8146001300152143,1.600068666955529,0.5948457424406056
23,94,-0.7627376160228652,1.53776050591354,0.6052079341157742
24,94,-0.7090315467639917,1.4792607893580283,0.6104943637436104
25,94,-0.6538204388854642,1.4251589561586946,0.615507942073018
26,94,-0.597560864261123,1.375759875291549,0.6071813576558842
27,94,-0.5406008773972949,1.3306647693520326,0.6015743700939316
28,94,-0.4836269032552758,1.2890654335515923,0.5869392418360785
29,94,-0.4271895773972768,1.2502398246010722,0.5791638439294217
30,94,-0.37193650057974387,1.2129322136106795,0.572777721947873
31,94,-0.3184325614511151,1.1759506876832349,0.5753619209223648
32,94,-0.26749095665614875,1.138588368954893,0.5647946901523364
33,94,-0.2195342261506049,1.1003047931381602,0.5720380530370796
34,94,-0.17531047070046676,1.060825920488433,0.572550294622233
35,94,-0.13534294108373063,1.0202627009750884,0.5906029688962213
36,94,-0.10009389414875376,0.9793278017546675,0.5999594378744725
37,94,-0.07001911014467105,0.9388615659485794,0.6246129356785476
38,94,-0.04556219604069688,0.9002273944976076,0.6379169281459414
39,94,-0.026976957232092685,0.8646130752098729,0.6574104098396417
40,94,-0.01466685968848746,0.8330882404729272,0.6672717897309445
41,94,-0.008732331887408948,0.8066992221642167,0.6740554520017368
42,94,-0.009268731312417408,0.7858855326853157,0.6738104515132691
43,94,-0.016500494167681394,0.7709506301832116,0.6697618505207921
44,94,-0.030375597626024098,0.7617144797829897,0.6535983499756973
45,94,-0.05086693192705833,0.7573940666908926,0.6379967185482928
46,94,-0.07810626938669726,0.75692445876037,0.6116597081188198
47,94,-0.11192164873124028,0.7589272267319532,0.5907916334748506
48,94,-0.15220130506446874,0.7618411729304464,0.559985754691267
49,94,-0.19876594629509184,0.7643774672893445,0.5399249420668205
50,94,-0.25133669379831475,0.7653353675946079,0.5158044708384135
51,94,-0.3098997661670495,0.7635398474327996,0.49320700394178907
52,94,-0.37386986379310344,0.7582687079936232,0.4769537973840531
53,94,-0.4430499856820088,0.7490375849108101,0.46611193965918135
54,94,-0.5168952024829949,0.7359086218104295,0.4521469535231313
55,94,-0.5950257357063531,0.7189086980312238,0.4469595897788072
56,94,-0.67676729384087,0.6979057125852162,0.43843475958376427
57,94,-0.7615216338216819,0.6731408248483065,0.4276949001841095
58,94,-0.8485319348400662,0.6445772956098201,0.4223502908276742
59,94,-0.9370835505484694,0.6120402720302442,0.4112568950797397
60,94,-1.026395023051138,0.5754596432383499,0.3983585075772295
61,94,-1.115403150884839,0.534632073402336,0.3930460407251545
62,94,-1.2033758411929056,0.48950536422843344,0.3836141434981093
63,94,-1.2892590103940895,0.4399287871298574,0.3702758531161891
64,94,-1.3721961081364866,0.38590440849245183,0.36116213084386234
65,94,-1.4510627591564407,0.32748066439002904,0.3571648195765931
66,94,-1.5250643335703913,0.26477252240706367,0.3498795852731724
67,94,-1.593308691060538,0.1980718300642941,0.3481953612704655
68,94,-1.6547839392529733,0.12770660360861083,0.3468560411561437
69,94,-1.7089473685776198,0.05421642367197193,0.34826302104009266
70,94,-1.7549809036450452,-0.021798807297960382,0.3587303532566755
71,94,-1.792319054858232,-0.09937151874167596,0.37570257095053344
72,94,-1.8205463488015081,-0.17749481140470766,0.3877029928389244
73,94,-1.8393299894932087,-0.25470095847624696,0.4014250856557716
74,94,-1.84843184666314,-0.32920506872498184,0.4286488068798479
75,94,-1.8479438725315591,-0.399421011026722,0.44823464169987487
76,94,-1.8379113133351361,-0.4636421159275193,0.4643734683104651
77,94,-1.8185820002792368,-0.5200944449669654,0.481925657275499
78,94,-1.7904138380634005,-0.5675050411530909,0.49173365573394634
79,94,-1.7537089787343867,-0.6048750793870983,0.49705118864527414
80,94,-1.708927991398569,-0.631919049733113,0.49366498275122606
81,94,-1.65679111912529,-0.6486221825976657,0.4817251844188357
82,94,-1.597756064452045,-0.655618379104122,0.4681768875552146
83,94,-1.532500655065653,-0.65368403779443,0.44817002029103886
84,94,-1.4612714969592255,-0.6438390384023716,0.42995928965583285
85,94,-1.3847942685670334,-0.6271468015410344,0.4150184761776188
86,94,-1.3035181242297018,-0.6046413577406695,0.39482952157568063
87,94,-1.2176562525928676,-0.577158075061817,0.3812563383800704
88,94,-1.1278136013913374,-0.5451985062851066,0.36366050648788567
89,94,-1.0342550147612313,-0.5092608568416297,0.35354047661656207
90,94,-0.9373713281295273,-0.469731941673451,0.3456305729280729
91,94,-0.8374421525818162,-0.4268813244518717,0.3395150549301208
92,94,-0.7350894131985583,-0.38137239821916025,0.32925411936413124
93,94,-0.6306928264253242,-0.3339029580539756,0.3095380477863991
94,94,-0.5250175976881947,-0.2856198787713171,0.3027318162927361
95,94,-0.41875159383500515,-0.23809792589606674,0.28613754148122295
96,94,-0.3126618263926784,-0.19317876727123917,0.2746932714177758
97,94,-0.20791548711355518,-0.15263409478329504,0.2577837665635322
98,94,-0.10544580652511314,-0.11845947602200674,0.2561972071335938
99,94,-0.006471633300503557,-0.09203790248371924,0.2626007830425693
100,94,0.08789890190255657,-0.07447596015817133,0.2731305618158926
101,94,0.1763475436727803,-0.06632301315683992,0.29472343976181575
102,94,0.2579447438594905,-0.06713665596018646,0.3155802799469814
103,94,0.33171120355334655,-0.07625723523272342,0.34890117858336694
104,94,0.3968374135395118,-0.09241062200434216,0.3879761074660626
105,94,0.45282314972361876,-0.11401038872319223,0.42037924083620193
106,94,0.4992945106531369,-0.13939591953688055,0.4520224085994995
107,94,0.5363758082447809,-0.1670752757564309,0.47944064244446605
108,94,0.5642493485871096,-0.19597693424541857,0.49944002618581246
109,94,0.583683174068818,-0.22524374552135212,0.5154707673328139
110,94,0.5954585009737864,-0.2543686444796518,0.5211228305652799
111,94,0.6008127743948596,-0.28316051702242173,0.5298279306975303
112,94,0.6010388055222939,-0.31149830292001646,0.5321460816993914
113,94,0.5978013970493253,-0.33935033982871216,0.5362465376768544
114,94,0.5926035775216807,-0.36652458092345735,0.5325024991747104
115,94,0.5870590410948766,-0.3928010204686739,0.528861767482807
116,94,0.5828274656365949,-0.4176197307691067,0.5432432844763215
117,94,0.5812661889159866,-0.44052442433322914,0.549180169025725
118,94,0.5836454957086311,-0.4609214676663183,0.5515503875686489
119,94,0.5910767617097042,-0.4782259819355399,0.5771019355664573
120,94,0.6039986606748694,-0.49194439387141375,0.6025382672690052
1,95,-1.402192152667382,2.5809578828088537,0.3871309601434863
2,95,-1.383453074612459,2.5617784152615073,0.4291028175677529
3,95,-1.3648817619741969,2.5392994798687885,0.46478044604600965
4,95,-1.3464927873340138,2.5137653453352833,0.4829931939948722
5,95,-1.328228590814902,2.48516485089061,0.5046888215358187
6,95,-1.3099932215381405,2.453868404339185,0.5160043341910379
7,95,-1.2915956613792703,2.4201916616990076,0.5261504977506333
8,95,-1.272928520577054,2.384436852804045,0.5261604678385812
9,95,-1.2538599225269706,2.3468471230263876,0.5288462124384167
10,95,-1.234128068181465,2.3074301361596206,0.5324087573321029
11,95,-1.2135063782468325,2.266036174911509,0.5272945011199996
12,95,-1.1917357330048113,2.222521699353575,0.5262872643322346
13,95,-1.1686158744448651,2.1762763445990685,0.5184781619750205
14,95,-1.1437158374407603,2.1267104272836286,0.5146275164769624
15,95,-1.1168494524655699,2.073523008601046,0.5168952921678022
16,95,-1.0877999541499588,2.0165283118102915,0.5146809209447997
17,95,-1.0562983158187873,1.9557546881255485,0.5164085139925526
18,95,-1.0221221424153042,1.8916573974098985,0.5288334369653847
19,95,-0.9851923728343862,1.8250670672933227,0.5389977529441197
20,95,-0.9452809586075106,1.757303282967113,0.553868604789986
21,95,-0.9025054847921444,1.6896969393040748,0.5658945442444969
22,95,-0.8567879871563305,1.6237210817490983,0.5806703578132034
23,95,-0.8084018471228575,1.5606779837313294,0.5883231562489493
24,95,-0.7575962138045532,1.501522231601619,0.5876485629385021
25,95,-0.7047126016323585,1.4468494353363859,0.5958549927306878
26,95,-0.6502127910492023,1.3969054061501407,0.5892358115600271
27,95,-0.594468194039342,1.351193780979603,0.5785049813429117
28,95,-0.5382022780243986,1.3088218462480832,0.563199382918632
29,95,-0.481995259225947,1.268946150393466,0.5560438583440664
30,95,-0.4265335586467642,1.2302105276652702,0.5413966526936853
31,95,-0.37242259396929656,1.191340502632583,0.5381727121401493
32,95,-0.3205137774952461,1.15160439273263,0.5347266620051636
33,95,-0.27126934363795496,1.1104550877880977,0.5443160535365057
34,95,-0.22546510292328747,1.067655173385359,0.5579663332120743
35,95,-0.18365767146705378,1.0234019203977738,0.5651112137914652
36,95,-0.14632957816237688,0.9785043327387112,0.5857589271852511
37,95,-0.1139492444013298,0.9339295998871241,0.6075956006085279
38,95,-0.08696935503799715,0.891177779097633,0.6311110553791843
39,95,-0.06565148435531408,0.8515749277011743,0.6534137259613275
40,95,-0.050404365105427215,0.8163250660547288,0.6713579992669311
41,95,-0.04132639640346663,0.7866026400644889,0.674867254366878
42,95,-0.03850883870107868,0.7629645842202705,0.6769086230236513
43,95,-0.04217189854020965,0.7458106207377211,0.6732427315180802
44,95,-0.05227560012975727,0.7350285764704401,0.6646368037240467
45,95,-0.06879731673405749,0.7298600291531263,0.6478288070916471
46,95,-0.09187766789377631,0.7292206538319621,0.6214723202411971
47,95,-0.12136635201410265,0.7316615167451956,0.5926676525764478
48,95,-0.1571710749044066,0.7354862285614104,0.5671799312919836
49,95,-0.19913637419300878,0.7392287758324,0.5444293005355578
50,95,-0.24702741577592402,0.74147843882631,0.5197070864694011
51,95,-0.300855477628787,0.7408464224252495,0.4936982495083673
52,95,-0.36009171043278737,0.7364311335734333,0.48401171905104184
53,95,-0.4245655400495672,0.7276163504198155,0.46573671989195514
54,95,-0.4937877334150551,0.7144317570133032,0.4540511161398044
55,95,-0.567425335523688,0.6969486755607005,0.447806063086013
56,95,-0.6448501338519673,0.6751652642913212,0.4436866830648579
57,95,-0.7255036875346688,0.6495334105700881,0.43680882578972674
58,95,-0.8086670866537995,0.6202481151013444,0.43086058174390757
59,95,-0.8936571269309321,0.5873780301767285,0.4218850721717701
60,95,-0.979731906232753,0.5510607079514326,0.4165265916910541
61,95,-1.0658461763862335,0.5112304642041808,0.4071876944349894
62,95,-1.1512921254636725,0.46788113232420037,0.3984076052625068
63,95,-1.2350248297988589,0.4208369058968895,0.385639545002169
64,95,-1.3161981017535478,0.3699768661635326,0.3696484995840681
65,95,-1.3936954532424197,0.31516377991290134,0.36246019057327306
66,95,-1.466704401606556,0.25630643134231124,0.35864866516095845
67,95,-1.5343441858492055,0.1934615533540401,0.34296502733467443
68,95,-1.5955872065606684,0.12674250782120608,0.3450332750543246
69,95,-1.6498832414354136,0.05649169459414703,0.3464047343724561
70,95,-1.696398265475112,-0.01683352570607743,0.3540540470813893
71,95,-1.7345522054253175,-0.0923884154350217,0.353452373175143
72,95,-1.7639141600080885,-0.16921540477753438,0.37073853715263194
73,95,-1.7841337995200046,-0.24587430917565772,0.38664250117562876
74,95,-1.7949578988436712,-0.32055429675056946,0.4057081599208558
75,95,-1.7964521354553213,-0.39162408253534337,0.43692480310103476
76,95,-1.7886390484805879,-0.45728789298418543,0.45458015545931674
77,95,-1.7717376298223861,-0.5156617274665215,0.470610085977591
78,95,-1.7461742110997676,-0.5653454213008328,0.48307098241548274
79,95,-1.7122275388958588,-0.605185959273706,0.4939373276362888
80,95,-1.670317146114432,-0.6347482146994562,0.4884738057290997
81,95,-1.6211231760541642,-0.6538757802913454,0.4819344019278622
82,95,-1.5650764658761134,-0.6630415793025782,0.4714360741393362
83,95,-1.5028066621094507,-0.6628934540117206,0.4607573563195244
84,95,-1.4345355935474164,-0.6543362002702159,0.44388187981327815
85,95,-1.3609432732870073,-0.6383280121151202,0.4287162014114349
86,95,-1.2824559658095018,-0.6158375662156279,0.40612608824629315
87,95,-1.1992679626452258,-0.587654299285145,0.39141457943154223
88,95,-1.111953798847482,-0.554295233148433,0.3761422145004576
89,95,-1.0207754965624907,-0.5163018652349148,0.3644334863399984
90,95,-0.9261153770970796,-0.47416433163261973,0.3496259442201077
91,95,-0.8282685687302451,-0.42831237609536466,0.33464978881353824
92,95,-0.7278654308494674,-0.379607164172672,0.31457396909657903
93,95,-0.6253036272740615,-0.3289892669056973,0.3004013763506493
94,95,-0.5213813051789237,-0.2778594840418689,0.2868279186714366
95,95,-0.41680915246507566,-0.22808362146762734,0.26902892116919763
96,95,-0.312386215848396,-0.1817467490949805,0.24701854604433635
97,95,-0.20931300945997203,-0.1408325485329116,0.2278066862413457
98,95,-0.10854993679431986,-0.10751118595350784,0.22749349146752273
99,95,-0.01134759971325782,-0.08324368703256421,0.2292021435460716
100,95,0.08116603791695343,-0.0691599066042466,0.24197661982374918
101,95,0.1676568327714814,-0.06574914979924755,0.2619394116306263
102,95,0.24719158046480583,-0.07244383684579125,0.28875855104355785
103,95,0.3187864394340301,-0.08840054127903914,0.3220896164275268
104,95,0.3816308635983346,-0.1121510350807029,0.3712443658609767
105,95,0.43524444256562667,-0.1418678800182998,0.4138557563596258
106,95,0.47927903968267466,-0.1756874667131761,0.44747042025887424
107,95,0.5138749077797569,-0.21191542185385495,0.4749470616236512
108,95,0.5392492993843665,-0.24930810113251375,0.5027748289859895
109,95,0.5561946485816337,-0.2868678019171266,0.5185789717742239
110,95,0.5655359525176963,-0.32399007055413187,0.5295940981486088
111,95,0.568536812584641,-0.36037761591051476,0.5422429772341847
112,95,0.5665267482707277,-0.3958541540072408,0.5494842669932098
113,95,0.561206456340471,-0.43031681160664725,0.5528266339771541
114,95,0.5541109495616829,-0.4635138773783349,0.5614701275884642
115,95,0.5468875486316863,-0.49516731460873,0.5728933629182573
116,95,0.5412116879938235,-0.5246361687468101,0.573820121305833
117,95,0.5384671497493876,-0.551398296385363,0.5884301620766066
118,95,0.5399492956873766,-0.5747915229056281,0.6053539715796031
119,95,0.5467721328868068,-0.5941603700549531,0.6291248440829225
120,95,0.5593858877411069,-0.6089719487980704,0.6514384419397927
1,96,-1.3411103276727672,2.561564160143522,0.4257009679897535
2,96,-1.323169523929602,2.5433721225725603,0.46611732896201824
3,96,-1.3061831648296716,2.522801857489876,0.49212781740982114
4,96,-1.290147703329517,2.4999982144986697,0.5159016482543866
5,96,-1.27497002544725,2.474794644182707,0.5272258092444115
6,96,-1.2605168400379563,2.4473945980241583,0.5333170022035597
7,96,-1.2465466666308147,2.4179138715522757,0.5393971940855735
8,96,-1.2328850039513948,2.3864545924272496,0.5335777192469598
9,96,-1.219333446283751,2.3530960872782005,0.5336901058237637
10,96,-1.2055537534760639,2.3176809894907096,0.5303910722488774
11,96,-1.1912315142410599,2.2799161264281285,0.5217560335430608
12,96,-1.176016838409996,2.239553765667887,0.5214863930418718
13,96,-1.1596021406330381,2.195887241470144,0.5007741657643718
14,96,-1.1414605315904862,2.1482774336192567,0.4989713941564703
15,96,-1.121315587343918,2.096397522852859,0.4925826397473835
16,96,-1.0988422322064684,2.0400853945792443,0.49402138624091996
17,96,-1.0736779771007496,1.9794199459970518,0.4943660767857469
18,96,-1.045526156816993,1.9149392725578596,0.5092495580508449
19,96,-1.0142193650252551,1.8475752719681537,0.5167554174910949
20,96,-0.9794655122529736,1.7787976450235552,0.5296096749585691
21,96,-0.9413299359573478,1.710044864590601,0.5461205019998058
22,96,-0.8997041204336299,1.6429115364661488,0.5617716132726118
23,96,-0.8548299629168391,1.5787707022639033,0.5734025026778296
24,96,-0.80694501113424,1.51862051501142,0.5757714258311548
25,96,-0.7563956444113483,1.4630785282074652,0.5731386049748736
26,96,-0.7036471710195648,1.4123517354673283,0.5680291277636379
27,96,-0.6490961358778762,1.3658677584779058,0.5553171935316106
28,96,-0.5934991738104356,1.3226683167588145,0.5481568789436915
29,96,-0.5374642614700939,1.2818061462345556,0.5307295140560409
30,96,-0.481712156437997,1.24183697801646,0.5255783814180649
31,96,-0.4268858095533763,1.201408983089656,0.518460089308551
32,96,-0.37386905017674715,1.1597603363119688,0.5190239534162444
33,96,-0.32316018779792466,1.1163207005060267,0.5223979041544894
34,96,-0.2755566694055077,1.0708651302825292,0.5321232355244959
35,96,-0.23164438809281057,1.0236455883448716,0.5542210721661248
36,96,-0.1919236346371474,0.9755297860138996,0.5749543466349709
37,96,-0.15687419516450024,0.9275746923655831,0.5978204360336643
38,96,-0.12695620349567277,0.8813777400712881,0.6243516519743776
39,96,-0.102443230880627,0.8383729997280689,0.6493109599652633
40,96,-0.08375042371260394,0.7998773239963233,0.6685351670798966
41,96,-0.07098045587692052,0.76717756636298,0.6790630973033623
42,96,-0.06422761972446746,0.7409441549878027,0.6834588094827756
43,96,-0.06371624844951455,0.7216780873180885,0.6871442415470317
44,96,-0.06942897239134223,0.7093487882587356,0.6735229132851187
45,96,-0.08135867112428125,0.7032397954647429,0.6556924479103956
46,96,-0.09966686928473553,0.7022704721441659,0.6303589249192765
47,96,-0.1242376335159003,0.7049459943722529,0.598979523098075
48,96,-0.15500994895815187,0.7094574892318395,0.5749144197593808
49,96,-0.19186301684161233,0.7141839025626551,0.5427298439535597
50,96,-0.23461772089937613,0.7175222431716051,0.5225987990177205
51,96,-0.2833160152191853,0.7178874195454387,0.4952289439021741
52,96,-0.33749435517828935,0.7142090778045749,0.48013106876362616
53,96,-0.3970120892076935,0.7057446825995786,0.46777462943494397
54,96,-0.46144000136746727,0.6924942661973869,0.4551868925132056
55,96,-0.5304902330998141,0.6745705106366147,0.45513006631522795
56,96,-0.6035795420336988,0.6520934738459537,0.4541156069408426
57,96,-0.680183541115638,0.6257080997457574,0.45017971122636125
58,96,-0.7596160379488649,0.595819965713353,0.4489702533347936
59,96,-0.8412153833464588,0.5627147739290859,0.4390677892749286
60,96,-0.9242707273957395,0.5267085052361196,0.4321151174836491
61,96,-1.007743907541058,0.4878449418361855,0.43249128272489884
62,96,-1.0909404154861262,0.4461423640679051,0.4184760668629011
63,96,-1.1728127356575158,0.40138616534636534,0.39403714868102235
64,96,-1.2525147062992308,0.353331830015445,0.38653896291283263
65,96,-1.3289282556446378,0.3016699356830387,0.37885638033891855
66,96,-1.401213038496666,0.24613446624693253,0.35686540283997414
67,96,-1.4684919088676716,0.18658662611549887,0.3576183214271556
68,96,-1.5297179631208717,0.12297383425147027,0.3465638857708899
69,96,-1.5843279475918273,0.05548994788688229,0.34234546135636784
70,96,-1.6314706718457748,-0.01550671872093402,0.3459905706198741
71,96,-1.6705521803458465,-0.08926579187302235,0.3485675700006261
72,96,-1.701128149665994,-0.1648633477682008,0.36517867936204995
73,96,-1.7228350100268894,-0.24089417333219532,0.37548976716539595
74,96,-1.7354082688689698,-0.31554718628916595,0.40013930794967734
75,96,-1.7388949648587293,-0.3871865522418613,0.42620753881081297
76,96,-1.7333010078487985,-0.45398032633900537,0.45037724421203873
77,96,-1.718825281938027,-0.5139880102354076,0.4690503031429034
78,96,-1.6958684644487152,-0.5657368725365081,0.4874272073078271
79,96,-1.6646933979807448,-0.6079639496093062,0.49233366249283433
80,96,-1.625687132052966,-0.6401138901666343,0.4974931327435414
81,96,-1.5794942605955955,-0.6619030446232511,0.49386386338101035
82,96,-1.5265232035570104,-0.6736412662432367,0.4835179862683815
83,96,-1.467359270451024,-0.6758319409729653,0.47577557493940675
84,96,-1.4022035925641445,-0.6692386909492579,0.45515975151141336
85,96,-1.3316898975272362,-0.654678921462286,0.4459673726664362
86,96,-1.2562222117315012,-0.6330183068249617,0.4274335877337999
87,96,-1.1759754786911916,-0.6049582317346665,0.40597134812950814
88,96,-1.0914908392613107,-0.5709966207519951,0.395616072535274
89,96,-1.003024819946696,-0.5316830133895651,0.374182441591589
90,96,-0.9109462498818468,-0.48758113601945124,0.3697896345836455
91,96,-0.8155618730314628,-0.43925349157462346,0.3436057872396482
92,96,-0.7175040413208875,-0.3877350943953815,0.32741448673508394
93,96,-0.6171823446651213,-0.334188245402929,0.3002090606046151
94,96,-0.5154200582929462,-0.28024967121134026,0.27697148746463496
95,96,-0.4129437656898116,-0.22805981910908368,0.2498829021833624
96,96,-0.3105775822326678,-0.1799396806908841,0.2246467917155339
97,96,-0.20954555631869576,-0.13808174811489746,0.20977189109899616
98,96,-0.11082866910850621,-0.104837082659574,0.19686957470096472
99,96,-0.01570075659827617,-0.08176311434820968,0.2006552275631037
100,96,0.07469761266471033,-0.07003912658671543,0.21892297822235407
101,96,0.1590244896042364,-0.07013266633535947,0.24357873531185087
102,96,0.23634887597334356,-0.08139694736559336,0.26378544212042454
103,96,0.3056871189062512,-0.10285600731684087,0.30425269904834457
104,96,0.36623066856580216,-0.13290121716296094,0.3446660416057029
105,96,0.41752025663079967,-0.16951559979945927,0.38819813887436017
106,96,0.4592336762735667,-0.21067896386831103,0.4311342641354968
107,96,0.49152342949837996,-0.2545347840237545,0.467192290134062
108,96,0.5146387531210013,-0.2996951690144164,0.4981050168396025
109,96,0.5293873587653295,-0.3450400007393519,0.5180997296016921
110,96,0.5366296317896465,-0.3898736331772494,0.5372952729390187
111,96,0.5376434257552547,-0.4337868854173993,0.5493688779190102
112,96,0.5337843774466808,-0.4765305586103806,0.5629045043041039
113,96,0.5267736944965581,-0.5179022283783832,0.5726429422952815
114,96,0.5181645697857877,-0.5575524808526743,0.5785965542274955
115,96,0.5096244823747215,-0.5950965238283318,0.600352570315417
116,96,0.5028298374872134,-0.629760308448749,0.6026908597696273
117,96,0.49917934460356295,-0.6609008189685979,0.6187937915840592
118,96,0.4999820732409195,-0.6877354458504742,0.6401942297159665
119,96,0.5063459111186331,-0.7094938656458981,0.6681146937039513
120,96,0.5187289149707984,-0.7255698523321216,0.6943904822423175
1,97,-1.278971306628092,2.5410765198656584,0.46180731448395934
2,97,-1.2618596286358204,2.5238800737266858,0.5022117313221516
3,97,-1.2465188767105502,2.505232739013891,0.5292513596213655
4,97,-1.2329249483780484,2.4851733393962996,0.5442540249322174
5,97,-1.2209450473807268,2.463371253649915,0.5506700272401243
6,97,-1.2104030236755694,2.439852440891445,0.5507362375440422
7,97,-1.2010017891290632,2.414522446315453,0.5492301948705249
8,97,-1.1924939097756877,2.38727426779567,0.5465386018604595
9,97,-1.1846075738504969,2.3580157626803584,0.5379785270347828
10,97,-1.176923086849344,2.326420479141811,0.531390719191086
11,97,-1.169031532202535,2.292050778236593,0.5113200239684437
12,97,-1.1604883411177056,2.2545592514464623,0.5035698120785181
13,97,-1.150874007901351,2.213149802741315,0.4871764434106801
14,97,-1.1395645672647965,2.1671432139901357,0.48041236859305625
15,97,-1.1261909712627378,2.116194704926152,0.47511332826716396
16,97,-1.11031948398164,2.0601767453735347,0.4730723442173655
17,97,-1.0914946722461172,1.9992247246008983,0.47851418698225623
18,97,-1.0693477058817384,1.9339648877379756,0.4841880588153758
19,97,-1.043625165199088,1.8654328094660584,0.5041952651083185
20,97,-1.0139745166456098,1.7952478894735155,0.516953280018249
21,97,-0.9804123359035679,1.7249586335323182,0.532618605617169
22,97,-0.9428032997146811,1.6562836299242703,0.548567367647604
23,97,-0.9013613080620487,1.5906730098713768,0.5563212695342816
24,97,-0.8563138151608379,1.5291792391833487,0.5607925064753319
25,97,-0.8080145603120477,1.4724562518733644,0.5589472683758574
26,97,-0.756931110350963,1.4206937176994026,0.5457994874487739
27,97,-0.7034870440329636,1.3732674895572874,0.539639236132333
28,97,-0.6484682549372512,1.3291763585100709,0.5285788621286874
29,97,-0.5925086537641027,1.2873915811892422,0.5214598306108899
30,97,-0.5363586137341805,1.2463978782663623,0.5070663497095776
31,97,-0.4806952849010795,1.2047748717597657,0.506431337603028
32,97,-0.42642892657723164,1.161727365881414,0.5041981218478327
33,97,-0.37408958484092697,1.11664580999876,0.5054571357824833
34,97,-0.32448989308812387,1.0692928412129339,0.5212248051456029
35,97,-0.27824033476526167,1.0199400439759843,0.5434754683952648
36,97,-0.23585582268221392,0.9694723462057715,0.5654271473880802
37,97,-0.19782562397981732,0.9189941730539329,0.5920779594026583
38,97,-0.16461491304230133,0.8701558991010869,0.6202327277858345
39,97,-0.13651300455603005,0.8244640585623086,0.6450485093549215
40,97,-0.11394158195797671,0.7833224252666484,0.6728891259882832
41,97,-0.09701338066860797,0.7481106146456555,0.6824621294083218
42,97,-0.08583200979750187,0.7196054741823452,0.6893786389656168
43,97,-0.08063349698456415,0.6984122129282843,0.6911752344690493
44,97,-0.08143292324358915,0.6845941708649091,0.6811988832151387
45,97,-0.08824887169851728,0.6774948830583291,0.6618827865379437
46,97,-0.10127530856000132,0.6760613726356993,0.6388792026296537
47,97,-0.12044248438247811,0.6787803974630117,0.6133866412962496
48,97,-0.14573181909005992,0.6837571802674676,0.5809877265001988
49,97,-0.17706738122100407,0.6892435753407379,0.5503661680953383
50,97,-0.21433664636216906,0.6934678342941346,0.5231303932725373
51,97,-0.2576174224298486,0.6946718440671701,0.5061746134475037
52,97,-0.30651924425095883,0.6916316955445951,0.478415067609764
53,97,-0.3609346456312305,0.6834871179539526,0.47073133577228915
54,97,-0.42049787654130205,0.6702111212812188,0.4621670272504957
55,97,-0.4849636591005017,0.651951960025685,0.46661090111102616
56,97,-0.5537919302773422,0.6289383326513626,0.45945623468447383
57,97,-0.6264859994831272,0.6019836860778067,0.45925614874426524
58,97,-0.7023864333768862,0.5716759460118062,0.4569328399726322
59,97,-0.7808427320580508,0.5384851883328609,0.45283178595884666
60,97,-0.8611658563204202,0.5028716899634456,0.45728588820183624
61,97,-0.9423133018037738,0.4649580317979691,0.4405637827671505
62,97,-1.0235924474065943,0.4247660716983081,0.430660220192495
63,97,-1.1039411046349779,0.38203055203684316,0.416027282366968
64,97,-1.1825024928707986,0.3363869170666979,0.3997776824847842
65,97,-1.2581472184589881,0.28737141847998193,0.3832177022114556
66,97,-1.3299973473214755,0.23457817066051698,0.3710183924990904
67,97,-1.3971715174533839,0.17771585114811436,0.3557884102546986
68,97,-1.4586002319161282,0.11661680147508842,0.3432767725790599
69,97,-1.5137021011052156,0.05137658035902575,0.3405404728540458
70,97,-1.5616079482722527,-0.017701302784079866,0.34163519565293027
71,97,-1.6017113861040546,-0.08992992985252787,0.3510574445515031
72,97,-1.6335571774271747,-0.16440161755783836,0.36202839705827083
73,97,-1.656773503147437,-0.23974971439740153,0.37742531430808585
74,97,-1.671089184846458,-0.31418511687635686,0.4020827284355495
75,97,-1.6765409789664445,-0.3861037387791462,0.41643924881558786
76,97,-1.673125119462398,-0.4536868389387873,0.45174805374028065
77,97,-1.6610298241664214,-0.5149886053644975,0.47018749186594405
78,97,-1.6406369679205801,-0.5685178937703406,0.4851003633603759
79,97,-1.612201377446808,-0.6129482397583643,0.49298831702698004
80,97,-1.5760869009586893,-0.6476379146643372,0.50518103974765
81,97,-1.532907806841551,-0.6721964536541771,0.5085067762522376
82,97,-1.4830548861947848,-0.6867769874162424,0.5014150389186839
83,97,-1.4270735382527884,-0.691731524317746,0.49126820043092034
84,97,-1.3651481713964995,-0.6876655680829381,0.48069680689151084
85,97,-1.2978661485076894,-0.6752295983514437,0.46679521037138244
86,97,-1.2256097514989654,-0.6551561181581409,0.4495447371546316
87,97,-1.1485340732563347,-0.6280229306874172,0.4390222749265464
88,97,-1.0671437891580435,-0.5942782536992561,0.42472955620153985
89,97,-0.9816869961205201,-0.5544454164722467,0.4087662450512093
90,97,-0.8925138225136415,-0.5091306210617627,0.3896563363011651
91,97,-0.7999380539750925,-0.45899702536650955,0.3659571649951326
92,97,-0.7045874886618876,-0.40522225051350086,0.34620561355091617
93,97,-0.6068769300043112,-0.3491604084164092,0.308345592547424
94,97,-0.5076466499484406,-0.29265597710976793,0.28577734054390586
95,97,-0.4076317922617415,-0.238096329460299,0.25549979503383335
96,97,-0.30767423518116815,-0.18802134700505366,0.23241076270152694
97,97,-0.20901139267269342,-0.14482023978870293,0.20302907585033172
98,97,-0.11263808165215035,-0.11102457013596798,0.1867699564284559
99,97,-0.01984263822974553,-0.0883019256349463,0.18745942225101794
100,97,0.06822902645843285,-0.07790402053093384,0.1947748963273375
101,97,0.1502352620817533,-0.08031335282762418,0.20819911419695178
102,97,0.2252529642696064,-0.09484962525764414,0.23895460375526506
103,97,0.2923033696591626,-0.12045534601873034,0.2823835069149768
104,97,0.3505827165856765,-0.15543493785417747,0.32387983985872715
105,97,0.3996538407311299,-0.1976338254123249,0.36835352767225826
106,97,0.43922027007897535,-0.24492090072559838,0.40957721713770756
107,97,0.4694426038119136,-0.2953178092466694,0.45331090868670304
108,97,0.49059856235413984,-0.34732145310536655,0.4863422602442207
109,97,0.5035015886422414,-0.39970827100025963,0.5150536729436525
110,97,0.5090382004926615,-0.45170080502425314,0.5308054787425149
111,97,0.5084880366788872,-0.5027774629910806,0.5614710783662062
112,97,0.5032215076922149,-0.5526047269645087,0.5777934675969639
113,97,0.49496414014346396,-0.6008614027952126,0.5884029409549733
114,97,0.4852725751092261,-0.6470726392610983,0.5979488254554448
115,97,0.4758200988037863,-0.6907100839908954,0.6216463381744195
116,97,0.468268749347977,-0.7308278846053388,0.6440353656757261
117,97,0.46401987984725845,-0.7666199032057106,0.6553218465023551
118,97,0.46438414735596883,-0.7971429810490908,0.6756747407349871
119,97,0.47045414792297013,-0.821477926105412,0.7072775071636163
120,97,0.48269176219746085,-0.838918468574105,0.7381182693368863
1,98,-1.217588783055874,2.5215668950208316,0.4951687749759255
2,98,-1.2013191856100518,2.5053210325724544,0.533423334238532
3,98,-1.1876491359289032,2.488506928064598,0.5600656760364426
4,98,-1.1765319511094712,2.471054345821024,0.5619739734238913
5,98,-1.1677915863702482,2.45246539574776,0.5737340407819943
6,98,-1.161204322652243,2.4325849996831046,0.5667729050865421
7,98,-1.1564132829111915,2.411105775881898,0.5665467330126864
8,98,-1.1530935394047457,2.387711779787585,0.551728808383914
9,98,-1.1508943085370145,2.3621403908266134,0.5376311289591328
10,98,-1.14931080706995,2.333901404743457,0.5162300899493146
11,98,-1.1478346077223187,2.3024207587564147,0.5105840960247704
12,98,-1.1459243517904398,2.2672645526220796,0.4925053703796553
13,98,-1.1430458840465603,2.2275621139677946,0.47424380232099916
14,98,-1.138478877000807,2.1826097113411547,0.4598139839834379
15,98,-1.1317610614648106,2.132057092793664,0.4580946593424021
16,98,-1.1223519170626746,2.0758235825558327,0.45359879275066983
17,98,-1.10970543262742,2.014106795012611,0.4597524248147402
18,98,-1.0933843705511563,1.947623143334382,0.467200399856631
19,98,-1.0730535334251439,1.8775094176502252,0.48680776186484265
20,98,-1.0483052983918322,1.8055273153029991,0.5009658077276203
21,98,-1.0191122885151656,1.7333309523335483,0.50926306222871
22,98,-0.9853174330581113,1.662758320820339,0.5333626271322863
23,98,-0.9471114762595293,1.5953379199660167,0.5430622965394508
24,98,-0.9047141890871048,1.5321832577121417,0.5465589227968732
25,98,-0.8584900926348085,1.4739969119238658,0.5522364437366302
26,98,-0.8089085441064654,1.4209730632123103,0.5480993055466091
27,98,-0.7564224458846213,1.3724617219684445,0.5359414638541139
28,98,-0.701843364542744,1.3274443286570747,0.5252632725619708
29,98,-0.6458296079116522,1.284836491791848,0.507887373379396
30,98,-0.5891564918399381,1.24307261066926,0.49499177918001064
31,98,-0.5325317856027941,1.2006747467230734,0.4927108015015087
32,98,-0.4768860972220811,1.1568120713990158,0.4891298149082357
33,98,-0.4227762187040383,1.1108196981970768,0.498285120537283
34,98,-0.3710230520409418,1.062421834899028,0.5173790110273597
35,98,-0.32225624104574646,1.011871519197601,0.5300040609512848
36,98,-0.27700131913411946,0.9600263771711862,0.5589884492770337
37,98,-0.23575416870142704,0.9079920484433256,0.5899834910150625
38,98,-0.19898155670419032,0.8574242459270084,0.614826152973079
39,98,-0.16699123192172527,0.8098630224766826,0.6481595116029489
40,98,-0.1402101417728583,0.7667704703697286,0.6729519712143707
41,98,-0.11876581979492246,0.7295969623279961,0.6833691442694034
42,98,-0.10277617909509688,0.6992168172126794,0.6970803886075284
43,98,-0.09249523022524099,0.6763408765734052,0.6993447220571724
44,98,-0.08797919013244647,0.6611375371305148,0.6905266598223041
45,98,-0.08928133751652498,0.6530289033460311,0.6753386240403405
46,98,-0.09663867187143554,0.6510140089278025,0.6529461473100935
47,98,-0.1100383279731905,0.6535908346547427,0.625881428025005
48,98,-0.12951440651554175,0.6588082980447934,0.5943988031805936
49,98,-0.15504526079844366,0.6648238235445113,0.562741081588941
50,98,-0.1865949399429998,0.669725239633952,0.5380432177056389
51,98,-0.22428183724050987,0.6716095092089331,0.5097727175475268
52,98,-0.2677953062449914,0.6691179885165962,0.49770487595714824
53,98,-0.31706417000908077,0.6612838023674369,0.48372773333745805
54,98,-0.3717887951131099,0.6480551055776612,0.4773686477515376
55,98,-0.4317634571406248,0.6296075838483384,0.47042423613669343
56,98,-0.4964890053704946,0.6062612128695652,0.4763487400317609
57,98,-0.5654897427432499,0.5789683738846773,0.4738108401366888
58,98,-0.6381265104193107,0.5484659032751739,0.4783287000125122
59,98,-0.7137493935990702,0.5153719011210107,0.47693417195093135
60,98,-0.791681483326291,0.4802544545350959,0.47728179842061835
61,98,-0.8708643117583986,0.44328418351052895,0.46351445146818077
62,98,-0.9505956304743719,0.4044678008005848,0.4516681478226933
63,98,-1.029786616388814,0.363480334850922,0.431945007376346
64,98,-1.107559167088488,0.31984442346240144,0.41991018089766785
65,98,-1.182763090918756,0.2729626759238459,0.3996598094578627
66,98,-1.254473762161441,0.22232503020700625,0.3796243228705513
67,98,-1.3217980671436427,0.16753055160343872,0.3666838099163252
68,98,-1.383641241929546,0.10834534613577866,0.35652153207887427
69,98,-1.4393994797667433,0.04481424007531891,0.34872858103774773
70,98,-1.4881854029877877,-0.022772721402929807,0.3545622076851833
71,98,-1.5293826573905864,-0.09376192796921379,0.3522585096144319
72,98,-1.56252827560654,-0.1672446044179029,0.3737911255001023
73,98,-1.5872479674813171,-0.24189300363255425,0.3866091274904546
74,98,-1.603269316849344,-0.3159576505968081,0.4082656279858685
75,98,-1.6106277347381057,-0.3878958804810414,0.43076771524637275
76,98,-1.6093175309265144,-0.4559443357169187,0.45364468657005114
77,98,-1.5995262757927948,-0.5181964236702644,0.4710475233071208
78,98,-1.5816245233927981,-0.5731911668956832,0.4908093288610035
79,98,-1.555867153795931,-0.6195824604161977,0.5030965325876215
80,98,-1.522604426075949,-0.6566761589926869,0.5098496901859895
81,98,-1.4824258445513023,-0.683998184666461,0.516817165875053
82,98,-1.435709334589886,-0.7015574951651568,0.517277374756693
83,98,-1.3829649918804792,-0.7095562115600609,0.5121703148224948
84,98,-1.3243640370960148,-0.7084346500614509,0.5060969652599211
85,98,-1.2604474806366819,-0.6986619022786598,0.49420793958562126
86,98,-1.191575904307301,-0.6808179539068999,0.48413962916112707
87,98,-1.1178836207394431,-0.6553325800078639,0.47004983297763214
88,98,-1.0398353616004061,-0.6225823888054897,0.45985737179240516
89,98,-0.9576672974763271,-0.5830361625181543,0.43803502443373904
90,98,-0.8717051761832556,-0.537314853445355,0.4213449031246018
91,98,-0.7822642909037495,-0.4861496553697911,0.39614215744323833
92,98,-0.6899610197090214,-0.4308253048571809,0.36501622701444386
93,98,-0.5952077452690522,-0.37285110815569694,0.33353166079901614
94,98,-0.4988531093519086,-0.31424163071051553,0.29934868161530137
95,98,-0.4016329312777103,-0.257592069469905,0.26750034189325883
96,98,-0.30439907762424656,-0.20563293187169387,0.22607035553040894
97,98,-0.20839164273564478,-0.1609268142720416,0.19921486023084525
98,98,-0.11461238821148073,-0.12617564455879188,0.18678194371971787
99,98,-0.024355136991691086,-0.10316270814885384,0.17204813228674048
100,98,0.06123601560085974,-0.0932285887900283,0.1733797185336219
101,98,0.1408277359742371,-0.09690226761382355,0.19733828657887137
102,98,0.21351011845361942,-0.11351228227082918,0.22364627004942686
103,98,0.2783136977782935,-0.14196763793512604,0.25846607660917104
104,98,0.33444177041405704,-0.18053682227148565,0.3020519955281327
105,98,0.3814794743285197,-0.22697812495358494,0.34745424615135295
106,98,0.41915515778404866,-0.27909310991184844,0.3849234081898347
107,98,0.44763248072558587,-0.3348205248457951,0.430649253483162
108,98,0.467213119685067,-0.3925714100552832,0.46924517102231444
109,98,0.4787058351731401,-0.45103788217487956,0.5047188211948537
110,98,0.48301274473975075,-0.5093728909973964,0.5212744933888421
111,98,0.4814018199719655,-0.5669471609566475,0.5497570345135614
112,98,0.47524573038023277,-0.62333864898599,0.56475957556001
113,98,0.4662569641800643,-0.6780988762470117,0.5913924670721882
114,98,0.4559796977336357,-0.7306124561966666,0.6131473555204872
115,98,0.44607749480596065,-0.7801861141550008,0.6342174616481491
116,98,0.43818193986353277,-0.8256807806114549,0.6573983464930192
117,98,0.43368380054420097,-0.866102101010662,0.6866192695937794
118,98,0.43388233051406744,-0.9003222134364272,0.7088369528100733
119,98,0.43984514756264204,-0.9272530819631427,0.7390922769699598
120,98,0.4520335738302978,-0.946071932649048,0.7725965977335197
1,99,-1.158657610904359,2.5047247576530887,0.5253052614136976
2,99,-1.1432249343132448,2.4893376282058433,0.5655527581030957
3,99,-1.1312147754140922,2.4741752984018577,0.584396996114791
4,99,-1.1225563921348907,2.459058392424878,0.5895964815623166
5,99,-1.1170277339394716,2.443323252907445,0.5903601865932128
6,99,-1.1143539543781296,2.4266363280851215,0.5835686169996467
7,99,-1.1141154302011382,2.4084814674184987,0.5718257619855515
8,99,-1.11590680750434,2.388342268570115,0.5538768716907647
9,99,-1.1192944179083824,2.365794687232326,0.5331780780783986
10,99,-1.123686429691939,2.3401987882312865,0.5132875286543348
11,99,-1.1284718223444277,2.3108607865834485,0.4967756686578602
12,99,-1.1330122967466807,2.277281632229225,0.4812439896316689
13,99,-1.136658170264429,2.2385384491346048,0.46291284725625476
14,99,-1.1385952983920558,2.193924403547172,0.44829736210550486
15,99,-1.1382692070941756,2.143100696386722,0.44183866137669187
16,99,-1.1350364259636083,2.086046662493806,0.4355248118178366
17,99,-1.128264182739771,2.023027689152238,0.44825307376819334
18,99,-1.1174517349451512,1.9548489383574763,0.4563977892080506
19,99,-1.1021877319145774,1.8827412538191073,0.46910449416778444
20,99,-1.0820158470223606,1.8085947491009606,0.4919557357164038
21,99,-1.0568703861962185,1.7341579970369347,0.5059252412070179
22,99,-1.0265781627333677,1.6613773648984513,0.5228421214311243
23,99,-0.9913124327114836,1.59185629927622,0.5377981362241273
24,99,-0.9512880981831218,1.5267724134197724,0.5431950545885292
25,99,-0.9068843865193577,1.4668872388711103,0.55108661408447
26,99,-0.8585725153372665,1.4124213361620093,0.5349156143161333
27,99,-0.8068372535422552,1.3627258840107792,0.5285352937990883
28,99,-0.7525126430981993,1.3167928144675436,0.5200007147508247
29,99,-0.6962802701494653,1.2735102568058803,0.505703116959857
30,99,-0.6389361215672562,1.231285165235856,0.500225815129478
31,99,-0.5812152550270865,1.1885937975198493,0.48813679060986903
32,99,-0.5240630410083355,1.1445674421513439,0.48862631357626213
33,99,-0.46805805246365234,1.0984692144220778,0.5064151169779763
34,99,-0.4140228073139558,1.0499577793141532,0.51366792133464
35,99,-0.3626007019859593,0.9992273485011731,0.5301673189356397
36,99,-0.31432374188849366,0.9470623224939578,0.5566189565903247
37,99,-0.2696912573731673,0.8945215338652663,0.5875373371384396
38,99,-0.22916768622248176,0.8432180767570762,0.6209378906035145
39,99,-0.1930811930884943,0.7946857578172097,0.6481185402196183
40,99,-0.16186169333965736,0.7504158677772782,0.6729119767717555
41,99,-0.13565526659347252,0.7119071114364448,0.6905475074301066
42,99,-0.11459772631735556,0.6801215487823794,0.7044871627970669
43,99,-0.09896584017378394,0.6558758002421402,0.7096626010437976
44,99,-0.08886407156097989,0.6394528314360602,0.7042036930079342
45,99,-0.08438762692658261,0.6303710832044283,0.6884100495843063
46,99,-0.08582552318418837,0.6277046954307522,0.6659957145233529
47,99,-0.09323057166554768,0.6299923878783142,0.6423401590317311
48,99,-0.10669814160324799,0.6352571088146418,0.6076194799266768
49,99,-0.12626870152614816,0.6415966295646754,0.5811812638965828
50,99,-0.15199117771416057,0.6469891179041012,0.548444194102318
51,99,-0.184028206897638,0.6494173193458835,0.5251313754299967
52,99,-0.22215413117170327,0.6474085585314967,0.504523736004118
53,99,-0.26633656537363615,0.6399018899365476,0.4878090475476128
54,99,-0.31634363060032156,0.6268216733174486,0.4864459837710212
55,99,-0.3720055335168397,0.6083608636102141,0.49033899224127275
56,99,-0.43286140620984437,0.5849103475310642,0.4935630355054396
57,99,-0.49844978394553113,0.5575287734278099,0.49176148431618083
58,99,-0.5681452212358846,0.5270657266454184,0.49714553579954124
59,99,-0.6412882169794982,0.49425013954217584,0.4972924974558153
60,99,-0.7172045479355066,0.4597222287425676,0.4886370472751522
61,99,-0.7948086609255784,0.42367293819694746,0.4827990348900173
62,99,-0.8733778942166356,0.3860795474502548,0.47137050366587263
63,99,-0.951785601083818,0.3465531561753798,0.45327513691526233
64,99,-1.029122413359214,0.30451543900950945,0.43515295566462847
65,99,-1.104208632556227,0.25925912411186536,0.41464925733690283
66,99,-1.1760650248481102,0.21020552732922662,0.3909451134990043
67,99,-1.243779933073192,0.15688515303965742,0.38414460487814706
68,99,-1.3062314337740444,0.09904214866203347,0.3721616143240933
69,99,-1.3627900133635007,0.036712243156529156,0.3681047361092124
70,99,-1.4125504354963951,-0.02979286984586934,0.36878835942550287
71,99,-1.4548897247005481,-0.09982681274329988,0.38052849789250054
72,99,-1.4893406901828754,-0.17246557013462369,0.38682921765273093
73,99,-1.515532819143473,-0.246419652704017,0.4052558517108181
74,99,-1.5331982820921652,-0.31999331665335573,0.4182186888512599
75,99,-1.5423801811843114,-0.39172843208030994,0.4446755159354908
76,99,-1.5430789024693197,-0.4599505835074322,0.463881876373467
77,99,-1.5354913697061847,-0.522828016156205,0.4864590442499897
78,99,-1.5199844209551563,-0.5789695681958039,0.49768310560146134
79,99,-1.4968207600927408,-0.6270469329784186,0.5154968161733332
80,99,-1.466346468172506,-0.6663438851992916,0.5238957203526035
81,99,-1.4291318273709193,-0.6963253736739475,0.5318217394776271
82,99,-1.3855464007777931,-0.7168723458767815,0.523147283623993
83,99,-1.3360695148892188,-0.7280453872204742,0.5310019612052095
84,99,-1.2808621633901442,-0.7301219358795151,0.5259248564527235
85,99,-1.2204191606562935,-0.7233876050871397,0.5194836244056802
86,99,-1.155079040731868,-0.7082631634959434,0.5150292020187239
87,99,-1.0849541548278354,-0.6850197283425439,0.5051434246185269
88,99,-1.0104657673519895,-0.6539520638289236,0.49819992954517867
89,99,-0.9318343946580002,-0.615455765090235,0.47783629182521353
90,99,-0.8493557514073556,-0.5701458296734294,0.4555453775472413
91,99,-0.7633406870630645,-0.5187921133372777,0.43371937132349886
92,99,-0.674387562092379,-0.46275000108047565,0.3931443578678314
93,99,-0.5828984396724926,-0.40364348063889166,0.3622306005160285
94,99,-0.4897219107817264,-0.3436120735930057,0.3274708148204194
95,99,-0.3955866327831543,-0.285409802530581,0.2835958296073895
96,99,-0.3013468243182796,-0.23191850464777095,0.2451445460894401
97,99,-0.20823470531719512,-0.18583913665548943,0.21046242071594598
98,99,-0.11725236312595998,-0.15002264712467414,0.1900056319362849
99,99,-0.029690301001953235,-0.1263630927321035,0.16933079026242528
100,99,0.05331607734358317,-0.1162971976497157,0.17225809609284504
101,99,0.1304493987345962,-0.12042368712811759,0.1825385612804333
102,99,0.20081790022442333,-0.13811586221086114,0.20863510643065153
103,99,0.2634656221358305,-0.16829107480248842,0.24712476350541757
104,99,0.3176049526668162,-0.2092276662183969,0.28096844991396436
105,99,0.3628431581052509,-0.25864292129498156,0.3246817272235557
106,99,0.39893225272825866,-0.31431028487834095,0.36670105660083846
107,99,0.4260336353782688,-0.3741208521664883,0.4041780500556024
108,99,0.4444681125151167,-0.43642757019285383,0.4471403468893497
109,99,0.45502926844122826,-0.4998558275346137,0.4764679449235657
110,99,0.4586238400019693,-0.5635029522447972,0.5055853885841551
111,99,0.45649452674997726,-0.626641104478427,0.54006935290824
112,99,0.45000339752962126,-0.6887628473128266,0.5626741026374433
113,99,0.4408322843578903,-0.7492953774807718,0.5925550074114482
114,99,0.43049658474554886,-0.8074820090523824,0.6148657240455507
115,99,0.4206341340504013,-0.8624612948068525,0.6460738378043752
116,99,0.41282993312940824,-0.912900086775813,0.6731420042508004
117,99,0.40845054390383334,-0.9576115389750384,0.7048930080258851
118,99,0.4087704603960952,-0.9952785313187095,0.731633217226723
119,99,0.41482248358950347,-1.0246415781794531,0.7661130051400665
120,99,0.42706277778910107,-1.0447577026787922,0.8045632329308376
1,100,-1.1038145326676203,2.4920607274402333,0.5447404801253618
2,100,-1.0891970532832675,2.477400473614759,0.5886760128014952
3,100,-1.0788030564763933,2.4636298523416373,0.6058842446539676
4,100,-1.0725366225337223,2.4504623361579334,0.612908678428466
5,100,-1.0701275329449906,2.4370736323150672,0.6062982279306852
6,100,-1.0712469935803954,2.4229591396287256,0.5934485611436497
7,100,-1.0754105831404632,2.407403708684038,0.572339230208072
8,100,-1.0821307866973677,2.3897059907417817,0.554031183631154
9,100,-1.0908883693424405,2.3692969582669052,0.537401894801043
10,100,-1.1010037131211536,2.345409053407033,0.5129824118420544
11,100,-1.1117616910368227,2.317253807795565,0.4802154228174142
12,100,-1.1224285004225523,2.284296163075533,0.4684296496978959
13,100,-1.1322396767905962,2.245590986808643,0.44800144303349093
14,100,-1.140291444011621,2.200455612098248,0.43218036755646616
15,100,-1.145939678854926,2.148584338202355,0.4254574703298347
16,100,-1.1484437506683518,2.090030552454739,0.42783519604985737
17,100,-1.1470895496814324,2.0251330473050264,0.43571171901934236
18,100,-1.1413191116120769,1.9547811125415067,0.4430977987979687
19,100,-1.130652271987439,1.8802878231054945,0.4600233277924337
20,100,-1.1145918209110024,1.8036516175280592,0.4793726399009703
21,100,-1.0930406271504653,1.7266974665327877,0.4994651037334421
22,100,-1.065816235930806,1.6514626054572632,0.5176506936069398
23,100,-1.0330813785510247,1.5796168496882534,0.5374315689207626
24,100,-0.9950499060875028,1.5124010643117416,0.5462483740000649
25,100,-0.9521207543809097,1.4506435537997082,0.5451666542628887
26,100,-0.9047681201331115,1.394612470774414,0.5434772457151337
27,100,-0.8535118847701405,1.3436874686440738,0.5377807942721541
28,100,-0.799206121903163,1.2969003060490365,0.5251040472185408
29,100,-0.7425553133020234,1.2531411810438995,0.5151108665267794
30,100,-0.6843724319807114,1.2108138249858216,0.502845076002103
31,100,-0.6254168161031939,1.1683606043893733,0.49798546677480254
32,100,-0.5666434707008969,1.124872359395083,0.5022069843935416
33,100,-0.5086477376456536,1.0795232314669296,0.5014636901481215
34,100,-0.45224714438674535,1.0318785807106408,0.5137239616317065
35,100,-0.39809320071529347,0.9820325974368774,0.5295568464251262
36,100,-0.34671972991917555,0.9306507070305262,0.5572511608319359
37,100,-0.2986255366612183,0.878696986805962,0.5841208104408885
38,100,-0.25426801932870025,0.8276958398092857,0.6237218446499547
39,100,-0.21399647327936366,0.7791362615378278,0.643849725742601
40,100,-0.17823999745218433,0.7345108566508696,0.6753128227856313
41,100,-0.14716554898798026,0.6953452778215664,0.6938532126833397
42,100,-0.12092858339142482,0.6626799019373257,0.7029835683958024
43,100,-0.09983149595921237,0.6374363962074547,0.7082798028863102
44,100,-0.08403214219626043,0.6200201849477875,0.7124021114854884
45,100,-0.07367279600044405,0.6100622219962152,0.7023239827399754
46,100,-0.06910150614502486,0.6067325364969541,0.6840616800558691
47,100,-0.07044351145870456,0.6086384315592828,0.652104572969782
48,100,-0.07786206001980299,0.6138061954957105,0.621567421265926
49,100,-0.09146589935789376,0.6203085784254827,0.594610239686403
50,100,-0.1113953362835111,0.62604533586207,0.5606015882150992
51,100,-0.1378598061713251,0.6289162312696485,0.5438762855209344
52,100,-0.17072220576256802,0.6273555197283205,0.5271867288936091
53,100,-0.20999081788693083,0.6202211195101389,0.5100964175959393
54,100,-0.2555021661632198,0.6074132191278604,0.5043401174375737
55,100,-0.3071182787579028,0.589130407415207,0.504535003407021
56,100,-0.3644136511209676,0.5658122168812885,0.5082044216792814
57,100,-0.42693431808222204,0.538589954566856,0.5078328339556188
58,100,-0.49406197342638536,0.5083893673567278,0.5172036120865839
59,100,-0.5651178880261478,0.4760147977170594,0.5172510929257131
60,100,-0.6394213719396848,0.4421462678109222,0.506628888712669
61,100,-0.7158492651676601,0.40697258173864365,0.5028984989227274
62,100,-0.7936484469309715,0.370432997958269,0.48427654336348597
63,100,-0.8716441724416939,0.33207624252353785,0.4672274503173309
64,100,-0.9488865804843135,0.2912392864564759,0.4539096624295251
65,100,-1.0241585503182877,0.24713107049440616,0.42955915745404094
66,100,-1.0964195592528838,0.19913814995006693,0.41235586061687196
67,100,-1.1647333864845673,0.1467597765174914,0.3949377506469239
68,100,-1.2279497995747377,0.08975548154196947,0.38254925100566506
69,100,-1.2854113869614325,0.028185185666545574,0.3828210810022804
70,100,-1.3361960069962737,-0.0375911319335599,0.3837531726445774
71,100,-1.3796783142620834,-0.10691467073039596,0.38747403240555994
72,100,-1.4153908548494725,-0.17883697730335255,0.4014842757864554
73,100,-1.4429737667861582,-0.25210657364777744,0.41310604510684895
74,100,-1.4621701982843665,-0.3250925001574998,0.4246439802057667
75,100,-1.4730402460119532,-0.39643764630399037,0.4519924960692771
76,100,-1.4755988959303044,-0.4645805263594504,0.47391055625578987
77,100,-1.470062660387961,-0.5277894027221123,0.4878254808673226
78,100,-1.456802739455127,-0.584771200424115,0.5083789067567654
79,100,-1.436097364689393,-0.6342438238980648,0.5266420615198822
80,100,-1.408297995545026,-0.675492811577058,0.5319485441220605
81,100,-1.3739615368079912,-0.7079416364040212,0.5457134741809396
82,100,-1.3334536982441736,-0.7313606119019017,0.5438713297019399
83,100,-1.2872278049101078,-0.7456823529184405,0.5472524619407811
84,100,-1.2354372533700875,-0.7510319307272068,0.5522286814440129
85,100,-1.178531172174881,-0.7475214435283414,0.5494541624810284
86,100,-1.1168254646261209,-0.7354187751577369,0.5438343278633059
87,100,-1.0504092554183158,-0.7148409384130396,0.5413612385831855
88,100,-0.97965687297048,-0.6860040740624435,0.5314145135286906
89,100,-0.904769209121574,-0.6492242683538016,0.5186954547443786
90,100,-0.8260063998068974,-0.6051000034019818,0.49768072135347613
91,100,-0.7436684605407714,-0.5544171596725009,0.47088691553306944
92,100,-0.6583293312359377,-0.4985680691005895,0.442013059714852
93,100,-0.5703725090158391,-0.43925046111289323,0.4014183863278186
94,100,-0.4806382905715811,-0.3786792563897937,0.3546841160990195
95,100,-0.38984019498300754,-0.31971108664371334,0.30605690077402786
96,100,-0.29882720408143043,-0.26533001924478566,0.2640470546349984
97,100,-0.20881317367482016,-0.21832911184218662,0.22604202018719963
98,100,-0.12079400828344339,-0.18167506468121333,0.19488689592245478
99,100,-0.03604813738638828,-0.15735555664144035,0.1784946112439013
100,100,0.044304389803491925,-0.14689914375138147,0.17272186273373644
101,100,0.11896955393503102,-0.15098636860130607,0.18070143426363355
102,100,0.18707843107857822,-0.1690616885729857,0.1999098651738534
103,100,0.2476927508245251,-0.200083621815944,0.23163045752554692
104,100,0.30003587743312504,-0.24237837773846524,0.2720224919405928
105,100,0.34373687887439147,-0.2936617628373944,0.30537761589475726
106,100,0.37857023784720806,-0.35171253515048234,0.34830578027815556
107,100,0.40468971383743296,-0.41440437810832004,0.38457482495417716
108,100,0.4224303048956624,-0.48005757638572016,0.4225296707538163
109,100,0.43256011479753986,-0.5472465110899458,0.4586321571599882
110,100,0.43597936541717375,-0.6150282908816954,0.49565357283011874
111,100,0.4338920838740369,-0.6825896741383752,0.5215324685112802
112,100,0.4276367719046076,-0.7493483880270266,0.5509761985932562
113,100,0.4188470782888467,-0.8146215477036746,0.5756348440881218
114,100,0.4089932330110052,-0.8775245909579429,0.6053181462434712
115,100,0.39967118110888333,-0.9370428575713461,0.639660440039007
116,100,0.3924034328987546,-0.9916686583488856,0.6739250463969904
117,100,0.3885185510325249,-1.0400391300263425,0.7093396326905745
118,100,0.3892528050773119,-1.0806629382327035,0.7417311482020106
119,100,0.3955943669410864,-1.1121238307862134,0.776395009571542
120,100,0.40798949818252966,-1.133367725425622,0.8155233527159605
1,101,-1.0542158851441286,2.4846584261626106,0.5676058928352896
2,101,-1.0403790506930757,2.470557406625905,0.6045382672112151
3,101,-1.0315320165673252,2.457848454648554,0.6139197031357797
4,101,-1.027552820433591,2.4461425847292517,0.6245897107927549
5,101,-1.028121338972626,2.4344643705871576,0.6154479705069528
6,101,-1.0328527186068883,2.4221511580809425,0.5986835222945004
7,101,-1.0411963164704838,2.4083047697276534,0.5729063777403548
8,101,-1.0525816299595208,2.3920615240140815,0.5561725149410781
9,101,-1.0664021806556812,2.3727312126735973,0.5267240012469286
10,101,-1.081890715115329,2.3494480457274363,0.5049751447393687
11,101,-1.0982276779889555,2.3213611616217533,0.48227100443536447
12,101,-1.1145863773172384,2.2879347589318115,0.461170547523226
13,101,-1.130089546316043,2.248236967388932,0.43775270348711387
14,101,-1.1437490660908887,2.201640599905277,0.4307565558071312
15,101,-1.1548348039684062,2.147897765311065,0.4177483545999846
16,101,-1.1625162524528865,2.0871493301832764,0.4195734573106055
17,101,-1.166004449199545,2.0198123355452813,0.42416769968332463
18,101,-1.1646915386764192,1.9468518286686904,0.44088544351261166
19,101,-1.158037036897735,1.8696466251808024,0.45789008664844255
20,101,-1.1455117971742839,1.7902775614571882,0.48684200213353035
21,101,-1.1269950562935638,1.7106213520870992,0.5105532202260965
22,101,-1.1023028057921198,1.632782641927579,0.5249979047376591
23,101,-1.0715953314710687,1.5584841288803972,0.5437611851826557
24,101,-1.0350901759631783,1.489025387657426,0.5575692420787363
25,101,-0.9932119252506478,1.4253069734006707,0.5611848714890828
26,101,-0.9464400214459888,1.3676649081759165,0.5574447578357056
27,101,-0.8953334351258758,1.3155345175366377,0.5496256589004224
28,101,-0.8407648695937998,1.268017875358221,0.5391875265715849
29,101,-0.7834621992742876,1.2240375684573814,0.5263061664705645
30,101,-0.7242526207095087,1.1820190731172353,0.5165532301117338
31,101,-0.6639173297111082,1.1403824793370259,0.5099527501087108
32,101,-0.6034166564205354,1.098175172600313,0.5088137201426725
33,101,-0.5433579974950229,1.0544650902736192,0.5140987425614908
34,101,-0.4845476562981179,1.0086962142755447,0.5248395013407664
35,101,-0.42763971623871655,0.9608214861148081,0.5383326957400543
36,101,-0.37316491014383585,0.9113428821837858,0.5613272113516161
37,101,-0.3216169773676511,0.861083266960846,0.5833533712595645
38,101,-0.2734409589113129,0.8114359707694974,0.6202528387529426
39,101,-0.22900678451180875,0.7638096597955348,0.6492086199664937
40,101,-0.18873762326442522,0.719673179666358,0.6720619629003157
41,101,-0.15282213768351985,0.6805604601711234,0.6939880938843874
42,101,-0.12143526322701784,0.6475823587149557,0.7177618601923643
43,101,-0.09490590139217146,0.6217647586787767,0.7215896229859233
44,101,-0.07344829192435356,0.6036421129819498,0.7178483974228763
45,101,-0.05725464100954007,0.5929718948563665,0.710162079477432
46,101,-0.04673683992462647,0.5890375917966396,0.6906792219497111
47,101,-0.04209698685962017,0.5905394784886757,0.6694595169487724
48,101,-0.04357072590034488,0.5955333450952278,0.6371604862823831
49,101,-0.0513393111686468,0.602098587605052,0.6086736424672032
50,101,-0.06563901401178558,0.6080856465535994,0.5777558463419796
51,101,-0.08672742232233947,0.6113403826595639,0.5518955017454757
52,101,-0.11455797513297854,0.6102231581862919,0.532128018999261
53,101,-0.14918091370851783,0.6035225918934426,0.5238762791453035
54,101,-0.19050092630585302,0.5911124976122356,0.5200634939945448
55,101,-0.2384075279079361,0.5731844842202003,0.5174813103045929
56,101,-0.2925076822676488,0.5502040668713827,0.5233597059087367
57,101,-0.3523486696062049,0.5233427735203023,0.5282406271607202
58,101,-0.417313230036337,0.4935682201920955,0.5321987917909282
59,101,-0.48669483952468023,0.4617292184172081,0.5320642711362088
60,101,-0.5597980709051374,0.4285191951841526,0.5250579409381508
61,101,-0.6354528915538609,0.39410995083355255,0.5144692667009021
62,101,-0.7128670909484008,0.3584012744025965,0.5046708851594461
63,101,-0.7908090245603412,0.3208880191035275,0.47874567435964904
64,101,-0.8682804563457112,0.2808432533358485,0.4582745342330039
65,101,-0.9440202892396939,0.2374206130181035,0.449079895976292
66,101,-1.0169215990179858,0.19000353682179663,0.4288329070837543
67,101,-1.0860187780836061,0.13809275307306998,0.41184340943162134
68,101,-1.150133039501747,0.08149237205758039,0.403118480635664
69,101,-1.208578082086345,0.020310162687661733,0.39424966599128514
70,101,-1.2604163560519528,-0.045028857759054686,0.40063995504744704
71,101,-1.3050251299729494,-0.11384204298291714,0.4088131864512928
72,101,-1.3419407751430878,-0.1851538589288713,0.4198268282674245
73,101,-1.3708211425851327,-0.2577528368732178,0.43002936499787175
74,101,-1.3914267574342458,-0.3300820369002402,0.4437974452057947
75,101,-1.4038436506604137,-0.40089614222489917,0.46906199877255694
76,101,-1.4081097154888502,-0.46876133016387367,0.48788452436865853
77,101,-1.4044707021965217,-0.5320602968581093,0.49974116535336777
78,101,-1.3933098549384852,-0.5896138737598423,0.5208156708421031
79,101,-1.3749278605767865,-0.6402036010024647,0.5350111248208902
80,101,-1.3496903087017733,-0.6831319754604509,0.5448687768381472
81,101,-1.3181460753929755,-0.7177949750669431,0.5517687096008709
82,101,-1.280660895497615,-0.7438681946229281,0.5628747141659961
83,101,-1.2376663167408724,-0.7611728357722899,0.5747487381958515
84,101,-1.1893099346709903,-0.7696983897132074,0.5713255900038937
85,101,-1.1359955546681022,-0.7694039565021938,0.5716172780450929
86,101,-1.0780153795530887,-0.7604232016544596,0.5739949968026302
87,101,-1.015433618700074,-0.7427386261184413,0.5754746982783351
88,101,-0.9485742286774546,-0.7165048860976789,0.5682793286211869
89,101,-0.8776143019626951,-0.6819659657367808,0.5521118361447571
90,101,-0.8027730924717552,-0.6397053268999444,0.5312381713001786
91,101,-0.7243331991011659,-0.5905115985953288,0.5038483554758401
92,101,-0.6428383064674276,-0.5357861158386197,0.4723812697538954
93,101,-0.5586452162525606,-0.47726217373301166,0.4344764305116708
94,101,-0.47257830243997606,-0.4171791681617793,0.390127884850006
95,101,-0.38532844184984516,-0.35843598336183596,0.3435014282481767
96,101,-0.2977323798022551,-0.3040620613647063,0.2912713512619774
97,101,-0.21097576567926693,-0.25688663754387797,0.2515720960113029
98,101,-0.12604252952314404,-0.21994744716964829,0.21607074394785494
99,101,-0.044190864478753304,-0.19529619694295705,0.19223724758363123
100,101,0.03348046925413958,-0.18453658217215052,0.17861268418097095
101,101,0.10570746027898657,-0.1884306913401036,0.18526107020889795
102,101,0.1716480138775797,-0.2065097229750723,0.19667530816154496
103,101,0.23038532044435847,-0.23779592783893622,0.22251035289422808
104,101,0.28115527140627955,-0.28069298343083815,0.2612323678321143
105,101,0.32360802459763266,-0.33294763288045454,0.28977648949632845
106,101,0.35753916260159635,-0.3923716574630316,0.3299165564789166
107,101,0.38308935683289863,-0.45684676306937283,0.3657244363312616
108,101,0.40060285083878133,-0.5246836439476544,0.4021914264426857
109,101,0.41081238189936625,-0.5944196760712999,0.43530972131116225
110,101,0.4146006829004156,-0.6650880805243607,0.47138342932145694
111,101,0.4131202494700416,-0.7358062359903965,0.49578930996556825
112,101,0.4076733762974965,-0.8059336005161682,0.5296082603094323
113,101,0.39982863681194325,-0.874700362530343,0.5652047711141326
114,101,0.3909952299770547,-0.9411192203706202,0.595915999746436
115,101,0.3827114114582246,-1.0040526895197208,0.634591194071947
116,101,0.37642205616412266,-1.0618553464479668,0.6658355403293054
117,101,0.3734043210110033,-1.113022740680472,0.703269523273579
118,101,0.37484311839051393,-1.155921546035086,0.7412212775089703
119,101,0.3816725961314068,-1.189008662208145,0.7758085253087948
120,101,0.394324387717652,-1.2111393970832747,0.8174335314991725
1,102,-1.0112916528889775,2.4833337857111832,0.5794873434243244
2,102,-0.9981858578111255,2.4695957815635055,0.6095990633157343
3,102,-0.990786709784035,2.4575629010179862,0.6235955223999688
4,102,-0.9889457959922063,2.4467514621903854,0.6270438165544011
5,102,-0.9922920375008849,2.436049100681298,0.6133320802381438
6,102,-1.0003833622192913,2.4246537619615514,0.5978878650255279
7,102,-1.0126024718304258,2.411506361000026,0.57822213762396
8,102,-1.0282963720971157,2.395609879040126,0.5419907078534716
9,102,-1.0467709847471873,2.3761832029538357,0.5257500470730434
10,102,-1.067172885331549,2.3522973556149696,0.5003666019347031
11,102,-1.0885793221736721,2.323076666213233,0.4738969130788753
12,102,-1.1100747757406388,2.288023477246814,0.45163069382938936
13,102,-1.1306726451096325,2.2462577039061005,0.4389747093702132
14,102,-1.1493071062209927,2.197240483943496,0.4213588018210702
15,102,-1.1651668140503548,2.1408074626191946,0.4163327014301767
16,102,-1.1773402197850784,2.0771983172300086,0.42035467202764426
17,102,-1.1849710426051503,2.0069116082239997,0.43158856995139855
18,102,-1.1874097781990427,1.930975946371595,0.4429504748609557
19,102,-1.1840651724857714,1.8508153360752402,0.4663769979639902
20,102,-1.1743859153928238,1.76856239797935,0.4912118161538467
21,102,-1.1582361346941947,1.6861155708589473,0.5123589747051065
22,102,-1.1354386100822922,1.605618855596129,0.5398809647312238
23,102,-1.1061600777749292,1.5288301897215169,0.5598638171962458
24,102,-1.0706271817282933,1.457100338941828,0.5675499860691162
25,102,-1.029296880950892,1.39140545729113,0.5765410123974892
26,102,-0.9826570767878111,1.3321683702012144,0.5758764526191128
27,102,-0.9313104562640563,1.2789066015977206,0.5676606833714637
28,102,-0.8761479285342803,1.230823441946175,0.5606901030873653
29,102,-0.8179221952523613,1.1869041392911162,0.5483204990986025
30,102,-0.7574729176827902,1.1456209687498904,0.5415149221630001
31,102,-0.6956015423399843,1.1053828533231014,0.5318404738853418
32,102,-0.6332704102963117,1.0651906493101608,0.5330876455771072
33,102,-0.571094845832492,1.0239893680695011,0.5306254762658248
34,102,-0.5098643843682811,0.9810743506980053,0.5376384536695334
35,102,-0.45023052341546843,0.9362178019356434,0.5505073404726549
36,102,-0.39271604469820903,0.8897170008769073,0.5715316171425446
37,102,-0.3378047304949938,0.8422108191367463,0.5941884445562269
38,102,-0.2859235738366945,0.79492503344589,0.6216835245720898
39,102,-0.23746139030377347,0.7491575416136592,0.6512918459322902
40,102,-0.19282904965601097,0.706332974916569,0.6748850740306215
41,102,-0.15223610572322205,0.6679790851119073,0.6967693897136913
42,102,-0.11587474444674888,0.6352720238730499,0.7137459190277127
43,102,-0.08409895228263917,0.6093414564533174,0.724706079545955
44,102,-0.05717979004871617,0.5908561947345853,0.7227399079674661
45,102,-0.03535956047454225,0.5797112949590805,0.7167808652137764
46,102,-0.01911603891575889,0.5753169887818274,0.7014676556277474
47,102,-0.008729829658041708,0.5764857308442178,0.6728183315891232
48,102,-0.0045108236665061625,0.5813240403703482,0.6513079529474729
49,102,-0.0067145878857529815,0.5879442615544538,0.6215223689349616
50,102,-0.0156755363125312,0.594172373148549,0.5940433483441558
51,102,-0.03169920584503805,0.5978251456338369,0.5733491329250864
52,102,-0.05482969742401354,0.5972048728686375,0.5528694114897648
53,102,-0.08515965805337666,0.5910405481750881,0.5428548738817056
54,102,-0.12266073986787059,0.5791752120921684,0.5351789376506072
55,102,-0.16724544213476014,0.5617800716578596,0.5396970208193127
56,102,-0.2185504056448409,0.5393240611508474,0.539172831535125
57,102,-0.2761185806125979,0.5129886129748934,0.5426768934154282
58,102,-0.3393284154257827,0.48375209100835803,0.5401787897725574
59,102,-0.40743852695903876,0.45248200708689196,0.54950996262191
60,102,-0.47973176896931846,0.41986524742480447,0.5428708590960062
61,102,-0.5549836682229892,0.38604951028783946,0.5248803313363445
62,102,-0.632356187929388,0.3509004966151289,0.510957407854091
63,102,-0.7105539537947757,0.31387449096563813,0.49831200052793556
64,102,-0.788524287645856,0.2742056594964021,0.47849022183750595
65,102,-0.864957325958083,0.23102324248319106,0.4532086952942769
66,102,-0.9386766064153276,0.18373727820146343,0.4406794241469833
67,102,-1.0086838426392422,0.13187866797179693,0.4202642753859419
68,102,-1.0737725783470875,0.07531794533919853,0.4184948377013568
69,102,-1.1332281212209288,0.01422569245345451,0.4178468951286448
70,102,-1.18609971229822,-0.050900485081829996,0.41095659977186166
71,102,-1.2317729600109528,-0.11935060972715446,0.4259962273597449
72,102,-1.2697923868256582,-0.19012600854181724,0.4337306066761075
73,102,-1.299840798111136,-0.2620600964624107,0.4420888076572725
74,102,-1.3217024605034873,-0.3336781538216955,0.45942494694945935
75,102,-1.3354978604996943,-0.40385289775410554,0.4786025451412929
76,102,-1.3412958012920821,-0.4712846854237895,0.49574584777383496
77,102,-1.3393802302309814,-0.5344752557396698,0.5109658767607522
78,102,-1.3301536771724844,-0.5923632820527688,0.5233991638297837
79,102,-1.3139453327066266,-0.6438004643796379,0.5403257825268479
80,102,-1.2911427705802547,-0.6881123717990628,0.5570110134493301
81,102,-1.2622916844333762,-0.7246754626769344,0.5604379850445175
82,102,-1.2277610389021376,-0.7530840227624757,0.5776746637516477
83,102,-1.1879643030762812,-0.7730661436040565,0.5882556468733414
84,102,-1.14304423436563,-0.7844974901166817,0.5961207935282339
85,102,-1.0933595533440417,-0.7872138486714254,0.6012460311724415
86,102,-1.0391771773543645,-0.7812443992452441,0.5999249789138577
87,102,-0.9805344060608088,-0.766470824051763,0.593989969846484
88,102,-0.9177014251709756,-0.7430165852125702,0.5975540209349213
89,102,-0.8508271346046332,-0.7110747839943151,0.5799895247783052
90,102,-0.7800849108677445,-0.671228036734218,0.5656240603904316
91,102,-0.7057332192621002,-0.624265190170484,0.548431191684775
92,102,-0.6282801110862097,-0.5715766231403678,0.513507550121068
93,102,-0.5480477221331681,-0.5148982042148479,0.4731204210755447
94,102,-0.46583751058634476,-0.45644439436080936,0.4254527357603404
95,102,-0.38231056201713515,-0.39909471397020796,0.372219856690501
96,102,-0.298284975168567,-0.34586149327578297,0.33161499159127916
97,102,-0.21490895794209497,-0.29954630423311923,0.2784538233547691
98,102,-0.1331492886601021,-0.26320247134082253,0.24475902620914525
99,102,-0.05423632151276665,-0.23890363668396444,0.21494260331089676
100,102,0.020757765500745137,-0.2282989427125536,0.19485535476877994
101,102,0.09060489830367058,-0.232218385910098,0.1951798543138577
102,102,0.15449322843539953,-0.25028339384071424,0.20192398245975263
103,102,0.21153089208478792,-0.281591470001886,0.2242134556882413
104,102,0.26096754767877905,-0.3246442483747614,0.2569953217408049
105,102,0.3024734909205605,-0.3772445093153473,0.2840590924240074
106,102,0.33586403887547656,-0.4372595442848341,0.32009301630943787
107,102,0.361261412279315,-0.5026003313082996,0.35044990289053196
108,102,0.3790142645891744,-0.5715892895575204,0.3823418284004847
109,102,0.38981066512696333,-0.6427397937384584,0.4154093577369633
110,102,0.39450526523473434,-0.7150783819884544,0.4431497986576705
111,102,0.3941868900917266,-0.7876711528820718,0.47301701420453984
112,102,0.39010950722434806,-0.8598403843009024,0.5070459418573097
113,102,0.3837605361468655,-0.9307587058788563,0.5333551298032001
114,102,0.37647302319372516,-0.9993695291167435,0.5712489438159281
115,102,0.369712284643231,-1.0644540324174359,0.6112566914083113
116,102,0.3648313598304031,-1.1242781401314066,0.6463148328731766
117,102,0.36304308951785214,-1.1772432492274805,0.681345122810407
118,102,0.36546840932275887,-1.2216188415933102,0.727877126786001
119,102,0.37297851994480347,-1.2557759803297355,0.7585729937830425
120,102,0.3859857724999226,-1.278508333165553,0.7972513063817086
1,103,-0.9758757483530643,2.4883321346097413,0.5845557089736482
2,103,-0.9634418766526444,2.4747347154015764,0.6168839203531744
3,103,-0.9573726188003315,2.462942306003885,0.6294328564695795
4,103,-0.9574928731620325,2.4523890663105634,0.6294647642185208
5,103,-0.9633799545525382,2.4418466657455093,0.6162354161724127
6,103,-0.974533934936361,2.430400047245931,0.5942070542252758
7,103,-0.9902709017430641,2.4168592150524053,0.5677211143902192
8,103,-1.0098565635900185,2.400130048490331,0.541408451566442
9,103,-1.0325096401858187,2.379377336038603,0.5179748387663046
10,103,-1.0572925710452106,2.3536482580870346,0.4917105960137994
11,103,-1.0831815801742246,2.3220828957998743,0.4684800688101521
12,103,-1.1091770979866111,2.2842608776039737,0.45023639539628874
13,103,-1.1341875708218245,2.2393914844322236,0.4328634549163082
14,103,-1.157076833378584,2.1870547903835966,0.42787823700571975
15,103,-1.1769578320330947,2.1271930618848724,0.42969767244599893
16,103,-1.192847860319402,2.0601514725999697,0.4308454392100332
17,103,-1.2038316361411818,1.986510082706943,0.43572889927131486
18,103,-1.2092269742568453,1.9073445374870357,0.4619725254269956
19,103,-1.2084022811542638,1.8240998691259513,0.47683709239148014
20,103,-1.2007946849048095,1.738926484286992,0.5110929706409318
21,103,-1.1862625205360118,1.6537108519636787,0.5339974785598393
22,103,-1.1646444458546341,1.5706054915675998,0.5592878364997007
23,103,-1.1361235154759797,1.4913832001144363,0.5817853068174451
24,103,-1.1009417978009057,1.4174366438360633,0.590456648443698
25,103,-1.0595962626254187,1.3498195460601994,0.6049422322311877
26,103,-1.0125876418037418,1.2890593917235658,0.6036453155742767
27,103,-0.9605677013787566,1.2347818013191287,0.5993022879130763
28,103,-0.9044462557833998,1.1863223865686348,0.5927027645781204
29,103,-0.8450031648802871,1.1427591792781084,0.5774207977665806
30,103,-0.7830897696095387,1.1026363150257656,0.5681131790883261
31,103,-0.7195267916457627,1.0643624971226915,0.5607064166832199
32,103,-0.6552760724405766,1.026889328527708,0.5517275828399101
33,103,-0.5909571459457252,0.9890231952940527,0.5528332536615466
34,103,-0.5273376821161998,0.9498849024161748,0.5560312005672241
35,103,-0.4650615786422652,0.9090288736739777,0.560701641122279
36,103,-0.4046386059855683,0.8665102362762279,0.5840653326562595
37,103,-0.3465371881490692,0.8227454669945101,0.607228539106027
38,103,-0.2911601327726592,0.7787627493626621,0.6213852806125315
39,103,-0.2389121037560183,0.7357247270622995,0.6451789728343263
40,103,-0.1901842275998245,0.6949967793394968,0.6765604309565129
41,103,-0.14520459636601488,0.658091301268823,0.6985747318799344
42,103,-0.10417861664455795,0.6262481994955131,0.7129700479306871
43,103,-0.067482063066895,0.6007018128076013,0.727414114762296
44,103,-0.03544108966031045,0.582260011933489,0.7247267586967406
45,103,-0.00834608673911518,0.5709633533986989,0.7211702860370949
46,103,0.013259538922328602,0.5663573099427188,0.7089649689212155
47,103,0.029017221169573695,0.5673790097738701,0.6895722161812118
48,103,0.03854315421949796,0.572200019331684,0.6619336990705663
49,103,0.041507558400629044,0.5789837923273237,0.6371017796334006
50,103,0.0374776562732487,0.5855499017208216,0.6126424134968655
51,103,0.026101331630970746,0.589703888097154,0.5875807592720937
52,103,0.007245203901934767,0.5897007065465493,0.5627772031499999
53,103,-0.019225554871285445,0.5842160965134444,0.5560853575697248
54,103,-0.05334760212106592,0.5730558326001235,0.5548837357509624
55,103,-0.09505184313741254,0.5563574671456444,0.5539783257710372
56,103,-0.14400191846652952,0.534572652654166,0.5544683978224654
57,103,-0.19973150448723087,0.508866576638848,0.5658115647906691
58,103,-0.26161008236489186,0.48020273624313653,0.5594421750143468
59,103,-0.3288555895932883,0.44944844098456477,0.5578303387975964
60,103,-0.4007232734927045,0.41727176397483867,0.5511271396768873
61,103,-0.4759280805171726,0.3837974441955453,0.5404806391977103
62,103,-0.5535809437745507,0.3488690973888972,0.5244651562967741
63,103,-0.6323175388520149,0.31192589978221685,0.5048730870716084
64,103,-0.7110261042580651,0.27219135738985883,0.48353419105949574
65,103,-0.7883445809941163,0.22880293269585575,0.46761787361128354
66,103,-0.8630253651431357,0.18122465032268545,0.4491599700244472
67,103,-0.934035325677729,0.12904239546827567,0.43498628409510876
68,103,-1.0001419387276047,0.07220801296451929,0.4264077142355571
69,103,-1.0606036543197892,0.010962234411146214,0.4283021735662352
70,103,-1.1144590399935188,-0.05412540639814161,0.4351053104902662
71,103,-1.1611081653583872,-0.122321301564921,0.4382806368820604
72,103,-1.200107966212282,-0.19261352967552453,0.4420460397250509
73,103,-1.2311733182273292,-0.26388830203526864,0.46048289853251
74,103,-1.254118407664071,-0.33476066754224243,0.4718796401229721
75,103,-1.2691060577967301,-0.4042239985688479,0.4866600668347271
76,103,-1.276243597607042,-0.4711123422360616,0.507151551878726
77,103,-1.2758614007452527,-0.5340426039722542,0.5183749171556614
78,103,-1.268388049796051,-0.5920644365290719,0.537008477901788
79,103,-1.2541865580299456,-0.6440959615188707,0.550700993745869
80,103,-1.2336735444877753,-0.6894830251877249,0.5586645210248699
81,103,-1.2073960212888197,-0.7275842266756981,0.5727963332697552
82,103,-1.17572899307396,-0.7579222831788426,0.584431626248054
83,103,-1.1390712445847124,-0.7801506892549196,0.5956934453282396
84,103,-1.0975612436373745,-0.7940560872165494,0.6019034742818442
85,103,-1.0515130827074617,-0.7993872432521175,0.6131629357731849
86,103,-1.0011667286907349,-0.796107427732526,0.6197840027324214
87,103,-0.9465307011825285,-0.7840428918907395,0.6197728269955068
88,103,-0.8878184808254677,-0.7633274463644621,0.6198912240494313
89,103,-0.8251466412757549,-0.7341373688865129,0.6089596584384238
90,103,-0.7586383751130329,-0.6970809770306571,0.5920449876047035
91,103,-0.6885216604395772,-0.6529563561074255,0.5713074788032846
92,103,-0.6152643569202394,-0.6031329657617309,0.5378180628233303
93,103,-0.5391465043075371,-0.5493240559996495,0.5049872885995577
94,103,-0.460940502234059,-0.4936746907217216,0.4560394267940405
95,103,-0.3812711389157086,-0.43898602277936366,0.40976434087832836
96,103,-0.30093212247832446,-0.3881886217859138,0.3601410137163979
97,103,-0.22102575933914786,-0.3439879190668087,0.3149852737651011
98,103,-0.14249705309012456,-0.3093890493763884,0.2707171649844858
99,103,-0.06654145058781813,-0.28643476905560356,0.23922265635355525
100,103,0.005800266243999538,-0.27677779936343705,0.21987819299513414
101,103,0.07334132825085934,-0.28128960015607835,0.21175784909719816
102,103,0.1353032290297125,-0.2996730984373529,0.2154661347020611
103,103,0.190822455472275,-0.3311015921494078,0.2297049403149098
104,103,0.23916375038393387,-0.37418627074115324,0.2580253501038042
105,103,0.2800166480864225,-0.4268042162252747,0.2847755830164313
106,103,0.31321511365410637,-0.48689650370066356,0.31785867815048385
107,103,0.33885802583782876,-0.5524217100329739,0.3401786057546335
108,103,0.35729406187604257,-0.6217344453383704,0.3740668581486975
109,103,0.3691582359183909,-0.6933371604293919,0.3969032417622667
110,103,0.3752672686421706,-0.7662678411037267,0.42854937079972033
111,103,0.376635230191302,-0.8395604668295392,0.45443532849354185
112,103,0.3744564090912602,-0.9125235880818683,0.4789140704847547
113,103,0.37012221721769173,-0.9843038733673417,0.5120516084737957
114,103,0.3648754512108487,-1.0538121772838764,0.5371428189019112
115,103,0.3600941223170409,-1.119794391612678,0.5794749152133423
116,103,0.3570263309614282,-1.1804816086095453,0.623043614849184
117,103,0.35680844023791075,-1.2342337920356985,0.6554337951541578
118,103,0.36048555727840864,-1.2792734772605843,0.6932691432289498
119,103,0.36885764234852064,-1.3139316831499477,0.7319327221791727
120,103,0.3823132252347881,-1.3369732283311961,0.7715547482939763
1,104,-0.9484335109205185,2.499965621322168,0.5901149659168224
2,104,-0.9366053946304465,2.486268279300358,0.6148748410472153
3,104,-0.9317340299653996,2.4742473894533545,0.6321595589458879
4,104,-0.9336176183882282,2.4632732041100436,0.6244063451462188
5,104,-0.9417815785775168,2.4520301835277563,0.6079979483057535
6,104,-0.9556680792428915,2.439525123400836,0.5868318067915339
7,104,-0.9745270600056258,2.424475524278218,0.5609670886044996
8,104,-0.9975448295387,2.4057332228051087,0.5404826572424148
9,104,-1.0238539975359349,2.382451148368704,0.515836378290762
10,104,-1.0524354136661351,2.3536941806095064,0.48940514489394205
11,104,-1.0821672906901192,2.3186587161781413,0.4678397977946164
12,104,-1.1119713538353677,2.2770374792115105,0.45125511330167045
13,104,-1.140656188091378,2.228161649498245,0.4484526114368472
14,104,-1.167023061391002,2.1717546995968,0.43658568651778845
15,104,-1.190115140584746,2.1078824385859054,0.43600526506086085
16,104,-1.208889118783228,2.0369952317717384,0.4443779456339805
17,104,-1.2223793255444524,1.9597498543312732,0.4561294157096695
18,104,-1.2298801895865898,1.8772480786540544,0.47820388168067923
19,104,-1.2307305623732385,1.7909292293072354,0.5045332496527194
20,104,-1.2243668756255235,1.7029259490174316,0.5317435728890224
21,104,-1.2106512907284424,1.6150778346043666,0.5559089653696329
22,104,-1.1894476689800704,1.5295148010224484,0.5846982226273213
23,104,-1.1609657137472895,1.4480032916771468,0.6106747831444421
24,104,-1.1254697922680301,1.371968287902394,0.618799642475752
25,104,-1.0835050990422042,1.3025422510252826,0.6304450264903555
26,104,-1.0355904502244704,1.240373729163856,0.6399172607767759
27,104,-0.9824326563397745,1.1852206554814346,0.6335579050918029
28,104,-0.9249622182338859,1.136580702500184,0.6282570374622627
29,104,-0.8639894576356711,1.0936528661212004,0.6157535744852455
30,104,-0.8003777058308553,1.0550763826277412,0.6011171016461864
31,104,-0.7349669298606456,1.0192693699157114,0.5862853475750317
32,104,-0.6687170554310797,0.9851311507245134,0.5854221568088958
33,104,-0.6022489204679503,0.9513147219079269,0.5833935449767653
34,104,-0.5363040252187559,0.9167422906519929,0.5731777575454682
35,104,-0.47151424268172815,0.8807170708112434,0.5829844629926839
36,104,-0.40837150089607555,0.8430199552969786,0.5923379459302411
37,104,-0.347323267648332,0.8038129452544422,0.606710807426478
38,104,-0.28874187950656743,0.7639051453675778,0.6291065931512166
39,104,-0.2330436870076152,0.7243077346129472,0.6493022793637494
40,104,-0.18059168721251542,0.6863196114267478,0.6701421646016988
41,104,-0.13162865681458738,0.6514363193165359,0.6976117538984632
42,104,-0.08636734073524185,0.6209658800583427,0.7095908376951584
43,104,-0.04519993938906068,0.5962516261427393,0.7244194985130306
44,104,-0.008503631673396678,0.5782462406181803,0.724494274820507
45,104,0.023387633281617484,0.5671417270804376,0.7227833860140196
46,104,0.04986764076848821,0.5626231459221994,0.7093555444091724
47,104,0.07050300781255438,0.5637579855212818,0.6945083646562098
48,104,0.0848388086637872,0.5687896773593119,0.6672746633260431
49,104,0.09247335380786623,0.5759414926920732,0.6473070607265348
50,104,0.09287747570512797,0.5830362195296598,0.6154370934417401
51,104,0.08565521593081186,0.5878772245842866,0.5969591822367681
52,104,0.07058680029231611,0.5886760007185404,0.5779468184764389
53,104,0.04749612295711329,0.5840563479796125,0.5646627606097059
54,104,0.01628412062304137,0.5737770561896045,0.5614278742124484
55,104,-0.022994177435212555,0.557928031083,0.5558039737892544
56,104,-0.0700272283095603,0.5369240353497129,0.5625470466591309
57,104,-0.12433562323235903,0.5118915701356722,0.5683269645597885
58,104,-0.18527643827228327,0.48375884247275647,0.5630585661173719
59,104,-0.25202305545418807,0.45338039661504825,0.5659131674111191
60,104,-0.32379904751307315,0.42140039475408014,0.5589878960876166
61,104,-0.3992549090203998,0.38792916323221543,0.5483152639757424
62,104,-0.4774477023897878,0.3528063094594976,0.5249395307651962
63,104,-0.5569413506778861,0.31548112459087363,0.5082720278369923
64,104,-0.6365626408031668,0.27519771437726553,0.4910922284129945
65,104,-0.7148960183813634,0.23113655868062366,0.46837984680223943
66,104,-0.7906232716154723,0.18284185094497252,0.45465182609000954
67,104,-0.8626760836182308,0.12997683467252993,0.44996010374937795
68,104,-0.9297985811826602,0.07258467034475394,0.4455077520273182
69,104,-0.9912253472945107,0.010978287495554365,0.4358580901009798
70,104,-1.0459873921645229,-0.054207787994345065,0.4456545585322021
71,104,-1.093505757221455,-0.12222567209881317,0.44827117693424073
72,104,-1.1333539662660055,-0.1920649378854917,0.45606107581209615
73,104,-1.1652857716215246,-0.2626755769269238,0.4673410759241424
74,104,-1.189150881484097,-0.3327699874327253,0.4722592176557139
75,104,-1.205161274273948,-0.4014628368414549,0.49206386972093924
76,104,-1.2134694119095266,-0.4677165031110136,0.5012055537583234
77,104,-1.2144588803147645,-0.5302531890241053,0.5212011484852699
78,104,-1.2085898280849863,-0.5882186166140037,0.5322865866448803
79,104,-1.1962628445682577,-0.640585571342684,0.5491752694104841
80,104,-1.1779289219631557,-0.6867103035876849,0.5687394616299855
81,104,-1.1541396332501968,-0.7259301355695617,0.5756250283469008
82,104,-1.1252775025671788,-0.7577025511872855,0.5911212504154525
83,104,-1.0917288009577006,-0.7816243923954729,0.5987075912579172
84,104,-1.0536269407972116,-0.7974196179107308,0.6164132900887821
85,104,-1.0112411539424675,-0.8047903320167886,0.625398645952094
86,104,-0.9647820153895058,-0.8036782268825196,0.6320675181013421
87,104,-0.9142267468146703,-0.7939076765266075,0.6398846838262888
88,104,-0.8597291812307756,-0.7756721402680375,0.6335012934019096
89,104,-0.8013691560370331,-0.7491750428480504,0.6292569515753988
90,104,-0.7392157983912904,-0.7150870957328784,0.6203811886013695
91,104,-0.6734604133190848,-0.6742350571613497,0.5904282003721582
92,104,-0.6045268224015895,-0.6279678965008845,0.5651806738178428
93,104,-0.5326462541768552,-0.5779601401215794,0.5295802325837449
94,104,-0.4585570104779524,-0.5262506977727248,0.48019879302377977
95,104,-0.3828420565950627,-0.47550944053634825,0.43012083331945633
96,104,-0.3062661693211556,-0.42852219347324755,0.38917234408614193
97,104,-0.22987866695475714,-0.38782913566588856,0.3444368016081522
98,104,-0.15459937116583394,-0.3563185668444812,0.29991088638387836
99,104,-0.08158301207279495,-0.3359416698646498,0.26865277525229614
100,104,-0.011835403673427843,-0.32830297086068255,0.24326021643773824
101,104,0.05350203943944979,-0.3342777253978085,0.23974094565983717
102,104,0.11368616815009201,-0.35363013915332403,0.2372779284778887
103,104,0.1678845029413731,-0.3855994104090264,0.24346246999957347
104,104,0.2153776188181812,-0.4289090916637572,0.263277017374418
105,104,0.255873038554185,-0.48152213417577194,0.2868540711792992
106,104,0.28922217985386894,-0.5414677497556873,0.31226327477149957
107,104,0.3154959167855625,-0.6067679715687875,0.34197363565704236
108,104,0.3350388607353079,-0.6758293326774524,0.3634500526992847
109,104,0.34842555537168296,-0.7471570045047933,0.3919909532862773
110,104,0.356425877799002,-0.8198190278302289,0.4049963956407643
111,104,0.35996934684777543,-0.8928367209499275,0.43705673741578943
112,104,0.3601803945770491,-0.9655288709443866,0.4585311931789988
113,104,0.3583412234600499,-1.0370469356641026,0.4826802276041122
114,104,0.3555918152176666,-1.1063053901286106,0.512029470350573
115,104,0.35320986944493926,-1.1720602419887907,0.5519154228762359
116,104,0.3523271317860995,-1.2325603020910818,0.5868966548418513
117,104,0.3539925289866674,-1.2861759631767942,0.6219799679648336
118,104,0.359164660822911,-1.33113280194831,0.6570300954174365
119,104,0.3685649212943104,-1.3657670170323477,0.6994307200398785
120,104,0.38255381872726374,-1.3888474075397155,0.7297845105402895
1,105,-0.9293404528339103,2.5180998824008274,0.5706422540803426
2,105,-0.9180478077341679,2.504043999874682,0.6104124531692257
3,105,-0.9142341549348723,2.4912928140100794,0.6159336878615455
4,105,-0.9176711107972911,2.479178096818015,0.612539049004816
5,105,-0.9278322645850445,2.4663351270780196,0.6021070422502294
6,105,-0.9441021724123937,2.4517374411931288,0.5827848111421958
7,105,-0.9656654341611624,2.4340581898100777,0.5610338763404003
8,105,-0.9916313315232973,2.412145667562945,0.5345760339584267
9,105,-1.0210479418246574,2.3851885297384743,0.5130172849522058
10,105,-1.052817414924167,2.352312194826665,0.48040249555016346
11,105,-1.0857235650201835,2.312808181302927,0.47504307945505775
12,105,-1.1186150498272927,2.266512569162674,0.45781258686439463
13,105,-1.1502062137435047,2.21290317176606,0.4539842200456895
14,105,-1.1792437241711868,2.1518627618468646,0.45095726894302063
15,105,-1.2047071799546345,2.0835890747966035,0.4534444094988125
16,105,-1.225503598324292,2.0086291599892068,0.4705203076984733
17,105,-1.2406256655020433,1.9277062166943295,0.4798720565263919
18,105,-1.249353861967564,1.841923036943599,0.5070902175769179
19,105,-1.2510084263424177,1.7526848258624201,0.5323406371905437
20,105,-1.2450359884815392,1.6620708196324832,0.5613770241444623
21,105,-1.2313122842275206,1.5718393010394571,0.5941400049876563
22,105,-1.2097357305803522,1.4840677146661134,0.6168537295281559
23,105,-1.1805531418117292,1.4004951577420726,0.639732130980455
24,105,-1.1440583893438288,1.322569706118551,0.6548383300638059
25,105,-1.1008532976683367,1.2515031475001173,0.6663726232518252
26,105,-1.0514806151789513,1.1880796872321409,0.67205732710354
27,105,-0.9967083690585822,1.1322115906753558,0.6702878106713379
28,105,-0.9374903180198505,1.083586216382458,0.6615251347980207
29,105,-0.8746710991837743,1.0415492331135543,0.6496239885131949
30,105,-0.8091271844403993,1.004856151303022,0.6471742251836257
31,105,-0.7417183383144166,0.9719430712116958,0.6293880315312808
32,105,-0.6734020195936262,0.9416542471734434,0.6146165214586612
33,105,-0.6047981285324777,0.9124760546432695,0.6093361547119249
34,105,-0.5366184809063788,0.8831106320387553,0.6038680031262117
35,105,-0.4694790371580085,0.8525808563768944,0.5975496868487088
36,105,-0.4038493970401706,0.8203670918216811,0.606011915193381
37,105,-0.3401504780821765,0.7863513687410093,0.6160037166753756
38,105,-0.2787180703817485,0.7511104053238016,0.6343006374366288
39,105,-0.2199752246151726,0.7154958445759665,0.6530759791665177
40,105,-0.16424810236507692,0.680740372160483,0.6692290216413489
41,105,-0.11178919291544977,0.6483287099998359,0.6927220917427805
42,105,-0.06281147969578907,0.6196471821024367,0.7096042115869677
43,105,-0.017716811405832818,0.5961560656637213,0.7288539547631727
44,105,0.023072498026883364,0.578959913191638,0.7237074830529768
45,105,0.05918529154678038,0.5684063316949924,0.720931215463747
46,105,0.08995749867858216,0.5643203737311275,0.7127333293006801
47,105,0.11488603482595455,0.5658987833728393,0.6945815648770972
48,105,0.13344969941112933,0.5714559612833101,0.6730989660067684
49,105,0.14517900353405594,0.5792738074446094,0.6476424394761832
50,105,0.14945223405904343,0.5871790681432104,0.6169213795158955
51,105,0.145833380237078,0.5929727912671817,0.5941274039736393
52,105,0.13402047062215777,0.5948201115352619,0.5773457021216061
53,105,0.11379765373184218,0.5912891791992371,0.5709346959848889
54,105,0.08500663043240632,0.5820796758875296,0.5648368334735925
55,105,0.047692449401850176,0.5672198556597644,0.5555697726621361
56,105,0.0021437079778871423,0.5470701202740891,0.5670101552373147
57,105,-0.05114423152968338,0.5227002014451229,0.5687901144429677
58,105,-0.11151362388513662,0.49498826055190276,0.5659892383369964
59,105,-0.178091033650604,0.46476962754580636,0.5647046136063526
60,105,-0.2500657807992042,0.4326658958776017,0.5523636372861682
61,105,-0.32602185165054864,0.3987875814941644,0.5482133924077426
62,105,-0.4049614521612586,0.36299273174857455,0.5248853720456805
63,105,-0.48537583891250086,0.32477182660594994,0.507046655018225
64,105,-0.5660297051240174,0.2834222082037777,0.48483513799754313
65,105,-0.6454542235609907,0.23820300752724582,0.4745040627674797
66,105,-0.7222626815646782,0.1887630232327021,0.4668292887664119
67,105,-0.7953524247221084,0.13486292532767888,0.45088895189396844
68,105,-0.8634475255282522,0.07664325274478123,0.44434161256501786
69,105,-0.9257625291100148,0.01448745557944134,0.44642443101789936
70,105,-0.9813241680564175,-0.05091624322513647,0.4546742021175078
71,105,-1.0295808944602016,-0.11881879619593785,0.4600865247375836
72,105,-1.0701266127485447,-0.18822897239937933,0.46183306099744736
73,105,-1.1027602241108445,-0.2581733059385477,0.47345785544296975
74,105,-1.1273718837990403,-0.3274685477818974,0.4865013605127821
75,105,-1.14422847336407,-0.39534937333072706,0.49340060983015577
76,105,-1.1535332748086828,-0.46089709604633355,0.5092085070786356
77,105,-1.1557286874390675,-0.5229246995181928,0.5247552005632593
78,105,-1.15131105042437,-0.5806528470698135,0.5382402526959296
79,105,-1.1407212073613433,-0.6330910022856714,0.5433234070139821
80,105,-1.1244487108270396,-0.6795903479266453,0.5622421182796562
81,105,-1.1030522972100838,-0.7194596558240992,0.5761240815696665
82,105,-1.0769229317239477,-0.7520944880680044,0.5887967715687338
83,105,-1.0464360248913602,-0.7770521245682003,0.603320273128455
84,105,-1.0117187475281577,-0.7940207413064181,0.6188061268079483
85,105,-0.9729953303146218,-0.8026982790391987,0.6214589868830981
86,105,-0.930444492359095,-0.8030528765208969,0.6341953395567711
87,105,-0.884009865265592,-0.7949659727832695,0.6412130647940001
88,105,-0.8337832525646267,-0.7787452270182124,0.6357572012881084
89,105,-0.7798037334460131,-0.7546728524972254,0.6361144725245399
90,105,-0.7220833891092472,-0.7235268886930144,0.6265865385807946
91,105,-0.6607713480920769,-0.6861914916855401,0.6098046519682649
92,105,-0.5962445149525338,-0.6440057418628463,0.577331474688241
93,105,-0.5286795709770102,-0.5985986786798737,0.5434332804477986
94,105,-0.45877678767553426,-0.5518753141766485,0.5097540087478074
95,105,-0.3870728126695539,-0.5063290263796658,0.45478520314240123
96,105,-0.31429995397373317,-0.4645415528186682,0.41804613844197236
97,105,-0.24144870099072646,-0.4288201777385826,0.36989872227742565
98,105,-0.16941119304702554,-0.4018647921586965,0.33573607757558754
99,105,-0.09929661344365504,-0.385468404266533,0.2988450124728385
100,105,-0.03207303414835809,-0.38112728822956154,0.27416110830530965
101,105,0.031166564534785397,-0.3896733179027282,0.2552413391097248
102,105,0.08971589122567673,-0.41090166124322464,0.25703687986573825
103,105,0.1427758082195328,-0.4440988926129171,0.2628433077747211
104,105,0.18964341594734097,-0.48809685388479046,0.2758611348326554
105,105,0.230043035475133,-0.5409514309768577,0.2986465817522664
106,105,0.2638426790114615,-0.6007928536496278,0.3140003788710919
107,105,0.29108133137270925,-0.6657226564308873,0.33596196050097543
108,105,0.3120962259922197,-0.7342203966746234,0.3597867066308436
109,105,0.32739548105032845,-0.804810278981403,0.37779606704178675
110,105,0.3376946781574372,-0.876610386676263,0.399299449607429
111,105,0.34383081560172235,-0.9486489054047169,0.4156094755357357
112,105,0.3468499284126272,-1.0202777298127812,0.4360916560570632
113,105,0.3479140447211866,-1.0906796509853134,0.46382451155039867
114,105,0.34804987189723857,-1.1588036386968532,0.4878986625662949
115,105,0.3484237031818862,-1.2234541196364768,0.5167480297960345
116,105,0.35004156960275506,-1.282941410863619,0.5477174984588177
117,105,0.3538556923197571,-1.3356895488381575,0.5813576461045035
118,105,0.3607290755796927,-1.3799695264547671,0.6204855011163593
119,105,0.37129847233577534,-1.414160725999876,0.6547525595091079
120,105,0.3858926765961322,-1.4370639697424379,0.6895083155315459
1,106,-0.9183576835911252,2.5426321634194946,0.5684602541996038
2,106,-0.9075281225975528,2.5279493291033193,0.596816440851917
3,106,-0.9046279042369882,2.5139501117410252,0.6109720386732155
4,106,-0.9094023456829585,2.4999610048635232,0.6028331982374086
5,106,-0.9212736598795563,2.4846160475699257,0.5948746420715688
6,106,-0.9395696348674833,2.4669107091597313,0.5707192335155064
7,106,-0.9634107614450449,2.4455317883354275,0.5546222448084711
8,106,-0.991832171036956,2.419381301625515,0.5287142799043312
9,106,-1.023799549039282,2.3877350798269825,0.5089915838917308
10,106,-1.0581396132197227,2.3498209414262754,0.4912492251943763
11,106,-1.093545920343666,2.3050594866006846,0.47824435638038926
12,106,-1.1287998816471987,2.253451237768669,0.47181944852155844
13,106,-1.1625275831012285,2.1946335439587283,0.4727916162254865
14,106,-1.1934289831644995,2.128651886344312,0.47263916295383235
15,106,-1.2204263061494356,2.0558320403449315,0.48345747406003337
16,106,-1.2423877644792036,1.9767987440506336,0.4935080903514416
17,106,-1.2582729561442758,1.8923241225608267,0.511070478379003
18,106,-1.2673576013306158,1.8034826515715128,0.5340736504764443
19,106,-1.2689539709165736,1.7116164001229142,0.5611300724665274
20,106,-1.2625294228119626,1.6187176935020275,0.585555988364839
21,106,-1.2479827597251907,1.5264327498327124,0.618034245001685
22,106,-1.225256013998825,1.436761518285586,0.647956622057967
23,106,-1.1946434083642268,1.3513986029014928,0.6658455810833989
24,106,-1.1564756276763906,1.2718094539065827,0.6853962099382938
25,106,-1.1114195695785867,1.1992877323694506,0.7049854188242964
26,106,-1.0600482118760655,1.1347676955073678,0.7053610799166429
27,106,-1.003197111278946,1.0783364969386808,0.7039890596889266
28,106,-0.9418466119425998,1.0298962938564282,0.7078286981764202
29,106,-0.8768800562237036,0.9889616569801711,0.6935296018082251
30,106,-0.8091890209705356,0.9544218660094674,0.6845428169023517
31,106,-0.7396542855676338,0.9247368216519336,0.660307279035016
32,106,-0.6692311107510929,0.8986912863578007,0.656081997382564
33,106,-0.5985369301737793,0.8745915860212513,0.6315368901748263
34,106,-0.5282511322410315,0.8508993625379391,0.6271655338723834
35,106,-0.4589704734081224,0.8263311533890225,0.6206234866280563
36,106,-0.391138036122245,0.8000454637557467,0.6177305370793927
37,106,-0.3251426627584328,0.7716252431751555,0.6288820724407271
38,106,-0.2612776877465373,0.7414096454632683,0.632133030174759
39,106,-0.19996708521647136,0.7100914955235873,0.6454937413480673
40,106,-0.14149119027136414,0.6788462928836878,0.6694724162370496
41,106,-0.08610616898893889,0.6491631592308887,0.6823222052816428
42,106,-0.03401700220558788,0.6225247223192963,0.7010993326304436
43,106,0.014372862240713356,0.6005222113765415,0.7167769423198491
44,106,0.05860359386858109,0.5844226726542553,0.7200442954520793
45,106,0.09827489133385338,0.5747339503354831,0.7147159787716718
46,106,0.1326716871627456,0.5714194101934061,0.7072497851467194
47,106,0.16122820321268339,0.5737983315264388,0.6879718931012677
48,106,0.1833636376640499,0.5802482063919322,0.664017896953975
49,106,0.1985464830584676,0.5890984469982653,0.6480211979200406
50,106,0.20606802892034634,0.5981711320072699,0.6157312951720054
51,106,0.20545696647526224,0.6052547281163507,0.5991266220531923
52,106,0.1963344346394253,0.6084573528436363,0.5768450944890562
53,106,0.17844697600676265,0.6062816786004844,0.5654607182710899
54,106,0.15158067241351947,0.5983529953525979,0.5582253598807873
55,106,0.11577435368341212,0.5846232731523258,0.5577848872946628
56,106,0.0712951177632081,0.5653826769877373,0.5589199302929212
57,106,0.01865613517402135,0.5416299947802583,0.5646746866623853
58,106,-0.04146871511374988,0.5141839765459649,0.5567269786416162
59,106,-0.10815860107433375,0.4838596501066283,0.5574137057136827
60,106,-0.18056760567925956,0.45126309131518916,0.547959555693231
61,106,-0.25721310219893934,0.41652417586465973,0.5383984693494019
62,106,-0.3370434355766843,0.37954515350880497,0.5273776492421139
63,106,-0.41847831396503127,0.3398911551601287,0.5065268104320615
64,106,-0.5002215946289453,0.2969455271869399,0.48701582411843214
65,106,-0.5807530970496112,0.25008149258613616,0.4742462010595189
66,106,-0.6586213881341467,0.19907480152881027,0.4640045783611559
67,106,-0.7326917291572624,0.14380133927022407,0.4553148310052942
68,106,-0.8016721621600483,0.08450186564514507,0.45223736073914317
69,106,-0.8647619482065863,0.02162628428429816,0.4540519116557639
70,106,-0.9209871231397426,-0.04409793008799689,0.4476891476326458
71,106,-0.9698299135319258,-0.11193594186963474,0.45922299580173465
72,106,-1.010908137582277,-0.18093510192272094,0.4677950462004265
73,106,-1.0440715009401236,-0.2502122518209815,0.47561565775864884
74,106,-1.0692548236291364,-0.3186947459913342,0.4836841447959986
75,106,-1.0867845311970377,-0.3857346440274872,0.49824660859571196
76,106,-1.096919375538584,-0.45051998588405157,0.5099729724582164
77,106,-1.1001648082790951,-0.5119371611640532,0.522048193572147
78,106,-1.097056908979278,-0.5692567260142528,0.5322967375344805
79,106,-1.0880782968184721,-0.6215028473878748,0.5428686837084341
80,106,-1.073759868460684,-0.6680025916600942,0.5587332139797738
81,106,-1.0546692925460808,-0.7080264322123305,0.5745554825598227
82,106,-1.0312061434147233,-0.7409089102423423,0.5903421717870118
83,106,-1.0037358742702456,-0.7661833443066557,0.6048490667349413
84,106,-0.9723776396377244,-0.7835280493608877,0.616211062431015
85,106,-0.9373104321329574,-0.7926785513029363,0.6235578853437507
86,106,-0.8986785145291181,-0.793677561979198,0.6308740196499034
87,106,-0.8563896004709974,-0.7865233725701547,0.6339174716037109
88,106,-0.8104715197865264,-0.7716932193858531,0.6377401354374221
89,106,-0.7609188437292862,-0.7496032253676854,0.6264157626398174
90,106,-0.7076843368697234,-0.7211883517535097,0.6137142892052436
91,106,-0.6508700118199842,-0.6874256787686378,0.5991857857124834
92,106,-0.5908037483642407,-0.6496643409851381,0.5823205927334503
93,106,-0.5276028299251817,-0.6094907576948841,0.549000777012298
94,106,-0.4619265249527363,-0.568659298927669,0.5098234527748853
95,106,-0.39426155038146976,-0.5294523403572902,0.46432758994851225
96,106,-0.3253051314892625,-0.49419585083522666,0.4347576864783089
97,106,-0.2559842854596464,-0.4649023306394016,0.3965341375179346
98,106,-0.18716172530175723,-0.4440130807640494,0.3529011708841114
99,106,-0.11989723571965756,-0.433094261959817,0.3244507653507675
100,106,-0.05511918104011647,-0.4334688476197667,0.3061401781944388
101,106,0.006129997166556469,-0.44587113264677597,0.28621952836525666
102,106,0.06318169411501594,-0.47008823144745643,0.2793246402975788
103,106,0.11527198283618956,-0.5054278079872411,0.28584474870759374
104,106,0.1617149327660543,-0.5508190152479525,0.29526817922164716
105,106,0.2022503987194203,-0.6044130988982424,0.30826274394002534
106,106,0.2367622539224113,-0.6644523020269612,0.3288722285104587
107,106,0.2652542516134487,-0.7291337000808749,0.34524009203357564
108,106,0.2880534631011209,-0.7970318653337426,0.362943937795221
109,106,0.3055968175931815,-0.8667089794698035,0.3747219680376332
110,106,0.3185394650995794,-0.9373541171244094,0.3910488963539601
111,106,0.32761951471209,-1.0080216639130732,0.40734807937764966
112,106,0.33379756150519785,-1.0781173648002271,0.42982803840041517
113,106,0.3381065735207137,-1.1468761569203005,0.4475286906823074
114,106,0.3414515252988956,-1.213305072811315,0.4629360219781917
115,106,0.34487807526684666,-1.2762849979744588,0.4885880094781401
116,106,0.34925923441643847,-1.3342192860247393,0.5178671469699282
117,106,0.3554428170495207,-1.3856163066335978,0.5464101554082218
118,106,0.36418878603688043,-1.428823595954693,0.5766798813447421
119,106,0.37604443954014194,-1.4622910816842014,0.6139283986089827
120,106,0.3913036536393274,-1.4848723080827222,0.6488307393623741
1,107,-0.9154332454369021,2.573517869137012,0.5438694752536093
2,107,-0.9049951030882433,2.557932195574428,0.5871309342198558
3,107,-0.9028654827647142,2.542155973429373,0.597744991032806
4,107,-0.9087637460066577,2.5255517568979164,0.5934579632452051
5,107,-0.9220613972495658,2.5068102275087094,0.5827627689875509
6,107,-0.9420305316278876,2.4850144175274393,0.5688944998932419
7,107,-0.9677288430386053,2.4589325292198296,0.5443813740882779
8,107,-0.9981203725515435,2.427583882283883,0.5249739960429151
9,107,-1.0320907501735743,2.3903859089796438,0.5072893727554129
10,107,-1.0683944625458663,2.346708702319484,0.49817117543886424
11,107,-1.1056391906013916,2.2961294016897567,0.49674010928276974
12,107,-1.1425446797401526,2.2388233429951927,0.4870390919304052
13,107,-1.1776547823424282,2.17458667381683,0.4814581304291869
14,107,-1.2096302276768223,2.1036168568025997,0.49608454796377105
15,107,-1.237341843793372,2.0263500524328895,0.5071723223824172
16,107,-1.259629571376626,1.943458765908607,0.5217691298186599
17,107,-1.2754280804686833,1.8557390346206326,0.5415103272123313
18,107,-1.284017125940942,1.7642043141966222,0.5564655017664113
19,107,-1.2847112252444617,1.6701051818722665,0.5901004519287842
20,107,-1.2770085031404725,1.575317731896336,0.6185238178340813
21,107,-1.2608400147159484,1.48135157533344,0.6407041344544548
22,107,-1.2362001133905673,1.3901115051403494,0.6689941072889444
23,107,-1.2034404577482714,1.3032366567205378,0.6953826810912995
24,107,-1.1629359569358906,1.2222095432571582,0.7221745186618891
25,107,-1.1154269257979756,1.1484114094213154,0.7298416128990853
26,107,-1.0615232478280134,1.0829412982679327,0.7438106144980453
27,107,-1.0021344249382722,1.026080027136447,0.743757107930952
28,107,-0.9382714081113457,0.9779662029392222,0.7457834618842002
29,107,-0.8708611088634288,0.938300909536931,0.7317302751996548
30,107,-0.8008129338795289,0.906119476555678,0.724477722682956
31,107,-0.7290305394722787,0.8799074276869331,0.7058751518400107
32,107,-0.6564680799501983,0.8583826758461404,0.6861590487686519
33,107,-0.583739751449893,0.8396568225965685,0.6697270013143429
34,107,-0.5114906382446569,0.821930816401754,0.6443463254931932
35,107,-0.4402956691606653,0.8035912762680925,0.6343660667118192
36,107,-0.37056770857270804,0.7834577952129684,0.6311217406786958
37,107,-0.3026582869458872,0.7608009327009673,0.6303333361672301
38,107,-0.23681280479286895,0.7357242193412534,0.6380364242067017
39,107,-0.1734498844292246,0.7087704323715643,0.6457913070611411
40,107,-0.1127951376345571,0.6810750024608364,0.6627975860212694
41,107,-0.05510164964796497,0.654155264223669,0.6772493829519529
42,107,-0.0005574301030733413,0.6296157012182175,0.6936851905775189
43,107,0.050441456572730525,0.6091989574600812,0.7039423186576166
44,107,0.09740656752323758,0.5943493985921698,0.7170691963100563
45,107,0.13991784618689246,0.5857415622119904,0.7111673204333172
46,107,0.17721769777151178,0.5834749546254268,0.7052579678692095
47,107,0.20868619051513482,0.5869811509689492,0.6835426013264172
48,107,0.23369115193459025,0.5946878668325726,0.6701341198725269
49,107,0.25164628068515726,0.6049532092330676,0.6377752038761568
50,107,0.2617629394847433,0.6155784174755331,0.6139029192469495
51,107,0.2635401115584973,0.6243207389832782,0.5886843920013968
52,107,0.2565283643716687,0.6292142437581699,0.5649287550377697
53,107,0.24043937266332535,0.6286808879369102,0.5526093374857046
54,107,0.215007653328842,0.6222537504319122,0.5461042612966821
55,107,0.18026923532622832,0.6097931507447816,0.5416420627106314
56,107,0.13647088438723537,0.5915043343180897,0.5463510848640403
57,107,0.08414450436045366,0.5683039559408244,0.5441296296039339
58,107,0.02398039932149584,0.5409460565830297,0.5456065908254448
59,107,-0.04305413256942837,0.5102279569635184,0.5417844707536563
60,107,-0.11607843279232964,0.47675096947387896,0.5357136260491198
61,107,-0.19354503732485218,0.4406856469827621,0.5270642932714764
62,107,-0.2743511789806352,0.4020053671539403,0.5116928624291909
63,107,-0.35684804469977716,0.36038341632976645,0.5022299364323141
64,107,-0.4396816656945691,0.31532033970762874,0.48003066834601854
65,107,-0.5212840027486948,0.2663370355639667,0.47047407407904246
66,107,-0.6001441426117007,0.213355772872317,0.4646899253115658
67,107,-0.6750987499482634,0.15638304864512542,0.45546375877828466
68,107,-0.7448444018080392,0.09576038767639113,0.4520322518712517
69,107,-0.8085705652692696,0.03199907742011303,0.45164202508508533
70,107,-0.8653062992186871,-0.0341496667111784,0.45537260466354396
71,107,-0.9145736106463818,-0.1019806674898926,0.4617152595391889
72,107,-0.95601733652741,-0.17059834533367169,0.46492787321948736
73,107,-0.9895428042690074,-0.239222534218339,0.47752217930989216
74,107,-1.0151328146522713,-0.3068952729487705,0.487962930195029
75,107,-1.0331766258127406,-0.3730814332388272,0.4999101966215393
76,107,-1.0439918481453911,-0.437061120004745,0.5023538811045185
77,107,-1.0481496715244016,-0.49777502547306207,0.5112366195862418
78,107,-1.046228144331157,-0.5545167692062267,0.5276789977788305
79,107,-1.0387518793621622,-0.6063016211422851,0.5381084829703163
80,107,-1.0262943268036717,-0.6524123331380237,0.556098453608761
81,107,-1.009432873567808,-0.6920709825896931,0.5726167023868023
82,107,-0.9885750019012133,-0.7245512214259127,0.5814308104212002
83,107,-0.9640762992994749,-0.7493771793488295,0.5929694666019689
84,107,-0.9360455434879584,-0.7662421435210318,0.6033525028262731
85,107,-0.9046160947053112,-0.7749589512218626,0.6146049715057681
86,107,-0.8698950852084432,-0.7756912609166999,0.6214223462293273
87,107,-0.8317521341308313,-0.7686119623435756,0.6272042079440501
88,107,-0.7901497493689573,-0.7544210518405273,0.6207587797394948
89,107,-0.7450347384952631,-0.7337239227410135,0.6148625638622837
90,107,-0.6962992276945585,-0.7076634915044663,0.6018318222468876
91,107,-0.6439941876288967,-0.6773493416082096,0.5859757978863777
92,107,-0.5883974033787821,-0.6441678198623325,0.5664902321206483
93,107,-0.5295632981856926,-0.6096737222087558,0.539647654972337
94,107,-0.4681084987040296,-0.5754647122118289,0.5051743763457742
95,107,-0.40446753635695887,-0.5435886290591796,0.47936447764213524
96,107,-0.33930125371761316,-0.5160730885946264,0.4399058440348131
97,107,-0.2734701562431642,-0.4945816531944264,0.40305492032606527
98,107,-0.20780690318760806,-0.48123082931772304,0.37292264216541116
99,107,-0.1433193335292558,-0.47729204728096136,0.3443111581685318
100,107,-0.08089518239346248,-0.4838478804275665,0.32005509255880166
101,107,-0.021525365162705097,-0.5014767151670828,0.3120057886360185
102,107,0.0341593499026425,-0.5299121189413789,0.30639474700108643
103,107,0.08543159283836953,-0.5684509709534662,0.30984019742499297
104,107,0.13162273360445503,-0.6161035141613955,0.31680986484235096
105,107,0.17248699138169785,-0.671115297622802,0.33565659809214166
106,107,0.2079236758026092,-0.7318506118783668,0.3412980918668684
107,107,0.23789889370796855,-0.7966188865458412,0.35796393129877463
108,107,0.26272764146173666,-0.8641129078860864,0.3680548645660533
109,107,0.2827725277103264,-0.9329549460282891,0.37886868107126104
110,107,0.2986238529118621,-1.002426971746997,0.3976757001206779
111,107,0.31091648851572096,-1.0716287591103826,0.40531718818513457
112,107,0.3205204887273756,-1.1400379541438044,0.40869117160609486
113,107,0.328333441116378,-1.206955884855346,0.43062861850713857
114,107,0.3351325140864873,-1.2714626336810346,0.44900548263210177
115,107,0.3418357615357547,-1.332531360511996,0.47404375650174596
116,107,0.34917817517953553,-1.3886754804267725,0.4965729778241913
117,107,0.3578974146984843,-1.438503443603823,0.5121373297847547
118,107,0.36864482083075406,-1.4804567704968126,0.5443610155384729
119,107,0.3818748316298787,-1.5130704409497024,0.5841694546409671
120,107,0.39784385616573736,-1.5352624098607914,0.6143886086296163
1,108,-0.9198553132861464,2.6104071786842784,0.5297744649791591
2,108,-0.9097397151672251,2.5936418725779387,0.564577142214297
3,108,-0.9082434735316599,2.575561032340256,0.578887103141763
4,108,-0.9150604338904617,2.555611741279725,0.5783506265282695
5,108,-0.92951240417031,2.5326077384922674,0.5690671644387943
6,108,-0.9508171495909593,2.505793879477148,0.5560655294183741
7,108,-0.9779711820814335,2.4740956776452876,0.5457827171354842
8,108,-1.009870761346085,2.4367180782197138,0.5246046325485322
9,108,-1.045324145386709,2.3932759883531576,0.5092636285222976
10,108,-1.083016937574076,2.343318704728314,0.5086409720238901
11,108,-1.1214756045937304,2.2866000232346493,0.5056601505882523
12,108,-1.1593636627730013,2.223469535113287,0.5058554375427627
13,108,-1.195148876859798,2.153867762147545,0.5103372781552977
14,108,-1.2274597650917933,2.0781194638629183,0.5216735182502427
15,108,-1.2551215704261998,1.99674006036718,0.5342089170782637
16,108,-1.276955887103688,1.910409909920097,0.5496178713829226
17,108,-1.291880079514819,1.8199170706311683,0.5715898114764356
18,108,-1.2991860425410515,1.7261790116502762,0.5882581696874386
19,108,-1.2981999624108078,1.6303282303916375,0.618197244645356
20,108,-1.2884598052837013,1.5341007275639893,0.6471392295340241
21,108,-1.269937268153722,1.4388526450744503,0.6747707254366578
22,108,-1.2426868189040055,1.3463845366169316,0.6969686139498598
23,108,-1.2071265703595295,1.2582766174111173,0.7174076948423234
24,108,-1.1636825476557304,1.176034284124322,0.7407394116203669
25,108,-1.1131759827578114,1.101135845145822,0.7623403056403458
26,108,-1.0562600398610342,1.0348602952764245,0.7705037165286851
27,108,-0.9939238661225028,0.9776988947080314,0.7775688367709602
28,108,-0.9272131651547206,0.9300441016500686,0.776115159071659
29,108,-0.8571030205821594,0.8917955968565981,0.7715078558804018
30,108,-0.7845236432456267,0.862140758271264,0.7556160149223263
31,108,-0.7104035456392483,0.8395875964626388,0.7404910052909478
32,108,-0.6356972858316998,0.8227758773590331,0.7148410211979495
33,108,-0.5610155308817851,0.8096055864504095,0.6869822442412565
34,108,-0.4869679184962202,0.7979961761947844,0.6704940501972516
35,108,-0.41410549135023844,0.7859824081907127,0.6435619539421686
36,108,-0.34280776972442184,0.7720313002046839,0.6331067704707499
37,108,-0.2733842069885384,0.7550926770018103,0.6265822511784432
38,108,-0.20602747432870117,0.7350423343027936,0.6293833656048943
39,108,-0.14114444172586774,0.7122887751078407,0.6363617398531771
40,108,-0.07889772369436006,0.6879516621969411,0.6572699234483673
41,108,-0.019530262504663887,0.6636081833663101,0.674824575032843
42,108,0.036795947023271026,0.6410171414714887,0.6843948464882226
43,108,0.08970148482321763,0.6220994697730856,0.701093233947176
44,108,0.13867888989379015,0.6084961232300764,0.7017666714876699
45,108,0.1832984011752173,0.6010574885640341,0.7026550624114015
46,108,0.22276926805198813,0.6000177217665115,0.6994393636418754
47,108,0.2564268558831798,0.6049085230823401,0.6743023154821055
48,108,0.2835967749849762,0.6141917034911958,0.6548200152930974
49,108,0.3036459891888586,0.6262296571460482,0.6305925671612557
50,108,0.31571398445123733,0.6387808179541233,0.6002999106230489
51,108,0.31927595151396926,0.6495462104568378,0.5719037592262086
52,108,0.3138187222261281,0.6564641457813684,0.5527938041803306
53,108,0.2990220809165101,0.6578566096365892,0.5352594583390927
54,108,0.27457313727463883,0.6531453889697999,0.5269295676752085
55,108,0.24050791840753813,0.6420838063939535,0.5231189160541637
56,108,0.1970535640584796,0.6247790668833817,0.5232412421709969
57,108,0.14476054840882283,0.6020573432094265,0.5185731802996786
58,108,0.08433484084075965,0.574606337323916,0.5234016085954458
59,108,0.0167877809998675,0.5432109302018863,0.525582381500925
60,108,-0.056967148096736954,0.5084808995415963,0.5194974735311099
61,108,-0.1353211252794212,0.47064908265053573,0.5088094289866358
62,108,-0.21712459659672803,0.4297864457117237,0.4992630908426304
63,108,-0.3006648838349783,0.38570587291276454,0.4874268253447601
64,108,-0.38453468700245613,0.3380528336791024,0.4784030271263306
65,108,-0.4671228696843166,0.28652555542770897,0.4653551951263711
66,108,-0.546865407977658,0.23120823355971723,0.4629851830587014
67,108,-0.6225747542721783,0.17224952051654033,0.46015093454766287
68,108,-0.6929408677143156,0.11008946991581091,0.45941829911486026
69,108,-0.7571492152001278,0.04529443798586554,0.45840363857000266
70,108,-0.8142355648251097,-0.021376795063139768,0.46224318652342045
71,108,-0.8637670575650929,-0.08926332263839819,0.46631096422849916
72,108,-0.9054180790263837,-0.15754308363575403,0.4691037908910199
73,108,-0.9391534054394105,-0.22554900395401256,0.47481230664231167
74,108,-0.9650061563470752,-0.29243867136758417,0.4826965060961028
75,108,-0.9834303794928367,-0.3577824989686672,0.4934316166451497
76,108,-0.994804654511288,-0.4209353340903893,0.4966713695010714
77,108,-0.999767133014535,-0.48087175223038453,0.510288738081639
78,108,-0.9989388974729685,-0.5368810082029916,0.5167292711435745
79,108,-0.9928856193064658,-0.5879458873230851,0.5299361230614696
80,108,-0.982223198589533,-0.633285297464128,0.5526786717685711
81,108,-0.9675386890767803,-0.6720640962820204,0.5620482297555013
82,108,-0.9492461329116554,-0.7034957469008669,0.5815146317267028
83,108,-0.9276906691984251,-0.7271096681965935,0.5874631635089236
84,108,-0.9029679560188718,-0.7426376761212309,0.5903525738587646
85,108,-0.8751652314861976,-0.7500063287683068,0.6010163087039033
86,108,-0.8443498269824032,-0.7495427571007389,0.6025166299765579
87,108,-0.8103511715973091,-0.7416468689867631,0.5973679516201101
88,108,-0.7730654962867392,-0.7272889522838765,0.5923077017533689
89,108,-0.7323889229007579,-0.7073152434337263,0.5839537208276926
90,108,-0.6881522572833645,-0.6831249068623919,0.5818339980378601
91,108,-0.640352139457884,-0.6559998329115453,0.5585980711161439
92,108,-0.5892157853647824,-0.6273948594759406,0.541439489027348
93,108,-0.5347322445455743,-0.5988498592062361,0.5157850757919813
94,108,-0.4774746389767269,-0.5718092591941373,0.4944209784100741
95,108,-0.4178239571597707,-0.5480737011525916,0.46288353332073784
96,108,-0.35640414366168,-0.5293403092109642,0.43521389019979784
97,108,-0.29400743190653594,-0.5168795792795817,0.4083056388646282
98,108,-0.23143655762367996,-0.5124243135367209,0.38125954949218405
99,108,-0.16964597359652375,-0.5168879520920716,0.3579363392055994
100,108,-0.10948273260556349,-0.5310475793280461,0.34436798065011387
101,108,-0.05188636798999904,-0.555266977029558,0.33372978363520034
102,108,0.002549574268554642,-0.5891775138857349,0.3329005386545156
103,108,0.053134896195364226,-0.6320303225984565,0.3353673242867959
104,108,0.09921811275184825,-0.682896856906499,0.341489695610056
105,108,0.1405664316005122,-0.7401133048704285,0.3514387224609811
106,108,0.17709400337638517,-0.8021749964658696,0.3644511319280601
107,108,0.20872740475469545,-0.8675209623517648,0.3773174876958921
108,108,0.23576801873220324,-0.9349856488136058,0.3871422372926197
109,108,0.25850225109926367,-1.0032758588535966,0.3911960941892867
110,108,0.27745249835363106,-1.0717884193991336,0.403827664532139
111,108,0.2931478510248026,-1.1396870604064246,0.41116927682975685
112,108,0.3063644238596553,-1.2065362085957898,0.4192167812038227
113,108,0.31786055457088963,-1.2717113427295506,0.4293924957005234
114,108,0.32828191429035947,-1.3343721431852837,0.44606555268517256
115,108,0.3384143518602364,-1.3935878216037543,0.4563522749174247
116,108,0.3488521909330262,-1.4479847566739665,0.4829200558032847
117,108,0.360219231219052,-1.4962726347658086,0.5030978737893744
118,108,0.37305466803872694,-1.5369910642067248,0.5325360018222904
119,108,0.38771819734544627,-1.5687618036046667,0.558933388806806
120,108,0.40442695100987397,-1.5905700215405751,0.5943224324542752
1,109,-0.9310004209361337,2.653256704289049,0.5012076590201037
2,109,-0.9211430568559054,2.6350414385101697,0.539963975170486
3,109,-0.9201521548593394,2.6141435409743496,0.558705514505413
4,109,-0.9276965875809544,2.590148652739848,0.5655036629961714
5,109,-0.9430498140053796,2.5620660470739813,0.5557813447806327
6,109,-0.9653769673025109,2.529382848039587,0.5488645039538331
7,109,-0.993615258522658,2.491263238334151,0.541360320454661
8,109,-1.0265966737185512,2.4471685631622453,0.5272117866621084
9,109,-1.0630550916542711,2.396966371047436,0.5180963781291326
10,109,-1.1016106373475956,2.340417828234272,0.5214289726619704
11,109,-1.1407133927570627,2.2774653475035,0.5179608951195606
12,109,-1.1789757613951022,2.208621182778053,0.5295063038143105
13,109,-1.2147955164940487,2.1339424960684252,0.5382146352121652
14,109,-1.2467752968775707,2.053843384282662,0.5358346670770665
15,109,-1.2737001410330107,1.9688747460378375,0.5635685600665722
16,109,-1.2943823086282673,1.879676242289427,0.5773696562419453
17,109,-1.3077286555995848,1.7869901897595581,0.5944785212337897
18,109,-1.3130503641600137,1.6916023546805312,0.6145823297184523
19,109,-1.309693558971442,1.5945036572361349,0.6374080530764639
20,109,-1.2972438846280376,1.497273268753196,0.6656529853479253
21,109,-1.2757209452854212,1.4011064845421237,0.6910050326777692
22,109,-1.2452459172123054,1.3077010381100083,0.7108446639061525
23,109,-1.2063111574080692,1.2185843065415911,0.7397828287822341
24,109,-1.159399914062767,1.1352981657313357,0.7640131553871292
25,109,-1.1054207504931166,1.0594326862715109,0.7810492535048805
26,109,-1.0450759801212612,0.992463392788028,0.7988726046482013
27,109,-0.9794392981068745,0.9351071635663463,0.8008750699993965
28,109,-0.9095951993979877,0.8880231645948146,0.806184478895594
29,109,-0.8365712221139056,0.8513155234610544,0.7980342054405322
30,109,-0.7613214972765573,0.8243222384650636,0.785481201082062
31,109,-0.6848014810305348,0.8055642854566107,0.7662454588112971
32,109,-0.6079680445471918,0.7935864020888047,0.7328310337777364
33,109,-0.5314285758286953,0.7860562835578123,0.710083963106979
34,109,-0.4557569381142866,0.7805889681668079,0.6785125589763986
35,109,-0.38147896457078845,0.7748455434692,0.6539301608746156
36,109,-0.3089384637919755,0.7669286339757764,0.6412135382671165
37,109,-0.2383988343400061,0.7554627279549949,0.632393021175304
38,109,-0.16999619774970148,0.7401079741946077,0.6236442237780289
39,109,-0.10411952889797385,0.7211599204879088,0.633381736958527
40,109,-0.04086126635885481,0.6997526636481533,0.6435205110009649
41,109,0.019552683754991182,0.6775613993587629,0.6667734813746569
42,109,0.07699498103067999,0.6565377739031825,0.6770464094577824
43,109,0.13111184232857867,0.6388141480858635,0.6947937849050303
44,109,0.18138655992129646,0.6262520461273604,0.6999891237024157
45,109,0.2273897828560391,0.6198907922051993,0.7008712917406401
46,109,0.2683074775356463,0.6201001072845816,0.6866200094497057
47,109,0.30344023599999825,0.6265001362258951,0.6695615443797286
48,109,0.3320811323661576,0.6375698460418764,0.6493700733544248
49,109,0.35355901770050735,0.6516488842969091,0.6176360365261079
50,109,0.3669503286952627,0.6664276128885516,0.5850934841758438
51,109,0.3717126356223699,0.6795219585508069,0.5532046353543657
52,109,0.36727636115837314,0.688750028728887,0.5374881672436791
53,109,0.3532927578885048,0.6923119812707574,0.5195945117428353
54,109,0.32940597249707954,0.6894990283236887,0.5014691563716797
55,109,0.29565445092391823,0.679942763163189,0.5032665729209498
56,109,0.2522463249606932,0.6636410403124521,0.49732033647788104
57,109,0.19974988432287638,0.6413239958334379,0.5013821457876276
58,109,0.13888538298907135,0.613614478285813,0.500081829335163
59,109,0.07070478820371309,0.5812920562030496,0.5010181396306189
60,109,-0.003848460332549607,0.5449895046900037,0.4924705100407777
61,109,-0.0831088405302457,0.5050220695742537,0.4899759196254168
62,109,-0.16588540546703753,0.4615824736934289,0.4839912433408773
63,109,-0.2504074393096101,0.41465013949162316,0.4708479993847342
64,109,-0.3352198728196665,0.3640375319042084,0.47479355443173793
65,109,-0.41867411726793724,0.30964333255112625,0.46237301979842493
66,109,-0.49916013150980515,0.2517229311053953,0.45692196387242856
67,109,-0.5754711666438447,0.1905731228299329,0.4608803242936042
68,109,-0.6462954771341449,0.12672652055297876,0.4550788659305866
69,109,-0.7108204114447728,0.06079639497689692,0.46365884691332115
70,109,-0.7680919217515508,-0.006467503326059212,0.4624498170899984
71,109,-0.8177268200434715,-0.0744617316687729,0.46316647815188294
72,109,-0.8594310314826106,-0.14245112976517166,0.4768886618549615
73,109,-0.8932315243198136,-0.20988823740581816,0.46982257535841493
74,109,-0.9192130707214391,-0.2760431516842248,0.47694068489379604
75,109,-0.9378952045371004,-0.3405814601574271,0.4836149954740405
76,109,-0.9497183463401629,-0.40291301391094075,0.4908792539088205
77,109,-0.9553874360146114,-0.46202499127742763,0.5051092247892199
78,109,-0.9555665729020808,-0.5171753572432938,0.5123720418390777
79,109,-0.9508606293745547,-0.5672919353520861,0.5317066839238791
80,109,-0.9419266615467606,-0.6115119700864451,0.5425565162717855
81,109,-0.9293606667857758,-0.6489360650968307,0.5550467111052451
82,109,-0.9135814609730094,-0.6787190165325895,0.5622254310335162
83,109,-0.8949226932057457,-0.7004090689883696,0.5766985218758588
84,109,-0.8734640731033636,-0.7137976294453976,0.585810850413791
85,109,-0.849246408443669,-0.7189561226513466,0.5842647999423785
86,109,-0.822294899606312,-0.7164114953387714,0.5841750489055656
87,109,-0.7923971098393806,-0.7068346210314886,0.5727319661597581
88,109,-0.7593828205193258,-0.6915049687786851,0.565737948244055
89,109,-0.7230952976030459,-0.6715541650599925,0.5509716177094546
90,109,-0.6833043009614758,-0.64868001904056,0.5431327468995175
91,109,-0.6399500151992608,-0.6243740725383137,0.5225899403714186
92,109,-0.5932095437289853,-0.6001928447661612,0.5027957984076386
93,109,-0.5430054564227722,-0.577682456290678,0.4850898237766505
94,109,-0.4898676161704258,-0.5581466722148316,0.46107212054072455
95,109,-0.43412339804627803,-0.5431375691572619,0.44269702934824345
96,109,-0.37636041708035206,-0.5340019242546417,0.4207125971441122
97,109,-0.3173024061799084,-0.5315854183580394,0.40299370398795004
98,109,-0.25772321965371814,-0.5371887238600929,0.38607292248853325
99,109,-0.1985237127354043,-0.5513119728132525,0.3671704851022209
100,109,-0.14051113522197559,-0.5743669999768252,0.3611014408370851
101,109,-0.08457479744719258,-0.6064467622258946,0.3556084808593875
102,109,-0.03127226484035295,-0.6470306631849096,0.35143615564311254
103,109,0.018743457883281297,-0.6952872755077371,0.354619113141899
104,109,0.06483768961861368,-0.7503259929171886,0.3671744076483688
105,109,0.10678934175159395,-0.8105667508382721,0.373729326721003
106,109,0.14452697856516694,-0.8746425115882267,0.3863061859897816
107,109,0.17793669489537073,-0.9411379966221635,0.3906505485792065
108,109,0.20730547551883755,-1.0090512847861917,0.3994608968021517
109,109,0.23284321561628968,-1.0771989096135313,0.40213384343644626
110,109,0.25500307047315135,-1.145113628422865,0.4141715728305503
111,109,0.27420786368595174,-1.212040900300494,0.41627370688406534
112,109,0.29113837776921486,-1.2776442023071757,0.4233422028704266
113,109,0.306412482472648,-1.3413762035020573,0.4276775149801366
114,109,0.32054319469553255,-1.402476706018946,0.4409905289351727
115,109,0.33418203868936847,-1.4601057842965794,0.4540595246029913
116,109,0.34778245072206027,-1.5129953089839834,0.46807555586379523
117,109,0.36185279739660464,-1.5599465816441065,0.4983779845084191
118,109,0.37681863711858143,-1.5995914475012791,0.5200918167417048
119,109,0.39294460838636586,-1.630630570084492,0.5518469526572986
120,109,0.4104074840475298,-1.6521123741360315,0.5789533975229126
1,110,-0.9479142269766906,2.7019413487058985,0.4671571358207261
2,110,-0.9382574387467713,2.6820184375724514,0.5112396654074532
3,110,-0.9376571492891629,2.657817493143116,0.5353811146491974
4,110,-0.9457579337145939,2.6291198845481785,0.5318705035457255
5,110,-0.9617865506317897,2.595206024911359,0.5373714643184369
6,110,-0.9848574834929339,2.5558886230101168,0.5319477782678573
7,110,-1.0138507864070982,2.5106544275538987,0.5290321763941984
8,110,-1.0475377986184802,2.45929211062915,0.5283706079917345
9,110,-1.0845812589231252,2.4019749413702525,0.5243691579718404
10,110,-1.123539271457053,2.338704356567259,0.5252573716071129
11,110,-1.1627904197707366,2.269616030010931,0.5352357840725152
12,110,-1.2009007125243452,2.195364388576356,0.5363669627869293
13,110,-1.2362038201249939,2.116084920454243,0.5506774598888444
14,110,-1.2672820350129288,2.0322325968606703,0.5614659730035783
15,110,-1.2928850655106778,1.9443401346175855,0.5783464047331537
16,110,-1.3118236436463366,1.8529518267831206,0.5891851903263051
17,110,-1.3229999638787986,1.7587220900463651,0.6147452941181365
18,110,-1.325750422524262,1.6622696817144504,0.6247649112613404
19,110,-1.3194480292865702,1.564423782411647,0.650623424942346
20,110,-1.303732337121891,1.4665970357445532,0.6789348394334882
21,110,-1.2786768000865933,1.3698256869003467,0.7001197209188448
22,110,-1.2444744282905482,1.275716005482212,0.7239020801129367
23,110,-1.2016979672262533,1.1857579100875437,0.7462317081787326
24,110,-1.1508928995277647,1.1015508074863074,0.77253068481375
25,110,-1.0930600749527193,1.0248163023894092,0.7946275203544397
26,110,-1.0289559376217285,0.9572445349440513,0.807636327748984
27,110,-0.9597424097404769,0.8997915888661664,0.823422454340225
28,110,-0.8865463965345806,0.8533915798993051,0.82234770815371
29,110,-0.8104514451233208,0.8183528542892688,0.8118917889237632
30,110,-0.7324384888540559,0.7941552049217442,0.8028459910533527
31,110,-0.653491812153894,0.7793167613624274,0.7776956993331354
32,110,-0.5745725837602297,0.7722647403639469,0.752637420839656
33,110,-0.496285439906058,0.7704101061329611,0.7188980663813536
34,110,-0.41916877270180863,0.7710383010673907,0.6844012786038154
35,110,-0.34372246315213223,0.7714148344784957,0.6500630411125767
36,110,-0.270252894390203,0.769267275170614,0.631983271243315
37,110,-0.1989742985010738,0.7628927857263398,0.6213778803621827
38,110,-0.1299633912788436,0.7517504554728319,0.6182601389360362
39,110,-0.06358559313896046,0.7360475047100761,0.6184535591357262
40,110,0.00014266647489502855,0.7169661172063931,0.6316842119066604
41,110,0.061018953859606664,0.6963214220466477,0.6481323921610375
42,110,0.11895835776243158,0.6762999135952017,0.6712332536418664
43,110,0.17364096695857992,0.6592827187072131,0.6828145605468591
44,110,0.22455025670012888,0.6473793006365269,0.6893214604900215
45,110,0.27126689422277644,0.6418347087721302,0.690644135707691
46,110,0.3129632355881629,0.6431582358730704,0.6815410157669559
47,110,0.34891489206179616,0.6510491158587156,0.663193481665021
48,110,0.3783919018339444,0.6639881710226064,0.6327735164615794
49,110,0.4006935751198203,0.6802659218524603,0.6094048593744582
50,110,0.4148421979766135,0.6974792522327024,0.5750100022752419
51,110,0.42028358851675335,0.7131294788620495,0.5437395426348345
52,110,0.41639899805893255,0.7248898557536504,0.5105773368246209
53,110,0.4028144372457323,0.7308161236250998,0.49702858417449
54,110,0.3791353651740446,0.7300504325650878,0.47787678822332347
55,110,0.3454043484371273,0.7220885666070007,0.4713639405332309
56,110,0.3018108375865282,0.7068089523680521,0.4657687652157631
57,110,0.2489393701945568,0.6848416023696617,0.4699652366489341
58,110,0.18752237544972294,0.6567473376141189,0.47352407372837924
59,110,0.11864812109501648,0.6233075460179145,0.4745717660806881
60,110,0.04328625402555615,0.5851919360964387,0.46851102253477955
61,110,-0.036846752172448476,0.5428150140073331,0.4697608460117123
62,110,-0.12052474208432332,0.4965117590004595,0.4683835512359695
63,110,-0.2059257026415604,0.4464493058858635,0.4636223586793941
64,110,-0.29155314156105744,0.3926229276177109,0.46158711728329616
65,110,-0.3757272009587448,0.3351475941147562,0.4532007417213837
66,110,-0.45679929398691227,0.27445293042753516,0.4589876065724179
67,110,-0.5335487637140365,0.21098422734618566,0.4582368227234891
68,110,-0.6046667552282732,0.1453574761983002,0.4596119811926593
69,110,-0.6693480380559007,0.07822329773499348,0.46154877445779996
70,110,-0.7266517547043627,0.01030635498887208,0.4619591865997
71,110,-0.7762477384296442,-0.05785814189634646,0.465663911507469
72,110,-0.8178746061877097,-0.1256310726569993,0.4693745235673621
73,110,-0.8516228520538569,-0.19258621178271254,0.47251263034820556
74,110,-0.8776290350112806,-0.2580984454381737,0.4725260101241577
75,110,-0.8964773894989786,-0.32191454331723357,0.4838812898826293
76,110,-0.9086695780273669,-0.38347714947671147,0.49342837249309474
77,110,-0.9149756288332045,-0.4417643601575248,0.5012365416712113
78,110,-0.9161014134952704,-0.4959775749740371,0.5095127394002639
79,110,-0.9126881511353914,-0.5449697383589883,0.5262779808740747
80,110,-0.9054315642761238,-0.5877819808232464,0.5401754650147162
81,110,-0.8949352183216965,-0.6234467866882595,0.5504135894252028
82,110,-0.8816204789350326,-0.6510640313910319,0.555467319826184
83,110,-0.8658081358902938,-0.6702142288833188,0.5655514088159058
84,110,-0.8475591701404032,-0.6807673201346711,0.5625753084867436
85,110,-0.82686793149775,-0.6829652545595922,0.5633348072579009
86,110,-0.8037156726880572,-0.6775641253651533,0.5520843328772301
87,110,-0.7778470242967628,-0.6655396464111607,0.5378064484661159
88,110,-0.7490259851398582,-0.6485089717343157,0.5239189015421858
89,110,-0.7170417582636951,-0.6279240220537939,0.5136612475412443
90,110,-0.6816043108015694,-0.6058147294789671,0.4912595634991451
91,110,-0.6425964747965203,-0.583913820521113,0.4711584594927717
92,110,-0.6001466356934033,-0.5639111327609145,0.4579734866288792
93,110,-0.5541111694298161,-0.547381309124961,0.44653625661402513
94,110,-0.5049779428856516,-0.5355062213850832,0.42108799307296335
95,110,-0.4530217390769086,-0.5295969864501684,0.41015721519154646
96,110,-0.3987953476670474,-0.5306414506935431,0.39565772382895115
97,110,-0.3429551653882222,-0.539041098483329,0.3882458107772401
98,110,-0.2862478481954609,-0.5556280403707637,0.3793662162302285
99,110,-0.22952159155418317,-0.5804441682991719,0.3738911978241858
100,110,-0.17354540627168416,-0.6134849160380523,0.37009164596119015
101,110,-0.11916044128072015,-0.6545221798283388,0.37121316115173775
102,110,-0.06689000959219346,-0.7028359898527309,0.3712061476308008
103,110,-0.01735050340788352,-0.7574765884186714,0.3859669067005022
104,110,0.028839684082337114,-0.8175667862255903,0.3938062208213098
105,110,0.07146991777238564,-0.8816011942995705,0.3993054060723041
106,110,0.11048280045833066,-0.9483546698710763,0.40896965079673403
107,110,0.14572384720472137,-1.0165718955116472,0.41344989060065834
108,110,0.1774654500201924,-1.0854340222249879,0.4185273939289565
109,110,0.20584214564499506,-1.1538921318551858,0.4278647050626454
110,110,0.2312381177630967,-1.221634197845233,0.4302287248816365
111,110,0.253971374070045,-1.2880042975489918,0.43450617309342837
112,110,0.2746279259659799,-1.3527749086655019,0.4416894488551848
113,110,0.29368659117775586,-1.4154757909023965,0.45027032747349444
114,110,0.3115290880991214,-1.47542330842474,0.4575474584217334
115,110,0.3286730796281976,-1.5318569669089581,0.46502385603124974
116,110,0.34543333799441167,-1.5835994574066892,0.4833996588940624
117,110,0.36220340295417236,-1.6295264484145464,0.5043152360380202
118,110,0.37929588983930895,-1.6683491059405051,0.529809824457045
119,110,0.39688165106840445,-1.6988320037496842,0.5544134988090372
120,110,0.4150968625402692,-1.7200779096651948,0.5893790794965258
1,111,-0.9696595079540725,2.7557590272148524,0.43838589068376604
2,111,-0.9601522308972381,2.7338972495830354,0.47032913320626757
3,111,-0.9598410323912205,2.7059594031600844,0.49530115088696675
4,111,-0.9683470388452006,2.671979180455255,0.5170106179705031
5,111,-0.984852344028409,2.631581815443172,0.5243706955996728
6,111,-1.008423115058457,2.584986340236775,0.527594319051751
7,111,-1.0378847473899933,2.5320830228830613,0.5247437020621402
8,111,-1.071951779285343,2.473054422709563,0.5320656211812979
9,111,-1.1092194751040494,2.408427107545248,0.5350465627711275
10,111,-1.1481875495658813,2.338465341364419,0.5408144067639254
11,111,-1.187168191638475,2.2634955200987683,0.5453905154877833
12,111,-1.224685513537614,2.184286648910643,0.5575586301291133
13,111,-1.259014986812483,2.101006958794652,0.5678226353802022
14,111,-1.2887233836933156,2.014097214908574,0.5831777358712965
15,111,-1.3125296948002323,1.9240129017253569,0.5903283754497746
16,111,-1.3292497519422288,1.8311465531763695,0.6069137577719586
17,111,-1.3377861088638316,1.7360217340455244,0.6227062041398713
18,111,-1.3375051432344693,1.6390583811826256,0.6361657192581979
19,111,-1.3278122939106376,1.5409091379697617,0.6589203564127035
20,111,-1.3084056599680025,1.4428185220159524,0.6790712757670953
21,111,-1.2794169769622454,1.3456750279912852,0.7020063986353545
22,111,-1.241114529332078,1.251014312844096,0.7240230069798752
23,111,-1.1941557054434782,1.160312767619529,0.7466912486685628
24,111,-1.1391518662491213,1.0752545261480273,0.7802677442932305
25,111,-1.0771992180496375,0.9977162818268892,0.7984648219828716
26,111,-1.00911205192622,0.9296210067961025,0.8154476460052138
27,111,-0.9361425578266371,0.8721749378577118,0.8296782484580532
28,111,-0.8594627983526587,0.826589861669688,0.8306610763598806
29,111,-0.7802147223847419,0.7933716483987872,0.8293923913642374
30,111,-0.6994083576178614,0.7721257611727987,0.8117853551066275
31,111,-0.6180581153360041,0.7613457741892271,0.7872426131508542
32,111,-0.5371312267037198,0.7593141352166546,0.7535697105491764
33,111,-0.45723015269638906,0.7631578219829992,0.7172392663777786
34,111,-0.3788586589919266,0.7698063384238079,0.6740515947291205
35,111,-0.30249038712385684,0.7761083004384154,0.6439852289312666
36,111,-0.22839335222854704,0.7794066931663329,0.6182901195259963
37,111,-0.15673047062522272,0.7776713384939666,0.6010286805503019
38,111,-0.08751740992419182,0.7701755737039632,0.5960378209966813
39,111,-0.021091177393837552,0.7570636244422596,0.6010336191646383
40,111,0.04261188991889141,0.7395995882263053,0.6160326509335841
41,111,0.10341839890514826,0.7197803795019521,0.6333647684881558
42,111,0.1612922939069897,0.7000690381389135,0.6575777196564699
43,111,0.21595454911886783,0.6831336725625173,0.6693347901787736
44,111,0.2668973904241377,0.6713600410811952,0.6851433239360387
45,111,0.3137201506763064,0.6662180880850699,0.6848998366980074
46,111,0.35559066316520216,0.6683637628971356,0.6715121935127475
47,111,0.39176886073358635,0.6775696887261022,0.6499373277405718
48,111,0.42151084025542596,0.6923070168546763,0.6233697673762121
49,111,0.44409463872303445,0.7107947800051034,0.5918414587085988
50,111,0.4584974016102691,0.7305141878769297,0.5605876965515535
51,111,0.4641587475438749,0.7488256021882934,0.5199638538146797
52,111,0.4604180270548512,0.7632357837200082,0.4890044987449252
53,111,0.4468795085640225,0.7716356748584967,0.4656242989986657
54,111,0.42311433291932055,0.7730028182075164,0.4569047211531985
55,111,0.38917054419846964,0.7666853895520324,0.44554214438270096
56,111,0.3452193473289198,0.7524344736839846,0.4398634365202413
57,111,0.29185963630914585,0.7307777610415881,0.4429473741789839
58,111,0.22983366744628508,0.702218040842852,0.4392524310431678
59,111,0.1602611829541056,0.667545054969708,0.44826889064020176
60,111,0.0841338014417493,0.627477891037269,0.45076200252129234
61,111,0.0032125004482660997,0.5825426719495154,0.44898388362485814
62,111,-0.08124801563355394,0.5332319916196768,0.44815100790655127
63,111,-0.16738182975470742,0.4799144166796219,0.452595312943151
64,111,-0.25365802649088487,0.4227759665411382,0.4572762732705147
65,111,-0.3383721183646682,0.3621545047343323,0.45355133895544303
66,111,-0.41984482777938276,0.2986493218877282,0.4537724565267017
67,111,-0.4968471440355133,0.23284737850775142,0.4542863954146157
68,111,-0.5680777159470407,0.1654346631145532,0.46447472967383435
69,111,-0.6327440658953547,0.09708711968631636,0.46692189394101336
70,111,-0.6899214418728912,0.028488425148135536,0.4692383435632994
71,111,-0.73933515536133,-0.039902980343632155,0.46929621742993377
72,111,-0.780757328000483,-0.10754899684741596,0.47061203628783466
73,111,-0.8143423655501114,-0.1741412084759386,0.47502324728853884
74,111,-0.840278021501972,-0.23914688123976222,0.47893402333705143
75,111,-0.859211443549446,-0.3023762636112331,0.4782059437407178
76,111,-0.8717039703784414,-0.36328031649879405,0.48554886310216183
77,111,-0.8785879669332426,-0.42080595526718895,0.4977464055426394
78,111,-0.8806090088136066,-0.474074542002088,0.5042124358517762
79,111,-0.8784412385032541,-0.521846827597433,0.5163434634194201
80,111,-0.8728157169483849,-0.5630567562030018,0.5373409137731883
81,111,-0.864341721833629,-0.5966675770386097,0.5432290645481094
82,111,-0.8534406761220181,-0.6217297518549058,0.5498039497945516
83,111,-0.8404188259972506,-0.6378685968586839,0.5521994262726823
84,111,-0.8253157212818192,-0.6450485652747168,0.5504574963542879
85,111,-0.8080792642114808,-0.6437011856188497,0.5356411808841788
86,111,-0.788645278304405,-0.6348327271773901,0.5255227517198038
87,111,-0.7667146351991113,-0.6197459527061564,0.5120365015550394
88,111,-0.7419866466570011,-0.6004122501510784,0.4902995923886614
89,111,-0.7141957356232292,-0.5786269849952497,0.46210260015850385
90,111,-0.6829937759546107,-0.5567743898204699,0.44295040917311473
91,111,-0.6482061057997419,-0.5368517912712105,0.4209171030704912
92,111,-0.6099141116379228,-0.52070975080431,0.4028988990743017
93,111,-0.5679091961434443,-0.5099729193778014,0.3959844101076744
94,111,-0.5226389396829461,-0.5057244926703954,0.3792771462811517
95,111,-0.47432739370839994,-0.5090503153816406,0.37643101124870626
96,111,-0.423494486195795,-0.520582480129173,0.3728785081801296
97,111,-0.37073165387848933,-0.540272636910888,0.367717496342525
98,111,-0.3167604882226329,-0.5684624648739441,0.3688493556882572
99,111,-0.2623784849460549,-0.604704288405804,0.3724909999683889
100,111,-0.20831876439598096,-0.6485382283020384,0.378968705791
101,111,-0.1553772699445795,-0.6993741037868446,0.3866735305885526
102,111,-0.10404544409079329,-0.7562504171006685,0.3970918057662187
103,111,-0.05490446024056354,-0.8180660986102737,0.40698953970647167
104,111,-0.008557423020484328,-0.8839321907144537,0.41681451954613
105,111,0.03479405606941791,-0.9524060822230297,0.4265094737642521
106,111,0.0751059212079244,-1.0224045857164898,0.4322639515348384
107,111,0.11218359016089385,-1.092842231987684,0.44270931122843565
108,111,0.14628494602367695,-1.1630974305832698,0.44494280270120456
109,111,0.17747141216429696,-1.2322773944975915,0.4491106945211818
110,111,0.2060597788785211,-1.300240915250482,0.451211467861641
111,111,0.2322663883342609,-1.3664457914601853,0.4583891098436145
112,111,0.25658470541980344,-1.4307816380931342,0.45834626262482764
113,111,0.27935835353882565,-1.4928543352885166,0.4708579588008185
114,111,0.30084139193897774,-1.5520526189561996,0.48021943493467645
115,111,0.32142050848227244,-1.6076828158601797,0.4844266074641487
116,111,0.3412763147239221,-1.6586424664006714,0.5002738650097217
117,111,0.3606902275852371,-1.7038631608546735,0.5228333256452271
118,111,0.3798646500052833,-1.7421211187144456,0.5459537568840795
119,111,0.3988794589524285,-1.7722281363975378,0.5734891186597653
120,111,0.41783081070848593,-1.7933312456223003,0.6089967087243485
1,112,-0.9951318277111777,2.8142567326593326,0.39343138038474684
2,112,-0.9857312638935378,2.7902613257176916,0.43679719380453075
3,112,-0.9856242635564311,2.7582227510892254,0.4676352841780666
4,112,-0.994409565477828,2.7184788152302,0.48042628817807664
5,112,-1.011227110738111,2.6710660909517605,0.4981491198538287
6,112,-1.0350975078692484,2.616682551309109,0.5089701472204108
7,112,-1.06479447303112,2.555694778539547,0.5221168254537043
8,112,-1.0989798725508446,2.4887377219922913,0.5255466828392675
9,112,-1.1361855911895322,2.4167313187289845,0.5365849814728106
10,112,-1.174856817491862,2.3402196032509086,0.5460880184300514
11,112,-1.2132446259211178,2.25971227055263,0.5584542579266756
12,112,-1.249835371724541,2.176062333692933,0.574065312873457
13,112,-1.2828519708303385,2.089423142404805,0.5846987044110914
14,112,-1.3108495605174448,2.0001650594059774,0.5956472151443182
15,112,-1.3325203860223684,1.908607160405454,0.6039315471075237
16,112,-1.3466903543926345,1.8149362710183223,0.6107057532513879
17,112,-1.3522660627825462,1.719503962466246,0.6238891966652177
18,112,-1.3486468618435208,1.6225041792419799,0.6343691085466657
19,112,-1.335274154079069,1.5244029731850688,0.6558693671221388
20,112,-1.311906964910875,1.4262815405744511,0.6746248291009953
21,112,-1.2787375782799209,1.3288988177639642,0.6949580509705844
22,112,-1.236110784236294,1.2337471319698157,0.7199797479092513
23,112,-1.1847703525002744,1.1423192309120045,0.7466090612976404
24,112,-1.1253953245772335,1.0564149204931597,0.7716384039146168
25,112,-1.059178031001341,0.9780917250903801,0.7987249017025513
26,112,-0.9869928046604886,0.9095231755882949,0.8187877327836347
27,112,-0.9101823373981802,0.8521740115002622,0.8311949244080503
28,112,-0.8299657028444464,0.8075316627368827,0.8363681913719884
29,112,-0.7475445715565556,0.7762876717493391,0.8280355306207478
30,112,-0.6639599208603133,0.758151450130829,0.8135278669990743
31,112,-0.5802573851653388,0.7515662355378084,0.7866488708258251
32,112,-0.49741216025638657,0.754639493841393,0.7510874863876739
33,112,-0.4160256851483338,0.7641859071530107,0.7092287727544984
34,112,-0.33656896023047017,0.7767529653654132,0.6667132985605337
35,112,-0.2594901894838169,0.7887529032421275,0.6308295043071718
36,112,-0.18501932848231784,0.7971363127453273,0.5946001940672864
37,112,-0.113267437087186,0.7995477128054759,0.5727702071251924
38,112,-0.04418917622245694,0.7950900560914363,0.571569757388219
39,112,0.02191039516404978,0.7838692199677335,0.5799654782186688
40,112,0.0851768988356654,0.7672633745411764,0.5928464059308456
41,112,0.14547031737873456,0.747490621886079,0.6182987788331232
42,112,0.20280816768448878,0.7273292325784488,0.6409049434584464
43,112,0.2569577672925637,0.7097708176033447,0.6622276831357968
44,112,0.30742758307565665,0.6975046487814955,0.6803163993099985
45,112,0.3538429987863008,0.6922454798160468,0.6808029645612623
46,112,0.39537556465998624,0.6948050910475794,0.6700374259417631
47,112,0.4312781552790449,0.7050272790238086,0.6470234450000883
48,112,0.46080131648730077,0.7213660981667254,0.6174819171675244
49,112,0.4832096370006358,0.7419517413953728,0.5815334944695267
50,112,0.49744384544313225,0.7641319611987779,0.543091175557619
51,112,0.5029424453776977,0.7851043309287651,0.5063029875782875
52,112,0.49900987717004935,0.8021915681003999,0.47654965990705667
53,112,0.48523210047751375,0.813102641931485,0.44550041367220816
54,112,0.4611502005113353,0.8166384276334169,0.4199775730452078
55,112,0.4268185259370474,0.811990221376654,0.4182127390970478
56,112,0.3823904749029307,0.7987760725574621,0.41033909417966136
57,112,0.3284770317617286,0.7774207971604314,0.4181200023641938
58,112,0.26582766222117615,0.7483736808416303,0.416493955066484
59,112,0.1955884054264485,0.7124383336511664,0.41867742759928844
60,112,0.11876836022899911,0.6703934135641347,0.42372573378443223
61,112,0.03716616317372943,0.6228842163036189,0.430121951544936
62,112,-0.04794160228973038,0.5705707819225535,0.4378581232794525
63,112,-0.13465268641670994,0.5140291142115906,0.4370081172424062
64,112,-0.22140871533351653,0.4536365321886549,0.4466651897213476
65,112,-0.3064870446021849,0.3899515365508369,0.4467991067897918
66,112,-0.38818512928761045,0.3237317931665017,0.45523602944942093
67,112,-0.46527075602604057,0.2556930442420582,0.45710853777828325
68,112,-0.5364538482716015,0.1865747503535283,0.4690742115013768
69,112,-0.600958977807513,0.11706453086749306,0.4662763436896121
70,112,-0.6578795725725851,0.047790270046742245,0.4717408631838213
71,112,-0.7069972650334887,-0.02087248203995699,0.4724500166227426
72,112,-0.7481175025709977,-0.08848759737944886,0.469889556602234
73,112,-0.781457378683086,-0.15485663015135406,0.4743862172520533
74,112,-0.807254033512719,-0.21952337045735562,0.4769974635266218
75,112,-0.8262144198003519,-0.2823415911835373,0.47749188393192177
76,112,-0.8389566634801527,-0.3427455577451618,0.48144474096719
77,112,-0.8463715172950635,-0.3996299077658444,0.49625119527962513
78,112,-0.8492413323174679,-0.4520156558859206,0.5095842772815301
79,112,-0.848269289026154,-0.49855751342736215,0.5161750085093678
80,112,-0.8442178853304044,-0.5380750158347078,0.5326667534093049
81,112,-0.8377001222893692,-0.5694635617055831,0.5379278210598449
82,112,-0.8291351528043072,-0.5917311360443677,0.5428435141807322
83,112,-0.818813270359944,-0.6045588353784814,0.5384980907722176
84,112,-0.8067505934251967,-0.608017921481972,0.5326670725592656
85,112,-0.7928494363451104,-0.6027414974628085,0.5159889626474065
86,112,-0.7769997750296183,-0.5899981921133028,0.49975908237000355
87,112,-0.7588589551579525,-0.5714279132085709,0.4726826820678882
88,112,-0.7380638937844194,-0.5493607081065223,0.4420631799149487
89,112,-0.7142948603224532,-0.5259460791051473,0.4162849829990826
90,112,-0.6871484381898872,-0.5039323621202594,0.39819881896474274
91,112,-0.65639374829275,-0.48559517205751146,0.3719350520403718
92,112,-0.6220678095418796,-0.4729667695696885,0.35091948426306646
93,112,-0.5838997004691894,-0.46774022250285197,0.34101243289150496
94,112,-0.5422992955079571,-0.4709249120837367,0.3352085301812481
95,112,-0.4974427427213051,-0.48340272187209077,0.33546231265146365
96,112,-0.4498197695668023,-0.5054632488952686,0.3374192056714561
97,112,-0.39996039597298216,-0.5366153602768321,0.3461181001131225
98,112,-0.3485637211289019,-0.5767033179764708,0.35827049759843727
99,112,-0.2963794056546679,-0.624773360290569,0.37245267215340977
100,112,-0.24410750007286916,-0.6798855589406068,0.3873334686198943
101,112,-0.19250227100543577,-0.7410582740907754,0.40318795694516757
102,112,-0.14202597544887985,-0.8070542823491066,0.41665313801880655
103,112,-0.09322639827274583,-0.8765931612047493,0.43317237630890665
104,112,-0.04669242489095273,-0.948750107425631,0.4445668400494562
105,112,-0.002617874804095674,-1.0221313111910713,0.45678435981914456
106,112,0.0389658948209388,-1.0957913179776417,0.4687939149653875
107,112,0.07782565999118154,-1.1688191938382337,0.4781777143205046
108,112,0.11420547588588315,-1.240798516825477,0.4790827322318157
109,112,0.1480973743648969,-1.3110094196585222,0.4812808135079754
110,112,0.179753851514927,-1.3794925946103835,0.48945293389564415
111,112,0.20929462335713983,-1.4458322896621176,0.4880520320551667
112,112,0.2371247962341702,-1.5100418054093685,0.4882034953889405
113,112,0.2634591334881448,-1.5718027182302174,0.49538639125072725
114,112,0.2884301204625092,-1.6305732040527592,0.5034713830428605
115,112,0.31229889834730074,-1.6857155861755275,0.5115972237725229
116,112,0.33511876321509754,-1.7361884540519725,0.5345831568262791
117,112,0.3570638230316748,-1.780963323810528,0.5524544620521353
118,112,0.3782310727061798,-1.8188691169393487,0.5721528111926216
119,112,0.39861380444947314,-1.848749663998453,0.5990531074361721
120,112,0.4182695441897973,-1.869787139276525,0.6370939187233141
1,113,-1.0234487078105092,2.8762497630784787,0.33940873735082683
2,113,-1.0141190466514727,2.849984282234667,0.3891704010014378
3,113,-1.014145325596642,2.813592586566326,0.42605203739316755
4,113,-1.0231052236526268,2.767758812181016,0.45141619789138177
5,113,-1.040099410110721,2.7129841424547205,0.46909621534866514
6,113,-1.0641061057037189,2.6505031738788016,0.4929022533825783
7,113,-1.0938508080422673,2.5812166166133483,0.5085237771644728
8,113,-1.1279470630201676,2.5062565426538015,0.5352321393048576
9,113,-1.1648679740820553,2.4269646839980794,0.5470134460874242
10,113,-1.2030083851095337,2.344174117558707,0.5572979246605193
11,113,-1.240563756178271,2.2585657125670933,0.5758223139070838
12,113,-1.2759867065721613,2.171045060197003,0.5819541371285502
13,113,-1.3074532582245735,2.0817050329215787,0.591259575348608
14,113,-1.3335101807459049,1.9907930687729722,0.5974163304629799
15,113,-1.3528267602961013,1.8984378993972444,0.6145957759009972
16,113,-1.3642427447418186,1.8045740743680565,0.6175346876790694
17,113,-1.3666716622646222,1.7093456973844428,0.6232660609030031
18,113,-1.3595476069395522,1.612700792252436,0.639180748554477
19,113,-1.3423501249912173,1.5149145607128178,0.6411293882666337
20,113,-1.3148998122232887,1.416915375111755,0.6605657992611264
21,113,-1.277450174579664,1.319355598213616,0.6776755879065336
22,113,-1.2304219419046032,1.2237146986106096,0.7072009335245324
23,113,-1.174644895591265,1.1315337671165555,0.7370093712328402
24,113,-1.1108658363573956,1.044758820055067,0.7603663560063239
25,113,-1.0403718313871022,0.9656523379523959,0.7943490380701189
26,113,-0.9640977499640235,0.896652482249474,0.8141193009768999
27,113,-0.8834749239867784,0.8394863424736406,0.8336455492718016
28,113,-0.7997699041981041,0.7959094475543167,0.8455081383484527
29,113,-0.7142436406644054,0.7667828628850974,0.831639367248494
30,113,-0.6279687502049601,0.7518950004676043,0.8176837926308246
31,113,-0.5420220107729388,0.7496122751279817,0.7797554234523333
32,113,-0.45738766236658324,0.7578384288872891,0.7392264870162956
33,113,-0.3746667425966584,0.7730512896965916,0.6933463365486433
34,113,-0.2942994433023027,0.7913952927983715,0.6479807673742181
35,113,-0.21670937192150044,0.8088327424082654,0.5958300791857808
36,113,-0.14208920018817356,0.821918551281928,0.5655739877830162
37,113,-0.07049850535887521,0.8279772917583542,0.5423029272367174
38,113,-0.001832093766115139,0.825956328176439,0.5370997029398732
39,113,0.06363941832681906,0.815944859015519,0.551404940801417
40,113,0.12614342642473259,0.799461785562873,0.570572541928081
41,113,0.18557628941571183,0.7789781365943487,0.5952462635683586
42,113,0.24201183344415475,0.7576176140926668,0.6217972149589203
43,113,0.29526718269497576,0.7387245837846595,0.6530846902931497
44,113,0.34487283915289196,0.7253132330383567,0.6659451620882714
45,113,0.3904856839577027,0.7193601207507307,0.6720838235280793
46,113,0.4312876555148496,0.721841894239304,0.665698706676491
47,113,0.4665316970067352,0.7326742563438221,0.6376870022238921
48,113,0.49546976808373644,0.7502914605111815,0.6094901906315855
49,113,0.5173596220009922,0.7727247113685444,0.5750221936335077
50,113,0.5311135066234918,0.7971776463978448,0.531123850150346
51,113,0.5361728735950267,0.8206711211513872,0.49737300119281325
52,113,0.5318136558568631,0.8403336050670812,0.45764935867478573
53,113,0.517606680192118,0.8536813111101088,0.42449179644048046
54,113,0.49306698052830955,0.8593322900018839,0.40812232907376783
55,113,0.45825549599342225,0.8563162756073247,0.3959729909026895
56,113,0.41330836091174294,0.8441160958421686,0.38322583980868846
57,113,0.3588462059679436,0.8230553987979614,0.37836459059686506
58,113,0.2956230302726933,0.7935349314831385,0.3874699377260496
59,113,0.2248059174886904,0.7563762353038677,0.3913589991590645
60,113,0.14741681570780726,0.7124246132481036,0.40695077340178465
61,113,0.06528500255095643,0.6624467524306881,0.4115136037647337
62,113,-0.020297648875338584,0.6072735553116577,0.4161041129324916
63,113,-0.10740025209729677,0.5476863505197685,0.4261663048533033
64,113,-0.1944440245928584,0.4842467625200247,0.4330475047825132
65,113,-0.27969457727147146,0.4177229131026241,0.43843985933736307
66,113,-0.36143339021325616,0.3490134306299027,0.44905541435832197
67,113,-0.43843000691309475,0.2789443143116082,0.4610231763600673
68,113,-0.5094089903278712,0.20828949564390817,0.4675653808810244
69,113,-0.573615668669342,0.137733153891168,0.4715145646272648
70,113,-0.630163343829765,0.0678340079818609,0.4689361928628802
71,113,-0.6788896096276752,-0.001119312152681197,0.46813471839713666
72,113,-0.7196325119708055,-0.06879022331765543,0.46966447874684275
73,113,-0.7526694645529007,-0.13507894722462557,0.47265553853083875
74,113,-0.7782842790634471,-0.19958778008704114,0.47217916316194514
75,113,-0.7972395424715554,-0.26219306482913196,0.4743998411143197
76,113,-0.810206153690035,-0.32228833282853303,0.48530899461498533
77,113,-0.8181281658202548,-0.3786968769122499,0.49527270279049607
78,113,-0.8218209171660553,-0.430323143710562,0.5104648661205801
79,113,-0.8220121589584007,-0.47570593099334996,0.5220026202919394
80,113,-0.8194911246423116,-0.5135471779998231,0.5348909198805492
81,113,-0.8148720944506306,-0.5426780509669379,0.5422282052628795
82,113,-0.8085693601355948,-0.562071941797363,0.5407250621710156
83,113,-0.8008556928833772,-0.5714744455913234,0.5367668218291276
84,113,-0.7917220071777029,-0.5710715788414037,0.5225737633451327
85,113,-0.7810260648137761,-0.5617024103832823,0.500095174539528
86,113,-0.7686121460198871,-0.544900517165114,0.47072367560742584
87,113,-0.7540947434719897,-0.5226404843567413,0.43891425667553075
88,113,-0.7370512542243569,-0.497602882419444,0.40212154046979715
89,113,-0.7171091895892048,-0.472288668863308,0.3728824114554465
90,113,-0.6938132010737956,-0.4498066680335191,0.3409219003210331
91,113,-0.6668784312725708,-0.4327132960878715,0.31828142746356725
92,113,-0.6363005985141602,-0.42323492741066115,0.2983345196181768
93,113,-0.6017501104047583,-0.42314661364992706,0.28437397237017786
94,113,-0.5636022170137744,-0.4334082079358141,0.28647322982156553
95,113,-0.5219887395017431,-0.45472273777286043,0.2966689135690602
96,113,-0.47737225769036307,-0.4870596811496592,0.3053725559130523
97,113,-0.4302259782658486,-0.5295047935455977,0.3245840559258248
98,113,-0.3812293631756491,-0.5814139095422945,0.348117099282436
99,113,-0.3310879827090885,-0.641327597275942,0.3697156753084967
100,113,-0.2804721344119567,-0.7078181717343971,0.3961868120075868
101,113,-0.2300985783548923,-0.7794978671117212,0.4219918336663078
102,113,-0.18040347790329325,-0.8548309791376342,0.44318111994462733
103,113,-0.1319037580172117,-0.9323373718122778,0.46257159605734094
104,113,-0.08517546393804151,-1.0110354144748748,0.4802388017730593
105,113,-0.04040597939509568,-1.0895651643688484,0.490612547916407
106,113,0.002385131987124774,-1.1671101100376762,0.5011959608557847
107,113,0.04292801686331391,-1.2429321371639819,0.5116894433627752
108,113,0.08145375213050995,-1.3168200414563802,0.5190107830803398
109,113,0.11788965873012529,-1.3882364329843186,0.5153252320681875
110,113,0.1524280904611124,-1.4574084946947816,0.5185290414711378
111,113,0.18509864135264734,-1.5240555033213836,0.5236592753031407
112,113,0.21622365743594787,-1.5883183402994634,0.5187201861947778
113,113,0.24589749580164413,-1.6499543888464419,0.5308398329231345
114,113,0.2741390913237269,-1.7084902651455856,0.5363229848800076
115,113,0.30109168019259525,-1.763337135922245,0.5500539217339556
116,113,0.32668999144668714,-1.8135054993261641,0.5603374479231198
117,113,0.3510075028438495,-1.8579962079676466,0.5883254670875231
118,113,0.37404244102709044,-1.8956830944855536,0.6040846519419039
119,113,0.39570725610894497,-1.9254311324241355,0.6342870481290143
120,113,0.41602296893571744,-1.9464514325040994,0.6704108897465798
1,114,-1.0533154935048945,2.939981629121602,0.2900433685410616
2,114,-1.0440288246172813,2.9113830627103,0.3364067777849628
3,114,-1.0441334006568088,2.8705252571594233,0.37452760604619756
4,114,-1.0531874702864654,2.8184666071164024,0.41122236345829394
5,114,-1.0702558627242558,2.7562071254801843,0.44476614079884413
6,114,-1.0942781532856496,2.685554475257296,0.47801992018689055
7,114,-1.1239357091818516,2.6079801658069908,0.5069626656022264
8,114,-1.1577985581376697,2.5251396171223446,0.529542345259542
9,114,-1.194286325981187,2.4388102160849185,0.5439162909559916
10,114,-1.2317482018202166,2.3501148887760257,0.5723560637069088
11,114,-1.2683299182560972,2.2598905467485855,0.5865428250319673
12,114,-1.302454335356828,2.1690667367986043,0.593763200258766
13,114,-1.332256290429885,2.0776374840853893,0.5993717513208404
14,114,-1.356276745872256,1.9856843227697525,0.6048463667316712
15,114,-1.373165485516797,1.8931031072937794,0.6105944818094846
16,114,-1.3817783047679637,1.7995419890981184,0.6062463992223373
17,114,-1.3810374696463614,1.7049117482699083,0.6151885134504532
18,114,-1.3704118636822777,1.608903952883204,0.6172875063192437
19,114,-1.3494193698737516,1.5116048551917707,0.6248549288629428
20,114,-1.3179404550944371,1.4138047916645717,0.6436069396469484
21,114,-1.276288219529298,1.3160745493788135,0.6633377317257168
22,114,-1.2249562874870623,1.2199103925611445,0.6845809651683838
23,114,-1.1648572214389148,1.1269316740728879,0.7191860465317538
24,114,-1.0968034053535762,1.0392565049953093,0.7496980273796547
25,114,-1.0221724217187371,0.9593710484996371,0.7825786985279335
26,114,-0.9419580651904208,0.8899857341130942,0.8069592224009068
27,114,-0.8576760416709871,0.8330878604127464,0.8285618738753497
28,114,-0.7706392677331174,0.7906877645196206,0.835124326004165
29,114,-0.682165810786925,0.7637967231632766,0.8267202307831371
30,114,-0.5933595350488824,0.7522563808349083,0.8105450260901599
31,114,-0.5053274337142308,0.7543324233799548,0.7706090020835432
32,114,-0.4190634898332967,0.7677014523120842,0.7207966545346263
33,114,-0.3351690179013025,0.7884876794820023,0.6753334138814359
34,114,-0.25405602367857666,0.812420343026649,0.6177445222735656
35,114,-0.17612510793564956,0.8350074735884346,0.5647696666693264
36,114,-0.10153356542800239,0.8524115701210286,0.523169972385928
37,114,-0.030291544289885165,0.8616467990388248,0.49821166359767977
38,114,0.03776314144900223,0.8615187566765188,0.4920726021905989
39,114,0.10239509130308957,0.8521169172198019,0.5057788659479119
40,114,0.16391071929627068,0.8351191629765826,0.5353600471669879
41,114,0.22224393839779766,0.813269986866717,0.5660763655228855
42,114,0.2775252849790555,0.7900563114723981,0.6026810465300679
43,114,0.32962289417272334,0.7691931991906642,0.6300988992335539
44,114,0.3780931895302746,0.7540322081266959,0.6599333509304508
45,114,0.4226279088506953,0.7468230155992037,0.6588325882242909
46,114,0.4624243576780843,0.7487144519634445,0.6563228431501361
47,114,0.4967412350646482,0.7596970533701071,0.6438861612790934
48,114,0.5248374240524142,0.7781874152715001,0.6057175538967767
49,114,0.5459693418120166,0.8021156270914915,0.5626998281410802
50,114,0.5590279422335573,0.828539000540763,0.5212689142525291
51,114,0.5634608122878321,0.8542972116013641,0.47742786054444014
52,114,0.5585213096220553,0.8763228641567642,0.44043855837858137
53,114,0.5437681048041053,0.8919365314165103,0.4093703747149462
54,114,0.5186941351826492,0.8995739354127009,0.3876190813253063
55,114,0.48336688402467654,0.8981036925553694,0.35746916926459693
56,114,0.43790609890544796,0.8868750034673053,0.35943166079944483
57,114,0.3829396956776029,0.8661140649896107,0.3623571709023806
58,114,0.3192237719193465,0.8361778468093766,0.36647488327486116
59,114,0.24794143970013363,0.7979077692202253,0.37210267217827836
60,114,0.17012317463346482,0.752218808746276,0.3792330801344738
61,114,0.08762207441785182,0.699995530084328,0.3867306219760523
62,114,0.0017392728724732562,0.6422360973100321,0.39762326229551187
63,114,-0.08557301804284982,0.5799169695113722,0.4163892216804735
64,114,-0.1727222674606,0.5137702775354802,0.4230932778510008
65,114,-0.2579681874673046,0.4447551019854039,0.43449635613192444
66,114,-0.33958293443535537,0.37388921285187277,0.4498706315991654
67,114,-0.41634212440684343,0.3020868725890947,0.45857188795534076
68,114,-0.4869875899915175,0.23013698367262297,0.4608633418471546
69,114,-0.5507879802352802,0.15870553906429122,0.4626039511145062
70,114,-0.6068775261414362,0.08827162653192445,0.4705239096082185
71,114,-0.6551479729759874,0.01903574154359477,0.4651499461616671
72,114,-0.6954685610012273,-0.04875951855917094,0.4646847717047183
73,114,-0.728173277970275,-0.11509937312405907,0.46779759772995183
74,114,-0.7535889829872507,-0.17962629680741807,0.4700759466833016
75,114,-0.772528712956452,-0.24221934290911892,0.4768927635467461
76,114,-0.7857110628521031,-0.3022107906708802,0.4838338696857914
77,114,-0.794127343889082,-0.3583377066819744,0.49762803114073856
78,114,-0.7986213755693046,-0.40937743173745167,0.5142208335527234
79,114,-0.7999406974994404,-0.4537480210865629,0.5272119281942895
80,114,-0.7988961303194955,-0.4900349990531102,0.5355934975310438
81,114,-0.796100616105777,-0.5170106393442975,0.5448888470684847
82,114,-0.791961101634009,-0.5336217087421101,0.5387262129641106
83,114,-0.7867314629094807,-0.5396835767043938,0.5308678931421021
84,114,-0.7803762122164692,-0.5354994969330658,0.5098652341519433
85,114,-0.7727102087804677,-0.5221104855640706,0.48658986834130796
86,114,-0.7635331023849288,-0.5013073646999323,0.45319506804250126
87,114,-0.7524180326514164,-0.4753842530428866,0.4102240456784597
88,114,-0.7388866897239242,-0.44735187809852706,0.3720274291499982
89,114,-0.7225164315986375,-0.42004667347004077,0.331375378315199
90,114,-0.7028041260463834,-0.3969210068315979,0.2953930543568448
91,114,-0.6794144614777393,-0.38080333369358804,0.26780098641619265
92,114,-0.6523056587009898,-0.37411712617457177,0.2515870858461869
93,114,-0.6210944324007802,-0.3787274203163064,0.23960355905345257
94,114,-0.586125134719398,-0.39556665975229405,0.2464346329085083
95,114,-0.5474898351389219,-0.42518652374752136,0.25609666179080115
96,114,-0.5056275847076225,-0.4672666931255628,0.2780301520495889
97,114,-0.4609605549559789,-0.5205012125603109,0.30318752471598215
98,114,-0.41415178899705984,-0.5837823169102753,0.34141206153695103
99,114,-0.36586748861350044,-0.655162765980919,0.3808232760021257
100,114,-0.3167520555375676,-0.7327373319495053,0.41009402545196255
101,114,-0.26748948252318205,-0.8147134754980188,0.44404161624586314
102,114,-0.21849331295577118,-0.8992474168965107,0.4686697307530592
103,114,-0.17025272476713377,-0.9846480790459997,0.4957997267355549
104,114,-0.12333255541747382,-1.0698603804212894,0.5170371134039706
105,114,-0.07791505038906434,-1.153543117409262,0.531869530937986
106,114,-0.034009063288673876,-1.2349957470163666,0.5390317925714894
107,114,0.00808170917909836,-1.3136445981300386,0.5464700608676962
108,114,0.04857652988345119,-1.3894757190188805,0.5529328074752221
109,114,0.08734384475286062,-1.462135690413725,0.5534174699150106
110,114,0.12452119329200202,-1.5320358636619436,0.5566412346756185
111,114,0.1600561395632253,-1.5990342362056524,0.5605406755419388
112,114,0.19419546583989195,-1.6634001372912677,0.5627962572604168
113,114,0.22692372050105483,-1.7249673324409958,0.5660446087026956
114,114,0.2581563685299569,-1.7833315014044875,0.5734070869115316
115,114,0.2879286160816919,-1.8379494299998986,0.5845155538480538
116,114,0.3160673720499931,-1.8878792307345555,0.5975282121557336
117,114,0.34255402585238665,-1.9321462257538489,0.6154168789702731
118,114,0.3672964899603129,-1.9696659145411186,0.6452387230869697
119,114,0.39013348652994717,-1.9993183734559612,0.6714179766775428
120,114,0.4110524300215097,-2.0203404282655515,0.7047867684460954
1,115,-1.0839641222747447,3.0035488233816663,0.23351636215331426
2,115,-1.0747000072231616,2.9726445341602985,0.2759159959600744
3,115,-1.0748429065509055,2.9273787414080075,0.3208059788140563
4,115,-1.0839335771525067,2.8691934184433885,0.36763731771494135
5,115,-1.1010049655175842,2.7995971811011766,0.4140132625355262
6,115,-1.1249622042134415,2.720979896099113,0.45741669488526343
7,115,-1.1544472701326922,2.635393298598783,0.48323372947113385
8,115,-1.1879918321117888,2.545018982518841,0.5229674228047648
9,115,-1.223967986271824,2.4520659638916107,0.5466280544584171
10,115,-1.260684404125502,2.357937926484217,0.5717710504286686
11,115,-1.296243251082524,2.2636105624057614,0.5880715345467549
12,115,-1.3290415649585336,2.170014168263019,0.6044632920972094
13,115,-1.3571786395513106,2.0770171600241367,0.6077451695066494
14,115,-1.3791915535197885,1.984506935390049,0.6070002664516939
15,115,-1.393713723124291,1.8921209128055876,0.6024223840234034
16,115,-1.3996177086327368,1.7992040665081428,0.5991927114356943
17,115,-1.3958352678574941,1.70542141269015,0.5977234121415043
18,115,-1.3818685205629204,1.610209156347267,0.6031799634917848
19,115,-1.357272052732677,1.513473134254357,0.6133003773979153
20,115,-1.321982373003342,1.415883172368196,0.6234787915211251
21,115,-1.276368392131657,1.3179524214977791,0.640745713376867
22,115,-1.2209912999744488,1.221218554350096,0.667236668259294
23,115,-1.1568405721258694,1.1274020679619399,0.7017424148020089
24,115,-1.0847897949647467,1.0388094728266908,0.7356018876310892
25,115,-1.0063002033442883,0.9581593952137525,0.7678143891678729
26,115,-0.9224208293225149,0.8884323947104832,0.7995912061670335
27,115,-0.8347450978223115,0.8318657672702938,0.8183250515201763
28,115,-0.7446295347946779,0.7907050629805678,0.8276784669049897
29,115,-0.6534453113599205,0.7660903791253657,0.81496727899173
30,115,-0.5623259362083919,0.7578926525461758,0.7967200068792438
31,115,-0.4724066574266697,0.764259255042648,0.7545787270754863
32,115,-0.3846912856255584,0.7826264556299075,0.7041977886602481
33,115,-0.29978186040015514,0.8087612047587003,0.637133538214112
34,115,-0.21806529145427397,0.8379797501384795,0.5768976897623307
35,115,-0.1399212975716128,0.8653458655910452,0.5234162371438446
36,115,-0.06547472424432971,0.8866437823551536,0.4853518154279618
37,115,0.00531015737844517,0.89859407204882,0.4599352064395979
38,115,0.07264801095861702,0.8998750511920032,0.44913078537281037
39,115,0.1363376857514335,0.8905889124602828,0.46509433073276657
40,115,0.1967592362109285,0.872581041880355,0.5012311034977285
41,115,0.2538833789133478,0.8488759764842077,0.5370161112597613
42,115,0.30789519876226307,0.8233255873910813,0.5785598258905914
43,115,0.3587125321094038,0.800017853366466,0.6146204622549338
44,115,0.40591943877006864,0.7826410368036368,0.6473716736233119
45,115,0.4492434995645626,0.7737192086273276,0.6523680540583899
46,115,0.4879003706348749,0.7745752780754744,0.6487206380126819
47,115,0.5211584579873074,0.785276847068053,0.627425271167465
48,115,0.5482873267484102,0.8042275410304044,0.6015356326686551
49,115,0.5685461986951527,0.8292608212763629,0.5600807445347327
50,115,0.5808109100403394,0.857293098602569,0.5076487269570615
51,115,0.5845373391057755,0.8849876806176942,0.4641279808715176
52,115,0.578961587821127,0.9090883864103738,0.42716287284077165
53,115,0.5636329294308163,0.9267256770595905,0.3872760069734322
54,115,0.5380260082245454,0.9361605446755087,0.3639705932296224
55,115,0.5022145152881109,0.9361068800320813,0.3520181371308588
56,115,0.45630306708343193,0.9257863693639735,0.33489074511405187
57,115,0.40092469017536253,0.9053342115920693,0.33920369515285076
58,115,0.3368355210124028,0.8750687523864213,0.33932934720438124
59,115,0.2652301120210385,0.8358517751133522,0.35034643480531835
60,115,0.1871435966936918,0.7886673697153599,0.35737558150303944
61,115,0.10444652443856778,0.7345098475196661,0.3787841698904393
62,115,0.018444027372231785,0.6745346601821837,0.38225128955754323
63,115,-0.06889711050665917,0.6098964708583736,0.4090631592307048
64,115,-0.15597656186980383,0.5414788442889933,0.42019564653312375
65,115,-0.24105326491959359,0.4704075715226804,0.42875514452829677
66,115,-0.3223958208772823,0.397795618173028,0.43930382045001864
67,115,-0.3987894044143712,0.3246223610470862,0.45772377755118576
68,115,-0.46899482101199835,0.2516737629514652,0.46347347594015526
69,115,-0.5323054362828896,0.17958491483805944,0.4618815190608746
70,115,-0.5878766944691277,0.10874896891149771,0.46241609413005264
71,115,-0.6356512501524476,0.03928017958635443,0.46652971158604667
72,115,-0.6755274115305602,-0.02866467254581607,0.46717436148717717
73,115,-0.7078907981907194,-0.09514101692299659,0.46216288303741815
74,115,-0.7331069011983032,-0.15981461855903487,0.46819746765789627
75,115,-0.7520332175329566,-0.22255050538438953,0.4743356603406812
76,115,-0.7654301437548855,-0.2826048614802714,0.48260818770337843
77,115,-0.7743296139935899,-0.3386193996897735,0.49869240827490247
78,115,-0.7795990785843193,-0.389240714898517,0.5195998685834642
79,115,-0.7820010803523333,-0.43276699465953516,0.5290054890449483
80,115,-0.7823628930513342,-0.4676731063927127,0.5386433156096296
81,115,-0.7812936936388944,-0.49267939003750855,0.5420116598536955
82,115,-0.7791910176813726,-0.5067137963040785,0.5373811911056774
83,115,-0.7762890331142241,-0.5096633154793543,0.5234555732431017
84,115,-0.7725255268012556,-0.5019458888514369,0.5037946793555815
85,115,-0.7676748368249076,-0.48479308422183903,0.46415474791151423
86,115,-0.7614941146651678,-0.4602362718767511,0.4306692629479568
87,115,-0.7535174837021078,-0.43086336099587574,0.38611525874968455
88,115,-0.743215552898688,-0.39998481744556685,0.3413774035278265
89,115,-0.7301191320823381,-0.37074511125356047,0.29668993521110026
90,115,-0.7136819950894602,-0.34691148066843686,0.2623434697747388
91,115,-0.6935227919361324,-0.33156509432775905,0.22842563991802597
92,115,-0.6695663599301395,-0.3273196775203151,0.21053681825042156
93,115,-0.6413814256677237,-0.33613178644408503,0.19956717741149185
94,115,-0.6092853665521799,-0.3589243133470761,0.20549945976105802
95,115,-0.5733354298112704,-0.3961248932060307,0.22850095570944812
96,115,-0.5339507560422457,-0.4471589879040634,0.25098923333257717
97,115,-0.49150888428887607,-0.5103695270685814,0.29321507160697863
98,115,-0.44665953888676624,-0.5842238325940932,0.3276092595559368
99,115,-0.400034722293212,-0.666320908875753,0.3800332255505077
100,115,-0.35225696672766604,-0.7543056230351461,0.4171907043651405
101,115,-0.3039824622406263,-0.8459981807091346,0.4620949540826075
102,115,-0.25560574908725237,-0.9392513185838761,0.5011119566796011
103,115,-0.20759186740156216,-1.0321621065056463,0.5247416421077954
104,115,-0.16049625735128265,-1.1235911665246068,0.5522769073795689
105,115,-0.11449733550232213,-1.2122020647773082,0.5707988206243231
106,115,-0.06959462862746515,-1.2973940760910458,0.5838150636048781
107,115,-0.026122404524440684,-1.3787435432188961,0.5902487338931303
108,115,0.01612800169704222,-1.4564184151181967,0.5911531060266381
109,115,0.05697273193936696,-1.530242396408102,0.5899726676258978
110,115,0.0965005676178938,-1.6008017805072772,0.5879020621262657
111,115,0.13458624980086503,-1.6680915104876117,0.5877887545521336
112,115,0.17140929753848855,-1.7325066055955924,0.59410357442764
113,115,0.20685665872438044,-1.7939573451922497,0.6013229323249052
114,115,0.240751919474791,-1.85210969680549,0.604510049007941
115,115,0.27303387216739206,-1.9064658914921313,0.6226060098112569
116,115,0.30343388197043913,-1.9561310022559777,0.6346041455059733
117,115,0.33185128224280697,-2.0001546122677176,0.6511836701576147
118,115,0.3581135524483096,-2.037494019576161,0.6747867906208977
119,115,0.3819939042750255,-2.0670425376142134,0.7043983171984235
120,115,0.4034496440772533,-2.0880618118375134,0.7422451743651227
1,116,-1.1144188614927315,3.064399767351871,0.16830042025858316
2,116,-1.1051622732854396,3.0313273696600915,0.22182832944330552
3,116,-1.1053144249202294,2.9819206875521806,0.27858946970160137
4,116,-1.1144009344254973,2.917992072931689,0.3286151581757971
5,116,-1.1314273941679889,2.841539269543067,0.3795121616531034
6,116,-1.1552693581446942,2.7555107023397043,0.4314054758447719
7,116,-1.1845349172885957,2.662515056977893,0.47551429706435966
8,116,-1.2177231204916852,2.5652348919767305,0.5211149550636949
9,116,-1.2531653033398484,2.466285662523713,0.5547720419171804
10,116,-1.2891354683771126,2.367330864640656,0.5779705844194204
11,116,-1.3236989060608828,2.269465373471054,0.6001201959561939
12,116,-1.355230998611921,2.17360363547918,0.5979451947231889
13,116,-1.3818013700628315,2.0794756860145567,0.5992512958006325
14,116,-1.4019447477485256,1.986764364122832,0.6074086225680777
15,116,-1.4142812174024058,1.8948434400680094,0.5931550471184482
16,116,-1.417699639149754,1.8027582130997186,0.5891683982317962
17,116,-1.411141201369984,1.7099315264554593,0.5779429478587057
18,116,-1.3941383213904142,1.6155583538547194,0.5862851410189448
19,116,-1.366279046007399,1.5193798954602304,0.5918614856083223
20,116,-1.327550088704622,1.4219651164664082,0.5976634845733175
21,116,-1.2783704290285907,1.323790905576094,0.6230375203748741
22,116,-1.219361346515263,1.226453392680843,0.6486759822114067
23,116,-1.1515808209158442,1.1317872963057953,0.6816319999627536
24,116,-1.0759571681307398,1.042291279749091,0.7170514933138642
25,116,-0.9940258108429161,0.9609125248903159,0.7528735862370564
26,116,-0.9068853280020784,0.8908876054205465,0.7792260143806724
27,116,-0.8161978995585354,0.8346844078623417,0.8062959738821762
28,116,-0.7233592244659949,0.7947577200063212,0.8137434787662546
29,116,-0.6297877869858486,0.7723539866626624,0.8056882006189454
30,116,-0.5366438255500239,0.7673536417429582,0.7755766209022648
31,116,-0.4450878492649008,0.7777774831630483,0.737055502222921
32,116,-0.3561328091964667,0.8008222463701216,0.6741737949723414
33,116,-0.2703816467676222,0.8319109264855648,0.6038049736775661
34,116,-0.18819950105798308,0.8659671253244141,0.5405289063456616
35,116,-0.10994768463701662,0.8976379381827709,0.4837509051323015
36,116,-0.03572222628572136,0.9223566289910136,0.4366167412316619
37,116,0.034553632318523084,0.9365753425788685,0.41178349734542896
38,116,0.10114115785237177,0.9388604077750853,0.4098536977763461
39,116,0.1638710078037465,0.9293336523781119,0.41828599117888093
40,116,0.2231892146176684,0.910004790987982,0.46370633282725415
41,116,0.2791008442598531,0.8841684066707596,0.5071035752778793
42,116,0.3318410905509872,0.8560240147704979,0.5519175763036852
43,116,0.381373914778497,0.8300158438843338,0.6006391055443773
44,116,0.4273107000219647,0.810152285809202,0.6308876341142111
45,116,0.46941358238277814,0.7992204903233276,0.6487339756846158
46,116,0.5069176474773631,0.7987120370475711,0.6463774990299224
47,116,0.5391031612754729,0.8087717254708574,0.6225352660948188
48,116,0.5652524119607906,0.8277967552580687,0.5969529425986878
49,116,0.5846301433985279,0.8535348138303359,0.5499657459991242
50,116,0.5961021735259878,0.8827748812926134,0.5067929868431146
51,116,0.5991337642801196,0.9120185440650805,0.45402679862729495
52,116,0.5929483490176678,0.9378373293392205,0.4157198887460917
53,116,0.5770883235125587,0.9571865164056713,0.37681501630502284
54,116,0.551013623575789,0.968167692399663,0.35008617072398507
55,116,0.5148035861818293,0.9693529298481266,0.33696609266663957
56,116,0.468549327666353,0.9598474249344121,0.328032277154239
57,116,0.4128871301994334,0.9397044922937838,0.3255804266718169
58,116,0.3485715692614008,0.9092091149561953,0.3190104874574058
59,116,0.2768045992852325,0.8692421462064652,0.3297760793091071
60,116,0.19862273590359308,0.8208521314331632,0.34541833922679516
61,116,0.1159082011399838,0.7651306021213353,0.3579250639357479
62,116,0.029965744432424554,0.7033740587385933,0.37575800038855306
63,116,-0.05722935143508137,0.6368926718018982,0.3966671372900708
64,116,-0.1440742455489473,0.5666985555004853,0.4118148436686718
65,116,-0.22883145259457166,0.4940563896837593,0.4186939408292816
66,116,-0.3097709913805471,0.42015056764254194,0.4351398980539393
67,116,-0.3856903430056491,0.3460037989992993,0.44636569402412
68,116,-0.45537026525167473,0.2723848656084635,0.4482774639594664
69,116,-0.5181292318556282,0.19988893061329197,0.45472155424934935
70,116,-0.5731436650591694,0.12882210728073096,0.4553163156869026
71,116,-0.6204026803731485,0.05921745285102941,0.456459313204167
72,116,-0.6598311367952395,-0.008844072583352458,0.4531516605476575
73,116,-0.6918603673759606,-0.0754738414350524,0.4607569291263722
74,116,-0.7168894753223726,-0.14034747606893483,0.4608805776606098
75,116,-0.7358138610294458,-0.20330447223367737,0.4720222640988305
76,116,-0.7494291718560427,-0.2635179324069026,0.4825470905813801
77,116,-0.7588007799578081,-0.3195324515338963,0.4935260798054486
78,116,-0.764814607587103,-0.3698681531136707,0.5144937114853015
79,116,-0.768243467029924,-0.4127103046290419,0.5233666993963851
80,116,-0.7699258450104076,-0.4464332559844546,0.5368946238240644
81,116,-0.7704648550045299,-0.46971325084170223,0.536292238545013
82,116,-0.7702468238634413,-0.4814661619607898,0.5357461482842325
83,116,-0.769485801978443,-0.481648134668746,0.5178044010510623
84,116,-0.7680932367722287,-0.4707837332711676,0.4945701814443011
85,116,-0.7658059448146772,-0.45027629443978534,0.4543054515240456
86,116,-0.7623415758591404,-0.42237239980731084,0.4102152842526108
87,116,-0.7571983145845235,-0.389918551075663,0.3609509811376832
88,116,-0.7498010647200052,-0.3564860201777026,0.31377687042774155
89,116,-0.7396386277385244,-0.3254898205310966,0.2659719137127644
90,116,-0.7261268844675683,-0.3009731938896687,0.21713197064928935
91,116,-0.7088437806308907,-0.2862411863885759,0.1886445646580419
92,116,-0.687685228225035,-0.28408145930483786,0.16990477469009438
93,116,-0.6621784729975653,-0.29653720207497075,0.163307914564626
94,116,-0.6326180942319898,-0.32453437614918385,0.16942272413805026
95,116,-0.5990318902079828,-0.3684025229014093,0.19308328952996345
96,116,-0.5618228146736444,-0.42735216140658006,0.23095521984081152
97,116,-0.5213307788411524,-0.49942348559707916,0.27302739611177407
98,116,-0.47819524983685935,-0.5827102969942887,0.3279155716215239
99,116,-0.4330196901988641,-0.6744074607415516,0.3857577167046531
100,116,-0.386408946548662,-0.7717548133565226,0.42875616435834263
101,116,-0.3389965815240735,-0.8722193957580238,0.4827650211373995
102,116,-0.29116185707582465,-0.9733704989056553,0.5186775305507453
103,116,-0.24334968627681586,-1.0731041300743966,0.555170027231196
104,116,-0.19610808924176293,-1.1701931222768558,0.5882989426440338
105,116,-0.1496129247315564,-1.2632947894515327,0.6047540434304435
106,116,-0.10385602658676024,-1.3518902896891802,0.6178494806476993
107,116,-0.05919843238716314,-1.435686460938088,0.6216508095437928
108,116,-0.015440765802041713,-1.5150111247160443,0.6300995307289955
109,116,0.027188060856573215,-1.5898497629865591,0.623239829726867
110,116,0.06873487018176136,-1.6609469053594148,0.6220891382033891
111,116,0.10901181874939359,-1.7284257657146924,0.6209087220117457
112,116,0.14814053871002678,-1.792798903171488,0.6253550577952997
113,116,0.1859241028957249,-1.8540505472258038,0.6271267876731865
114,116,0.22210722183409815,-1.9119161272616711,0.633155665024638
115,116,0.25654559878825356,-1.9659434856155724,0.6502193618873114
116,116,0.2888887119557047,-2.0152849319721247,0.6600692963427138
117,116,0.3189652647112723,-2.0590162738311855,0.6789547612760574
118,116,0.34653354400053266,-2.0961377222889275,0.7008125890781024
119,116,0.37131050629421314,-2.1255565202175553,0.7376671433865956
120,116,0.39322744196482146,-2.1465592525507997,0.7707066729824393
1,117,-1.1439186405215842,3.1200626775772418,0.10476669688766567
2,117,-1.1346628173791533,3.0850715035656338,0.17085761358062415
3,117,-1.1348116995972817,3.0320027407181707,0.22557361464618528
4,117,-1.1438782299397552,2.963002855222978,0.28377551100552495
5,117,-1.16084532674633,2.8805094520730017,0.34773726020672663
6,117,-1.1845639850371001,2.787972439108436,0.3991318432324249
7,117,-1.2136140651559255,2.6885007733286157,0.46033646867753675
8,117,-1.2464676794008052,2.5852243618205537,0.5082875032198721
9,117,-1.281422306643377,2.4811185532423683,0.548703405597567
10,117,-1.3167231593278241,2.3780740455206666,0.5749960309732798
11,117,-1.3504051892754834,2.277283627552558,0.5983709570928947
12,117,-1.3808259138438188,2.1796367687474563,0.6020515712176333
13,117,-1.4060307995192736,2.084727671855072,0.5973361313776846
14,117,-1.4245529230844212,1.9920434769454904,0.5913082310369216
15,117,-1.4350016485398511,1.9007108989113084,0.5836281549136642
16,117,-1.4362802063104596,1.8095004512574815,0.5771194571913733
17,117,-1.4273382004181288,1.7176131421596361,0.5663852904245561
18,117,-1.4077339578353907,1.624029884514219,0.5575757073316628
19,117,-1.377084242971724,1.5283495752760279,0.5641553568936188
20,117,-1.3354183742206067,1.4310605096567839,0.57687518917117
21,117,-1.2831979203796011,1.3326197819011534,0.5991585863911116
22,117,-1.2210949834103617,1.2346887597872835,0.6211477880331614
23,117,-1.150225583959711,1.1392165822323905,0.6543003893893671
24,117,-1.0715646571609665,1.048882445135796,0.6937952742290207
25,117,-0.9867103409267601,0.9668429727805818,0.7353922538363044
26,117,-0.8968035813698495,0.8965629255257002,0.7737363741356436
27,117,-0.8035646436784011,0.8407113445125493,0.7908688546741756
28,117,-0.7084228853920289,0.8019200530346583,0.8009526681056598
29,117,-0.6128370574606391,0.7815193264171413,0.7895433659635969
30,117,-0.5179905521989061,0.7793852917732317,0.7641960753358922
31,117,-0.42506552866523384,0.7934157011166953,0.71018372936284
32,117,-0.33508322602815865,0.8205852823297308,0.649846994263983
33,117,-0.24864772204744506,0.856006324264357,0.5798810294510524
34,117,-0.1661063379409343,0.894251053444194,0.49597450991850034
35,117,-0.0878051084886253,0.9295976406932605,0.43852929071949437
36,117,-0.01381583370706419,0.9571710245627371,0.38805188980411476
37,117,0.05597299768038636,0.973190290351568,0.3602469671887321
38,117,0.12186201091786453,0.9761271503203918,0.36066715833975865
39,117,0.18370974605775714,0.9661255146717851,0.379506116490329
40,117,0.24201842765632073,0.9453448212824007,0.4178507378005297
41,117,0.29682348439912287,0.9173230135367759,0.46943135471179975
42,117,0.3484038361397246,0.8865703610171518,0.5195353747130761
43,117,0.3967640606867711,0.8578504978523986,0.5740193564955486
44,117,0.4415409092174799,0.8354581081049445,0.6151716862939058
45,117,0.48252800862698675,0.8224174611305781,0.6328661620517019
46,117,0.5189794641565638,0.8203738948216225,0.630743920759057
47,117,0.5501883115323706,0.8295450606053628,0.6195822105469396
48,117,0.5754502818283168,0.8483278178458593,0.5948263702932161
49,117,0.5940373802142507,0.8743990580230863,0.5426351291240846
50,117,0.6048097627146044,0.9044399408350887,0.5010383222262349
51,117,0.6072424092131735,0.934813382421215,0.4503669469333928
52,117,0.6005502107314343,0.9619434470834497,0.40462002908747147
53,117,0.5842709720721966,0.9826341914993757,0.36554866335367325
54,117,0.557853412387659,0.9948506935919299,0.3409113749438384
55,117,0.5213816423399816,0.9970430944260268,0.31246919654902
56,117,0.47493517479750236,0.9882166984625692,0.30528645430812784
57,117,0.4191517843420378,0.9683555730613128,0.30775769832499694
58,117,0.35478309458551155,0.9377175980142952,0.31048516811666405
59,117,0.2830347528334331,0.8972006325752817,0.31654170732071824
60,117,0.20494165431358496,0.8479098330130631,0.3334858898064854
61,117,0.12239221730826129,0.7910181995659148,0.3513096096638617
62,117,0.03668704600110705,0.7279417325580732,0.36461685918824027
63,117,-0.05019571037783302,0.6601188625168779,0.3798541683982654
64,117,-0.1366554257078325,0.5886648035787823,0.39136977491356395
65,117,-0.22096191215798172,0.5149533383105711,0.4124476197016677
66,117,-0.3013908693249177,0.4402181747938783,0.42438883025202356
67,117,-0.3767540697655294,0.36550639335465834,0.44195715548374814
68,117,-0.4458524172106217,0.2915601453278372,0.4427183326970975
69,117,-0.5080287753218016,0.21893021378230884,0.4515340561359931
70,117,-0.5624796188345337,0.14784006874667222,0.4487600145170442
71,117,-0.6092347750920328,0.07824961440797809,0.45275737081513817
72,117,-0.6482424104113628,0.010174995220228949,0.4424983926085764
73,117,-0.6799724787678159,-0.056538597425185695,0.45068111716166487
74,117,-0.7048518778268767,-0.12156807278588139,0.45198776834892723
75,117,-0.7238065212320988,-0.1847225662029826,0.4608924842557935
76,117,-0.7376598777834057,-0.24509440471088148,0.4806838968979776
77,117,-0.7475028818625086,-0.3011376539822373,0.4867016777956751
78,117,-0.754234238181984,-0.35125860130034786,0.5056678158764326
79,117,-0.7586321452581775,-0.39354278267042103,0.528043400820853
80,117,-0.7615409110520752,-0.42627819995407895,0.5355755571140086
81,117,-0.7635552659775022,-0.44810520760606837,0.5349148272007441
82,117,-0.7650487283289272,-0.45793252877439605,0.5309200559841937
83,117,-0.7662152101796532,-0.45577814616308365,0.5112740583680006
84,117,-0.7669408545817227,-0.44225932329681766,0.47936153536349874
85,117,-0.7669285726567638,-0.4189253392122117,0.4431122326459149
86,117,-0.7658604525546392,-0.3882045857626497,0.3958446509364732
87,117,-0.7632025932614559,-0.35315902837068963,0.3415987001099531
88,117,-0.7583403986707334,-0.31757522233966906,0.2877247054480967
89,117,-0.7507262707253146,-0.28509334585312024,0.23720367961337524
90,117,-0.739744055284063,-0.25998601002214444,0.18789370244181325
91,117,-0.7249373224160941,-0.245746055590257,0.15400202754429482
92,117,-0.7061780950463168,-0.24531074398620029,0.13055743926977237
93,117,-0.6829595706567423,-0.2607996912531517,0.1308997790069119
94,117,-0.6555581549297465,-0.2931492679381371,0.13884259516575154
95,117,-0.6239782113509204,-0.3426145302180107,0.1683229560281645
96,117,-0.5886104756143109,-0.4082323036054318,0.21211484087816831
97,117,-0.5497650350337469,-0.48779376590324625,0.26024265713398065
98,117,-0.508074279611717,-0.5790804055425853,0.3167238001612417
99,117,-0.4641193804510572,-0.6789453875638217,0.37748251822571693
100,117,-0.4184919575452994,-0.7842830748720532,0.4403860924341812
101,117,-0.3718083597744154,-0.892255992620303,0.4912593508375334
102,117,-0.3244364698227547,-1.000184278763099,0.54204133569081
103,117,-0.27680551328941233,-1.105784851503564,0.5844544615773024
104,117,-0.2294581701580971,-1.2077469259554332,0.6084766165874218
105,117,-0.18256894162605708,-1.304714477769368,0.6295289494523019
106,117,-0.13612373957764506,-1.3962322569158654,0.6483955196136972
107,117,-0.09050598502700903,-1.482114603223976,0.6487963865415335
108,117,-0.04552408555356923,-1.5628224460971292,0.651624646998289
109,117,-0.0014439275921652062,-1.6384805558240307,0.6528452747838996
110,117,0.0417469484346433,-1.7099689769072228,0.648413541896171
111,117,0.08380949612651166,-1.7775242660632817,0.6469222291956361
112,117,0.1248179814687525,-1.8417631556123866,0.645132582357989
113,117,0.16450689229634347,-1.9027379103803106,0.6490821388677944
114,117,0.20255652809582295,-1.960249283488718,0.6558440063816992
115,117,0.23875447425286703,-2.0138894260382045,0.6664045159619087
116,117,0.27268343046735294,-2.0628567757696565,0.6816024710358412
117,117,0.3041142650792343,-2.1062549439095624,0.6966353026580234
118,117,0.33274865774397444,-2.1431266300673366,0.72471542626317
119,117,0.3582575705928901,-2.17239421072739,0.7534487426365326
120,117,0.3805509264748508,-2.193368772017579,0.7889451369223943
1,118,-1.1719199218259828,3.1679299537560013,0.04594173779696407
2,118,-1.1626599092393783,3.1313806315992054,0.11346133443489802
3,118,-1.1627967624968731,3.075339476912523,0.17810426224928985
4,118,-1.1718336741290172,3.002227750123711,0.2418426105354084
5,118,-1.188736230312831,2.9148439605396383,0.3060424134663165
6,118,-1.2123366413053465,2.817049088490193,0.374372690960351
7,118,-1.2411931569244352,2.712362321875942,0.4375549106570609
8,118,-1.273757392302663,2.6042788658523635,0.4928025325862907
9,118,-1.3083009624658721,2.496066224425042,0.5335983882019629
10,118,-1.343047092652398,2.3897978989148636,0.5612164314718765
11,118,-1.3760077573415201,2.286741783124512,0.5787638786667426
12,118,-1.4055269928796372,2.1877607981061686,0.592679624598543
13,118,-1.4296321244270138,2.092331197337172,0.5902638750694457
14,118,-1.4468553402062834,1.999772827769025,0.5757361139752984
15,118,-1.4557980970532902,1.9090040219012059,0.566817223580406
16,118,-1.4553753621824295,1.818566795008031,0.5496651941265313
17,118,-1.4445436855460487,1.7274778395593589,0.5364865800565755
18,118,-1.4228819033785722,1.6345440986327513,0.5320391159343467
19,118,-1.3900295363772635,1.539251127400187,0.5325285943018423
20,118,-1.3460493256189394,1.4420269282841227,0.5464847016796059
21,118,-1.2914362764266103,1.3433199701188092,0.568966537663255
22,118,-1.2269022112463472,1.2448526885588262,0.5960911291370549
23,118,-1.1536085416922208,1.1486751780881508,0.6313006338779057
24,118,-1.072566775629502,1.0576194604024862,0.671986661933131
25,118,-0.9854240013866512,0.9750164720512827,0.7139535095845985
26,118,-0.8933544464015314,0.9045171359182674,0.748287345488429
27,118,-0.7981236424695286,0.8489518745773776,0.7774519119380915
28,118,-0.701187423620745,0.8110910632172663,0.783219711216633
29,118,-0.6040360405267015,0.7923265563138762,0.7666099915191062
30,118,-0.5078711369704919,0.7925229331687199,0.7354302999205394
31,118,-0.41389181029200633,0.8094709298260391,0.6878948180823692
32,118,-0.3231258990555695,0.8399585039128814,0.6159396226610468
33,118,-0.23617840998604314,0.8788414112581034,0.5425523054161885
34,118,-0.15338286906118348,0.9204037937751024,0.4563706833338924
35,118,-0.07507330589592928,0.9586237411177814,0.3880169616159757
36,118,-0.0013024543649487273,0.9883768039144277,0.3409046108335946
37,118,0.06806866872263352,1.0056951929530853,0.3142621288351284
38,118,0.13337166247647952,1.0089761914067896,0.3162208919495035
39,118,0.1944876921202642,0.9983841754339133,0.3354800053206315
40,118,0.2519634345135552,0.9762026226057058,0.3774414454988078
41,118,0.30585909375826553,0.9461697204622478,0.43777962330781983
42,118,0.3564888797314908,0.9130501115575363,0.4993985797210612
43,118,0.40389040792367,0.8818697558573091,0.5550217680490903
44,118,0.44772193613813993,0.8571583706394262,0.597870582986252
45,118,0.4878034137483884,0.8421364776493094,0.6240591171596929
46,118,0.5234057633784327,0.8385783351720791,0.6288649077225515
47,118,0.5538340288977169,0.8467651654129211,0.6136666368868152
48,118,0.5783965203886431,0.8650985401135293,0.5843654361195573
49,118,0.5963729083124569,0.8912028412194456,0.5417722927477392
50,118,0.6066210422359055,0.9216764948764016,0.4926681335192179
51,118,0.6086250314988323,0.9527741772814147,0.4441679567947745
52,118,0.6015947905930666,0.9808047193454653,0.39592187987038974
53,118,0.5850656474672106,1.0024528647419093,0.3546330896290201
54,118,0.5584784971060951,1.015576548365613,0.32649040049254274
55,118,0.5219213742732502,1.0185296606185437,0.30597582915987265
56,118,0.47546457116248964,1.0102386833398953,0.292601123669175
57,118,0.41974608968539734,0.9906335171904562,0.29547835273336936
58,118,0.3555138452103477,0.959951370697812,0.29990764162393113
59,118,0.28397415768969386,0.919103709719298,0.30479350977695685
60,118,0.2061580980947326,0.8692409022969362,0.31894987869226243
61,118,0.12395555068965507,0.8115987138456224,0.33553586691967835
62,118,0.038660159286711744,0.7476861905296751,0.3507842924951388
63,118,-0.04775192614147352,0.6790393399128599,0.3713543897083894
64,118,-0.13368628218616857,0.6068496689196279,0.3913772776908519
65,118,-0.2174229831800011,0.5325700576457075,0.4136424868496398
66,118,-0.2972469574960383,0.4574647252545099,0.4161668233081137
67,118,-0.37198561145678183,0.3825909220070539,0.42136921571089275
68,118,-0.44045965306814533,0.3086610746094024,0.4301367676097788
69,118,-0.5020348621417248,0.23618324047222647,0.4356914768653816
70,118,-0.555926553969266,0.16530922273974907,0.4313633183511621
71,118,-0.6021987351706414,0.09593748592694487,0.42957236736539167
72,118,-0.6408194938822068,0.028031742809317663,0.42929259572928025
73,118,-0.6722897857366157,-0.038595654938605464,0.43472491915060313
74,118,-0.6970582615676836,-0.10361946035835463,0.4394132418676431
75,118,-0.716073775175211,-0.16682076416365998,0.4453474277979148
76,118,-0.7301799509719538,-0.22722316528025038,0.4608998633246106
77,118,-0.740485255507365,-0.28320564604096277,0.47390467777144013
78,118,-0.7478955189102942,-0.3330820700686245,0.49686759321758533
79,118,-0.753189679342621,-0.3748580647723111,0.5129427501063218
80,118,-0.7572126622955467,-0.40675391843649394,0.5173564218425543
81,118,-0.7605487605163171,-0.42738329157024574,0.516610589125875
82,118,-0.7635574401512617,-0.4356516141522669,0.5158710537979874
83,118,-0.7664128837609276,-0.4316275303775161,0.49858189448319623
84,118,-0.7689775735870455,-0.41600237867660506,0.4570462933090707
85,118,-0.770924609208232,-0.39043983324025583,0.41930618499582234
86,118,-0.7719051231871175,-0.35751000249228404,0.36723432890099567
87,118,-0.7713574318081627,-0.32044071793793466,0.31342577709485486
88,118,-0.7686340707522867,-0.28318282212251084,0.2556311256153288
89,118,-0.7631572323810499,-0.24954941551105925,0.19877119146740665
90,118,-0.7542847208857227,-0.22398895740326655,0.1493179868091332
91,118,-0.7415325188327406,-0.21013909074770074,0.11562575090180922
92,118,-0.7247537707459801,-0.21105467134192052,0.09132877782097229
93,118,-0.7034153702763901,-0.22891610635371382,0.08955758520955996
94,118,-0.6777800706068177,-0.26467199658254176,0.10377809006761124
95,118,-0.6478348353980735,-0.3185238821621227,0.13549223569301339
96,118,-0.6139619532593854,-0.3893773301355738,0.17697338698600712
97,118,-0.5764496718600657,-0.47483286687200754,0.23313013050196452
98,118,-0.5359262031517451,-0.5724297742550674,0.29635808697812155
99,118,-0.49295685721639776,-0.67875393024829,0.36557496205705164
100,118,-0.4481244407904039,-0.790427509428272,0.4323250854604418
101,118,-0.402033502933097,-0.9043710330798306,0.4922480652763342
102,118,-0.3550444893375372,-1.0177035587852552,0.5473424586958646
103,118,-0.30757563007347577,-1.1279958151655258,0.5909217811565944
104,118,-0.2601665014624257,-1.233865194852408,0.6280027073680622
105,118,-0.21299149290643762,-1.3339394421850952,0.6424732161000316
106,118,-0.16603265322618424,-1.427808705697192,0.654949086908794
107,118,-0.11969121934168094,-1.5153688325875765,0.6682385037812868
108,118,-0.07378200333863649,-1.5971827407282424,0.6671316848414649
109,118,-0.02859952399362379,-1.673485078571192,0.6640421054798631
110,118,0.01584213250173033,-1.745262504918327,0.6643178805898899
111,118,0.059264588039853586,-1.8128431371923928,0.6551766869281701
112,118,0.10170570514778855,-1.8769283043821403,0.6618136345355685
113,118,0.1428474350453575,-1.9376274442398214,0.6598870909453415
114,118,0.18232080239644363,-1.9947972534040217,0.6611848341638347
115,118,0.21986117851961046,-2.0480691799528254,0.6721963281805036
116,118,0.25500025804187876,-2.0966827954893854,0.6852313958823886
117,118,0.2874646522446169,-2.1397682409011978,0.6996706054259046
118,118,0.31691272229085976,-2.176406539998347,0.7244384586603579
119,118,0.34298028247154194,-2.205535049539086,0.753886909378953
120,118,0.36556084905884406,-2.226486970528546,0.7897112006427299
1,119,-1.1979126826831952,3.2055945936208348,-0.006803464518886883
2,119,-1.188647946616093,3.1679457650904816,0.056791860673475796
3,119,-1.1887728810515061,3.1098078543220895,0.12375480106967768
4,119,-1.1977840352772122,3.0337976737319194,0.19280233155533344
5,119,-1.2146352587040992,2.942970199200155,0.2651636606154666
6,119,-1.238146007457445,2.8414782993234784,0.3383764045563799
7,119,-1.266859878473533,2.7331325841331826,0.40202292135045586
8,119,-1.2992146216207776,2.6216870698029724,0.46304835849836484
9,119,-1.3334643209842758,2.510615412470952,0.5115266439844878
10,119,-1.367817298211527,2.402119365448134,0.5429228204263935
11,119,-1.4002700105716088,2.2975177176649173,0.561089062755716
12,119,-1.429157417662109,2.1976516578350966,0.5674650044755318
13,119,-1.4524946627713988,2.1019104575331644,0.5635906993401659
14,119,-1.468813476852695,2.0094917413271753,0.556333306970209
15,119,-1.476710014676735,1.9191628122093027,0.54179298285985
16,119,-1.475107499198803,1.829301593881524,0.5234531709645808
17,119,-1.4629673582493927,1.738792320586277,0.5091342545598887
18,119,-1.4398825865290499,1.6463187771758934,0.4986728464629012
19,119,-1.4055084052276112,1.5512871992467216,0.50254588521367
20,119,-1.359930541696542,1.454085223217112,0.5176804948087302
21,119,-1.3036669773029277,1.3551585105214525,0.5374416452428772
22,119,-1.2374567847090165,1.2562762631106077,0.5652644570776176
23,119,-1.1624925315016112,1.1595634852949135,0.6049649810518308
24,119,-1.0798108900782528,1.0679629034266462,0.6456754931546235
25,119,-0.9910925081489289,0.9849303675086777,0.6946738365751548
26,119,-0.8975345745292538,0.9142484277881247,0.7261947102542609
27,119,-0.8009336395833856,0.8588602642859052,0.7500535409953867
28,119,-0.7027638082342398,0.821631314979301,0.7579003952710464
29,119,-0.6045370309487109,0.8039934700015365,0.7525513565243613
30,119,-0.5074675719074937,0.8057989610527015,0.7090615832835158
31,119,-0.41276619088571675,0.8247592327432355,0.6534388670997439
32,119,-0.3214653448088322,0.8575269163990945,0.5837367542070993
33,119,-0.23417069651120695,0.8987742709801493,0.49970655697004407
34,119,-0.15120634988178852,0.9425803846505784,0.42792907994513635
35,119,-0.07289801148646197,0.9827109586473587,0.3536538095547015
36,119,0.0007148425528533606,1.0138656813267326,0.29921454591385493
37,119,0.06979034390940095,1.0319456922215091,0.26872359127155576
38,119,0.13468168558373605,1.0352967334440641,0.27076116528758604
39,119,0.19528625483214257,1.0240987270831425,0.29906282292241726
40,119,0.2521818957062866,1.0007239511004535,0.3422565641272114
41,119,0.30544679577962713,0.9690534360613382,0.40492848120812314
42,119,0.35542049399334463,0.9340328471241319,0.46680056609640314
43,119,0.402164572387338,0.9008754965375787,0.5318571311208681
44,119,0.44535360978648475,0.874279299164074,0.5758888439255533
45,119,0.4848273131685198,0.8576064444200577,0.6077940928916394
46,119,0.5198699883042862,0.8527258241856204,0.6145508909340662
47,119,0.5497968745017893,0.8599675680318094,0.6042486196265742
48,119,0.5739268912654104,0.8777411175930898,0.5756724071614592
49,119,0.5915469275071278,0.9036385183340269,0.5308276773140045
50,119,0.6015152052756058,0.934204512302255,0.4864791836214287
51,119,0.6033237052749416,0.9656219439673822,0.4370549565668502
52,119,0.5961804556790665,0.994122897218748,0.38877669000134396
53,119,0.5796201720822117,1.016311921185638,0.35025079914579843
54,119,0.5530791585460277,1.029975297600947,0.3173588275206553
55,119,0.5166482713691265,1.0334023094936116,0.2998306511507283
56,119,0.47039110255370264,1.0254666393047704,0.2866203379088065
57,119,0.4149447136759306,1.0060623606158678,0.2852479899686805
58,119,0.35105276776752736,0.9754137851499564,0.28814782452914545
59,119,0.2799195285454065,0.9344424913627395,0.2987537543325674
60,119,0.20257034155537118,0.8843305536660481,0.3108498204761124
61,119,0.12089221592342196,0.8263560418896867,0.3324262994225358
62,119,0.03616959469782003,0.7620908910985733,0.3480747865294654
63,119,-0.04962773559485713,0.6931354353354342,0.36441981611705315
64,119,-0.13491493561268048,0.6207295863420901,0.3808259337441951
65,119,-0.21798471363800406,0.546375186994479,0.3976230692850573
66,119,-0.2971340362845475,0.4713507877557194,0.4093720714296476
67,119,-0.3712065852028733,0.39671326732123063,0.4109982966337042
68,119,-0.4390418391503883,0.3231471587689256,0.41602593203681076
69,119,-0.5000261270432803,0.2511240490092029,0.41114137118093474
70,119,-0.5533917723840782,0.1807399544508516,0.4132763570644598
71,119,-0.5992294938429935,0.1118461282142404,0.404279643283999
72,119,-0.637523388646974,0.04436669014183516,0.407998869327956
73,119,-0.668796986771859,-0.02191044464962609,0.3994778995839859
74,119,-0.6935141204126795,-0.08665915294493334,0.4119836731983245
75,119,-0.7126385022082787,-0.14964102634669912,0.42062212938129195
76,119,-0.7270257318909399,-0.20983136205055883,0.43657117233771503
77,119,-0.7377933967337466,-0.2655568567963091,0.4566077244169982
78,119,-0.7458485967859114,-0.3150673951259086,0.46572164827292334
79,119,-0.7519663437703729,-0.3563137634521792,0.4878399501276871
80,119,-0.7569870206823904,-0.38747041821768774,0.4947319090557589
81,119,-0.7614825372301053,-0.407133937605617,0.4955724221627637
82,119,-0.7657973010962195,-0.4142089301125364,0.4818351512734264
83,119,-0.7700865785817333,-0.4088001141952512,0.4609594367612112
84,119,-0.7741913547238425,-0.39165034619929634,0.43741097844873317
85,119,-0.7777595072167517,-0.3645016378010034,0.37920726681032096
86,119,-0.7804165062421359,-0.33002061705166225,0.3358019011634447
87,119,-0.7815777685879891,-0.29154694880253734,0.27090026070956497
88,119,-0.7805701531923634,-0.25314130649283106,0.2179281318228709
89,119,-0.7767925509396509,-0.21873285296305442,0.14963637944414382
90,119,-0.7695831054232194,-0.19288782637398896,0.10497120272500476
91,119,-0.7584376298437656,-0.17934100276726794,0.07080299220126836
92,119,-0.7431957333426532,-0.18122696279811984,0.04541888262196762
93,119,-0.7233062440202742,-0.20076704274778087,0.045919830394621504
94,119,-0.6990229683777883,-0.2389190419653305,0.05963042022502528
95,119,-0.6703217692738396,-0.29584886856265474,0.10056165845137832
96,119,-0.6375802996094304,-0.37037314503372065,0.1414026457387931
97,119,-0.6010732539241671,-0.45996250245295744,0.19826319232258502
98,119,-0.5614275036509083,-0.5619900496829398,0.27616536500987066
99,119,-0.5191991343996022,-0.6728572056926131,0.33679659598677725
100,119,-0.4749665699012601,-0.7889974789139703,0.41446201928642656
101,119,-0.4293279644245247,-0.9071625307267603,0.47485337899264346
102,119,-0.3826402350558064,-1.0243295246554691,0.5326401926335338
103,119,-0.335315518082412,-1.1379650313849925,0.5774557687886289
104,119,-0.2878925201860067,-1.2466332714052857,0.6141782265724078
105,119,-0.24054671108544776,-1.3489473025720373,0.636418190819162
106,119,-0.19325848028150283,-1.4445257586201161,0.6547041225484942
107,119,-0.14644197985577656,-1.533318685356115,0.6623315287240487
108,119,-0.09991705297150658,-1.615957670506076,0.664237678108013
109,119,-0.05399817610080786,-1.692753049097583,0.662924771902574
110,119,-0.008717833259201335,-1.7647649743079703,0.6564602160213535
111,119,0.035618601982707436,-1.8323859816368835,0.6537729017168055
112,119,0.07902404299314993,-1.8963772963032437,0.6477196411661412
113,119,0.12114468971566124,-1.956889947067094,0.6514757816567323
114,119,0.16157806674967304,-2.013821931787069,0.6615862022853088
115,119,0.20002404853468536,-2.066834512826901,0.6613786257180437
116,119,0.2359797630072181,-2.115198607336279,0.6742474032649746
117,119,0.2691417988285135,-2.1580654895536746,0.6907597060623849
118,119,0.29913916320833983,-2.194545574024119,0.7172332422152693
119,119,0.3255838553253287,-2.2235885050250563,0.7445203519703575
120,119,0.34835823002711164,-2.2445445248553155,0.7829144955405885
1,120,-1.2214425184116493,3.2316351258586855,-0.05449500178388862
2,120,-1.2121752702957787,3.1934170965429534,0.00581583625576775
3,120,-1.2122939448781767,3.1341939491212347,0.07948216960120769
4,120,-1.2212917128279228,3.056684103660241,0.14800545372161847
5,120,-1.2381164884810325,2.9640756648203332,0.22643083936499372
6,120,-1.261581277322445,2.860673001122008,0.2920795908321759
7,120,-1.2902222423550322,2.7504379767820333,0.3716633833207182
8,120,-1.3224701442350337,2.6372587265354572,0.42795214538951276
9,120,-1.3565701800163663,2.524715507042156,0.47907355265775414
10,120,-1.3907231188618179,2.4150761517415273,0.5099860634554819
11,120,-1.422917573301125,2.309685150591171,0.5308560020241556
12,120,-1.4514839050885013,2.2093715662145406,0.5408228357553713
13,120,-1.474431114875359,2.113478596302392,0.5404257704501876
14,120,-1.4902906878458784,2.021139415936324,0.5180025764076494
15,120,-1.4976561012566085,1.9310420282179022,0.5009858358469879
16,120,-1.4954547872745234,1.841478598668443,0.4838356895530048
17,120,-1.4826506620211795,1.7512640220240057,0.4687050099156884
18,120,-1.4588439123194294,1.659018078721847,0.46267827435545866
19,120,-1.4236977388470786,1.5641058961925518,0.46123338614444187
20,120,-1.3773095428480107,1.4668945141790806,0.47195180664737685
21,120,-1.3202089784881312,1.3678286326110318,0.497558655114911
22,120,-1.2531489181035447,1.2687021728886503,0.5273236923989327
23,120,-1.1773377644152614,1.1716792990113294,0.5679860512142746
24,120,-1.0938249563848048,1.0797600876319358,0.6079399796922353
25,120,-1.0043081556863769,0.9964647359055192,0.6582822018025947
26,120,-0.909996194746156,0.9256430184367269,0.6902369634588547
27,120,-0.8127013251126828,0.8702951462028486,0.7178376473158476
28,120,-0.7139069014042014,0.8333338457287742,0.7275171563476771
29,120,-0.6151358028478611,0.8162096254111951,0.7092473197868041
30,120,-0.517608641633572,0.8187659181827441,0.6751143175379036
31,120,-0.4225419572638682,0.8386709170968718,0.6155996054149424
32,120,-0.33097040546372775,0.8725051329342421,0.5455375770557936
33,120,-0.24349978835465763,0.9148441683020594,0.46514282282225544
34,120,-0.16044916465062886,0.959659689412434,0.37880893463915094
35,120,-0.0821396874674172,1.0006066978933974,0.3104398321177843
36,120,-0.008603674035018886,1.0322935630462124,0.2573350932209475
37,120,0.06032725275051677,1.0505538141440633,0.22470239445241563
38,120,0.12501786984607233,1.053707081660253,0.22812965527553822
39,120,0.185374626453731,1.0419423192797816,0.26128522717893854
40,120,0.2419921139952453,1.017679177505928,0.30832061109370157
41,120,0.29495877617566385,0.9848744779899449,0.372659511361055
42,120,0.3446283065272696,0.9485698420999404,0.4391842479103347
43,120,0.39107594176415716,0.9140784066447631,0.5086114875196097
44,120,0.4339862567841689,0.8861884083550107,0.55847612895521
45,120,0.4732108623337055,0.8683392700699676,0.5849023460096718
46,120,0.5080429068645768,0.8624532522098705,0.6019896165527058
47,120,0.5378049835106962,0.868890620032509,0.596704010923242
48,120,0.5618236558062737,0.886070114809829,0.5597504082649831
49,120,0.5793917394637149,0.9115725462813262,0.5288690054851134
50,120,0.5893698950578634,0.9419204710704856,0.4824841509977387
51,120,0.5912561319171866,0.973265155163463,0.4293078816449593
52,120,0.5842593636455128,1.001804467353186,0.3843173412301069
53,120,0.5679153916293713,1.0241065548625095,0.3440159795921823
54,120,0.5416591526432918,1.0379253951726053,0.3088085957430084
55,120,0.5055832264368606,1.041520958771957,0.28935987422171067
56,120,0.4597474020665641,1.0337429987409135,0.2803532189510343
57,120,0.4047869743422703,1.0144697070692241,0.2720596891504936
58,120,0.3414412728319236,0.9839203998647339,0.2784467768136935
59,120,0.27091032461696357,0.9430224923430841,0.2939815191740542
60,120,0.19421241165357317,0.8929741052269018,0.29780687296659036
61,120,0.11322793543367159,0.8350735407862654,0.3205259642482385
62,120,0.029230581939033676,0.7709227210647158,0.33224906327765547
63,120,-0.055819963468728695,0.7021515342663733,0.35755462917861425
64,120,-0.14035124031630009,0.6300204124510191,0.36501950178824427
65,120,-0.22267034306408232,0.556051055999329,0.37981095127096315
66,120,-0.3010885469158541,0.4815234572720631,0.38790487392281825
67,120,-0.3744659171090582,0.4074878855218422,0.3929249911832587
68,120,-0.4416592550366754,0.33460792547389934,0.3884593260926844
69,120,-0.5020725294129137,0.26332973570627993,0.3927975439440636
70,120,-0.5549530134377082,0.19371410056717445,0.38346377960632283
71,120,-0.6004101753128722,0.12558182110752536,0.3751463607468974
72,120,-0.6384401040493038,0.05883091925343944,0.3693246935224421
73,120,-0.669580177399547,-0.006768453822707072,0.3724348831490857
74,120,-0.6943027411420329,-0.0708944348389636,0.3801045545909258
75,120,-0.7135782309808353,-0.13330283151905284,0.37939209767549303
76,120,-0.7282659282041443,-0.19294782600855487,0.3956867605145313
77,120,-0.7394841921399079,-0.2481326500259888,0.4109419720496607
78,120,-0.7481355599266873,-0.29707736138384244,0.4241512445977993
79,120,-0.7549867474554434,-0.3377071867157261,0.4437825217126126
80,120,-0.7608686061980496,-0.3681753082275809,0.4444001972807837
81,120,-0.7663389727351526,-0.3870713404687615,0.4467255668452948
82,120,-0.7717265020175571,-0.39330079376805116,0.43550473547720125
83,120,-0.7771686800039286,-0.3869875384421471,0.4156658925897578
84,120,-0.7824876290502102,-0.36890085802462674,0.3750890102144009
85,120,-0.7873109495165318,-0.3408221293451944,0.3342279830096925
86,120,-0.7912442544258627,-0.30546605755228995,0.2725826382701202
87,120,-0.7936853171799723,-0.2662274192486279,0.21758892992355705
88,120,-0.7939428936288043,-0.22722036320894087,0.1534745802830506
89,120,-0.7913999071928141,-0.1924304874590445,0.09487104047250874
90,120,-0.7853814511198934,-0.16648097804186482,0.05322369385261135
91,120,-0.7753709697894436,-0.15315308170209652,0.009885944476913698
92,120,-0.7612000223760427,-0.15561921170521614,-0.006899991196728374
93,120,-0.7423079116969624,-0.17611881560669104,-0.016066677280376463
94,120,-0.7189442720729593,-0.2156121420367285,0.00846182003509169
95,120,-0.6910803348685132,-0.2742448500260423,0.04203490691913705
96,120,-0.6590928484243493,-0.35078635316787243,0.08682302988680984
97,120,-0.6232514788402205,-0.44263929916679123,0.15262872708406153
98,120,-0.5841844804567962,-0.547090258065974,0.22471086105396026
99,120,-0.542445460221186,-0.6604446999521294,0.3028180690318315
100,120,-0.49861286572641406,-0.7790379569726181,0.3712769754927168
101,120,-0.45328385518227987,-0.899533530520736,0.43933096289930723
102,120,-0.40681566988240925,-1.0188339505948165,0.49792129277880454
103,120,-0.35961933482939895,-1.1343505673791732,0.5475144042712005
104,120,-0.3122349121535348,-1.2446183991517747,0.5838339341073308
105,120,-0.2648400310395349,-1.3482411125872609,0.6111557087704707
106,120,-0.21741566172409,-1.4448502616943553,0.6228971576190554
107,120,-0.17038370703576491,-1.5344222441967168,0.6287766468275501
108,120,-0.12356759108073306,-1.61762253309347,0.6306176091517762
109,120,-0.07729273744987346,-1.6947994803915096,0.6306725509959892
110,120,-0.031601658675172645,-1.7670502141285909,0.6239186512140212
111,120,0.013186060005703376,-1.8348001210120553,0.6142563278098919
112,120,0.05707023439786727,-1.8988411734855386,0.6186649076148314
113,120,0.09967862743695619,-1.9593461598140678,0.6206988991752569
114,120,0.14059156730505704,-2.016235013872224,0.628615984281728
115,120,0.17949072012052988,-2.0691852565198054,0.6291985983140038
116,120,0.21585560398523995,-2.117485072853151,0.6532398475231
117,120,0.24936748075611162,-2.160297895461642,0.6631778142569384
118,120,0.2796404239319674,-2.196750602363253,0.6918956077360621
119,120,0.3062743290543259,-2.225800317972981,0.7203522583561357
120,120,0.32914583567616396,-2.2468070725584286,0.7562239799097381
